,0,1
0,-1.208178,-0.934589
1,-1.2095300026761782,-0.9349524401788563
2,-1.2122340080285345,-0.9356793205365688
3,-1.216290016057069,-0.9367696410731372
4,-1.2216980267617774,-0.9382234017885782
5,-1.2284580401427794,-0.9400406026824464
6,-1.2365700561977173,-0.9422212437635118
7,-1.246034074963959,-0.944765324892766
8,-1.2568500959430575,-0.9476728479244376
9,-1.269018124876014,-0.9509437915019212
10,-1.2825381036736003,-0.9545783717179364
11,-1.2974105553300992,-0.9585746430227408
12,-1.313631247601868,-0.9629483491838184
13,-1.3312312120579126,-0.9675840390400116
14,-1.3500028036088036,-0.9732535485382354
15,-1.3711801541796191,-0.9753436398424554
16,-1.3903381666560652,-0.9900120888064017
17,-1.4139848460381923,-0.9936801286396416
18,-1.437288835106601,-1.0090996288389311
19,-1.464842636722203,-1.0134003220943297
20,-1.491469391532725,-1.0287162239721384
21,-1.5223534117880488,-1.0329175357089029
22,-1.5522059081750368,-1.048332869075058
23,-1.5863094260240085,-1.052641214457431
24,-1.619289640991472,-1.0683414729308467
25,-1.6565113812258023,-1.0729493991353882
26,-1.6925313755937341,-1.0890829314214927
27,-1.732781378774413,-1.0941505153439286
28,-1.7717680249760424,-1.1108187879378424
29,-1.814968663779089,-1.1164687931319217
30,-1.856864478039325,-1.1337258591131887
31,-1.902949647875068,-1.1400494531255363
32,-1.9477114382629344,-1.1579088295121154
33,-1.9966243291387493,-1.1649770447327605
34,-2.044221191125678,-1.183421345534594
35,-2.0959117673258354,-1.1912972085669191
36,-2.1463234760193024,-1.2102864032438365
37,-2.2007077626324296,-1.2190741013288953
38,-2.2538535474971253,-1.238420106569521
39,-2.3108556167273258,-1.2480556005289867
40,-2.3667282483375005,-1.2677864299084205
41,-2.4263148854256045,-1.2784004966065274
42,-2.484931951227878,-1.2984609378788676
43,-2.5470808326942938,-1.3101592529208326
44,-2.6084715671160628,-1.3304644094500349
45,-2.6731637794792737,-1.3433538993136958
46,-2.73736320576015,-1.3638090156178506
47,-2.804582473486249,-1.3779958350552284
48,-2.8716255097603915,-1.3985133436663395
49,-2.9413610976022126,-1.414084126028766
50,-3.011273540355144,-1.4346104059987659
51,-3.083526382865618,-1.4515995634758307
52,-3.156313721796427,-1.4721499708780712
53,-3.2311032004124516,-1.4905066216169853
54,-3.3067440552611433,-1.5111866480740876
55,-3.3841083957746654,-1.5307726441631584
56,-3.46256801150705,-1.5517236724708277
57,-3.5425645345491517,-1.5723164919449777
58,-3.623796579571099,-1.5937272104327123
59,-3.7064566027214627,-1.615205259156252
60,-3.790425074653269,-1.6372167268883033
61,-3.8757721378897094,-1.6594881874399117
62,-3.9624579736946752,-1.6821748055169712
63,-4.0505038720971696,-1.7051936283514322
64,-4.139898732392714,-1.7285878815255926
65,-4.230647872366706,-1.75233685082997
66,-4.322748678154393,-1.7764507019440297
67,-4.416202191360501,-1.8009253728509111
68,-4.511007848939509,-1.8257630449167748
69,-4.607165756809789,-1.8509632970949308
70,-4.704675754155863,-1.8765267452658396
71,-4.803537779257149,-1.9024536197780888
72,-4.903756154264965,-1.9287275243472162
73,-5.005329843285789,-1.955352328241738
74,-5.108257215764967,-1.9823342688113728
75,-5.2125377006639635,-2.009675513191356
76,-5.318170869085218,-2.037377695200743
77,-5.425156480712068,-2.0654417275609367
78,-5.533494364599789,-2.093868259133995
79,-5.643184394046659,-2.122657769976898
80,-5.754226464160576,-2.1518106569663167
81,-5.866620481946037,-2.1813272715145007
82,-5.980366360506527,-2.2112079416469195
83,-6.095464015972618,-2.24145298368955
84,-6.211913365796838,-2.2720627087530936
85,-6.329714327811061,-2.303037426314114
86,-6.448866819699482,-2.334377446214504
87,-6.569370758702256,-2.3660830797833414
88,-6.691229177160228,-2.398142854728192
89,-6.814441452968878,-2.4305590977267926
90,-6.939006733738786,-2.4633350466617077
91,-7.0649245109069785,-2.4964726304275913
92,-7.1921944483109,-2.5299731230223577
93,-7.320816314359506,-2.5638374011727945
94,-7.450789940069548,-2.598066103764532
95,-7.582115194110828,-2.6326597266212235
96,-7.714791967827054,-2.6676186793798875
97,-7.84882016619126,-2.702943319822567
98,-7.984199702312195,-2.7386339747222888
99,-8.120930494078257,-2.774690952573204
100,-8.259012462095663,-2.8111145514079796
101,-8.398445528414717,-2.8479050636244656
102,-8.539229615738604,-2.8850627789816565
103,-8.68136464692922,-2.922587986469033
104,-8.824850544696764,-2.960480975479005
105,-8.969687231403615,-2.9987420365461226
106,-9.11587462893959,-3.037371461815701
107,-9.263412658641997,-3.0763695453426902
108,-9.412301241243904,-3.1157365832836246
109,-9.562540296840254,-3.155472874020997
110,-9.714129744865259,-3.195578718244812
111,-9.867069504076984,-3.2360544190069747
112,-10.021359492546452,-3.276900281758462
113,-10.17699962764963,-3.318116614375619
114,-10.333989826061185,-3.3597037271796686
115,-10.492330003749332,-3.401661932952049
116,-10.65202007597133,-3.4439915469473035
117,-10.81305995726931,-3.486692886904624
118,-10.975449561466242,-3.5297662730588
119,-11.139191571090091,-3.5732016357029517
120,-11.304285562761473,-3.617000550217018
121,-11.470731063072533,-3.6611647933286755
122,-11.638527690187109,-3.7056957993300714
123,-11.807675151849258,-3.7505946654915885
124,-11.97817322300101,-3.7958622359703824
125,-12.150021725897806,-3.8414991766448416
126,-12.323220515485161,-3.887506030188036
127,-12.49776946915004,-3.933883254666394
128,-12.67366847963337,-3.9806312502277725
129,-12.850917450141539,-4.02775037750424
130,-13.029516290971355,-4.0752409703133186
131,-13.209464917174662,-4.12310334444352
132,-13.390763246937851,-4.171337803747974
133,-13.573411200453915,-4.2199446443838164
134,-13.757408699134645,-4.26892415777139
135,-13.942755665058273,-4.318276632667522
136,-14.129452020580448,-4.368002356624328
137,-14.317497688058767,-4.418101617020913
138,-14.5068925896564,-4.468574701797637
139,-14.697636647200897,-4.51942189998292
140,-14.889729782081519,-4.570643502075146
141,-15.083171915173514,-4.622239800323339
142,-15.277962966781189,-4.674211088937106
143,-15.474102856594094,-4.726557664247264
144,-15.671591503652321,-4.7792798248321855
145,-15.870428826318072,-4.832377871620485
146,-16.070617208922073,-4.885842910121173
147,-16.272156340902228,-4.939676090746634
148,-16.47504592418278,-4.993878522646397
149,-16.67928570457652,-5.048451152679952
150,-16.88487547245637,-5.103394761648612
151,-17.091815055192413,-5.158709992138608
152,-17.30010430870099,-5.214397379973483
153,-17.509743110207157,-5.270457381229233
154,-17.720731352571956,-5.3268903934312
155,-17.93306894000919,-5.383696771564792
156,-18.146755784905622,-5.44087683996208
157,-18.36179180547804,-5.49843090105893
158,-18.578176924051757,-5.556359241827806
159,-18.795911065796037,-5.614662138501627
160,-19.0149941577939,-5.673339860047011
161,-19.2354261283562,-5.732392670724101
162,-19.45720690651403,-5.791820831979666
163,-19.68033642164132,-5.85162460385353
164,-19.904814603172447,-5.9118042460297335
165,-20.130641380389278,-5.972360018628307
166,-20.35781668225884,-6.03329218280774
167,-20.586340437307932,-6.094601001229424
168,-20.816214647268396,-6.156279036131367
169,-21.047439084990806,-6.218327126916027
170,-21.280013557653778,-6.280745987577703
171,-21.51393790404272,-6.343536215496474
172,-21.7492119890324,-6.406698311382419
173,-21.985835697966934,-6.470232699925785
174,-22.22380893181896,-6.534139747692223
175,-22.463131603298393,-6.598419777549393
176,-22.703803633827384,-6.663073079899204
177,-22.9458249512287,-6.728099921268289
178,-23.189195487974498,-6.793500550818488
179,-23.433915179864854,-6.859275205260311
180,-23.67998396503165,-6.9254241125566
181,-23.92740178318694,-6.991947494716471
182,-24.176168575054454,-7.05884556990799
183,-24.42628428193781,-7.126118554061839
184,-24.67774884539079,-7.193766662095247
185,-24.930562206963632,-7.261790108852963
186,-25.184724308005848,-7.330189109837699
187,-25.44023508951108,-7.398963881784253
188,-25.69709619401638,-7.468108337200085
189,-25.955307457164455,-7.537623082787331
190,-26.214868755063648,-7.607508576106378
191,-26.47577999057458,-7.677765175973725
192,-26.73804108442693,-7.748393175171828
193,-27.001651969394107,-7.8193928219293545
194,-27.266612586422088,-7.89076433421127
195,-27.53292288202056,-7.9625079093573925
196,-27.800582806479326,-8.03462373067648
197,-28.069592312631098,-8.107111972022603
198,-28.33995135498079,-8.179972801016996
199,-28.611659889083853,-8.253206381348923
200,-28.88471787109587,-8.326812874442682
201,-29.159125257441303,-8.4007924406835
202,-29.434882004565935,-8.475145240333424
203,-29.711988068748546,-8.549871434227644
204,-29.990443405954807,-8.62497118431437
205,-30.270247971721293,-8.700444654082942
206,-30.551403058632825,-8.77628705963217
207,-30.8339085526215,-8.852498822040937
208,-31.117764377879542,-8.92908022107215
209,-31.40297048148222,-9.006031451964985
210,-31.68952682395278,-9.083352660287206
211,-31.97743337349913,-9.16104396322502
212,-32.26669010251691,-9.239105462500032
213,-32.557296985487866,-9.317537252130743
214,-32.84925399773372,-9.396339423033485
215,-33.14256111469096,-9.475512065698698
216,-33.43721831149983,-9.555055271706737
217,-33.73322556277997,-9.634969134554147
218,-34.030582842514725,-9.7152537500791
219,-34.32929012399639,-9.795909216661633
220,-34.62934737980389,-9.876935635304404
221,-34.93075458179594,-9.958333109656595
222,-35.23351170110972,-10.040101746017275
223,-35.53761972214882,-10.122237903184173
224,-35.84307857111484,-10.204741853771102
225,-36.149888206684636,-10.287613750345496
226,-36.45804860648265,-10.37085367544185
227,-36.76755975862704,-10.454461672816771
228,-37.07842165653376,-10.538437766658163
229,-37.39063429579732,-10.622781973115732
230,-37.70419767238188,-10.707494306985962
231,-38.01911178162806,-10.79257478538164
232,-38.33537661775743,-10.878023429561082
233,-38.652992173672395,-10.963840265665498
234,-38.971958440924,-11.05002532483589
235,-39.292275409768564,-11.136578643001853
236,-39.6139430692651,-11.22350026051979
237,-39.93696140738529,-11.310790221765007
238,-40.26133111328497,-11.398445977443814
239,-40.58705214705013,-11.486467675167638
240,-40.914124492860246,-11.574855373428967
241,-41.2425481489816,-11.663609078614748
242,-41.572323121343054,-11.752728768769751
243,-41.9034494195018,-11.842214408519713
244,-42.2359270541878,-11.9320659581547
245,-42.569756035877745,-12.022283378904271
246,-42.904936374028935,-12.112866635771331
247,-43.24146807672642,-12.203815698837136
248,-43.57935115058051,-12.295130543640251
249,-43.918585600768346,-12.386811151022417
250,-44.25917143115158,-12.47885750669303
251,-44.60110864442756,-12.571269600669519
252,-44.94439724228847,-12.6640474266886
253,-45.28903767983969,-12.7571893005005
254,-45.635029942464726,-12.850695276231683
255,-45.982374032041214,-12.944565346957647
256,-46.33106996026604,-13.038799469403292
257,-46.68111774424355,-13.133397580270154
258,-47.03251740364127,-13.228359606763446
259,-47.385268958919326,-13.323685473146176
260,-47.739372430284945,-13.41937510460979
261,-48.09482783712802,-13.51542842936436
262,-48.451635197768425,-13.611845379574966
263,-48.80979452939878,-13.708625891574291
264,-49.169305848144155,-13.805769905642386
265,-49.5301691691864,-13.903277365547039
266,-49.89238474131745,-14.001147349927582
267,-50.25595257066697,-14.099379836067856
268,-50.62087267209128,-14.197974768923913
269,-50.98714506572039,-14.29693207390831
270,-51.35476977463864,-14.39625166547837
271,-51.72374682337171,-14.495933452739326
272,-52.09407623694023,-14.595977342949928
273,-52.465758040305495,-14.696383243576046
274,-52.838792258081654,-14.797151063357518
275,-53.213178914424724,-14.89828071272014
276,-53.588918033035185,-14.999772103766606
277,-53.966009637230485,-15.101625150008614
278,-54.34445375005751,-15.203839765950558
279,-54.724250462235986,-15.306415615282955
280,-55.10539979299387,-15.409352626641228
281,-55.48790176438146,-15.512650718190383
282,-55.87175640027899,-15.616309801301263
283,-56.25696372573421,-15.720329783004736
284,-56.64352376653968,-15.824710567557974
285,-57.031436548981944,-15.929452057373892
286,-57.42070209971216,-16.03455415350054
287,-57.811320445701114,-16.140016755787833
288,-58.203291614251604,-16.245839762841438
289,-58.59661563304901,-16.352023071835145
290,-58.99129253023649,-16.45856657823174
291,-59.38732233450563,-16.565470175446446
292,-59.78470501335737,-16.672733983844576
293,-60.18344059500888,-16.78035789858081
294,-60.58352910577904,-16.888341821838505
295,-60.98497057098922,-16.996685659490026
296,-61.38776501563568,-17.105389318603365
297,-61.79191246488722,-17.21445270559622
298,-62.197412944451074,-17.32387572487822
299,-62.60426648084119,-17.433658277854963
300,-63.01247310157568,-17.543800262194416
301,-63.42203283532437,-17.654301571278225
302,-63.8329457120227,-17.765162093777874
303,-64.24521176296429,-17.876381713309524
304,-64.65883086457922,-17.98796088830014
305,-65.07380304974072,-18.099899496495933
306,-65.49012834594325,-18.212197435593506
307,-65.90780677753885,-18.32485461494406
308,-66.32683836739218,-18.43787094941257
309,-66.74722313808499,-18.551246354907732
310,-67.1689611127763,-18.66498074518842
311,-67.59205231580403,-18.779074029629346
312,-68.01649677309598,-18.89352611169329
313,-68.44229451244419,-19.008336887910833
314,-68.86944556368411,-19.123506247212465
315,-69.29794974582865,-19.239034861519038
316,-69.72780709164786,-19.354922608872545
317,-70.15901762654234,-19.47116939467086
318,-70.59158137154381,-19.587775140530578
319,-71.02549834555305,-19.704739775978958
320,-71.46076856697735,-19.822063232373548
321,-71.89739205490235,-19.9397454385496
322,-72.33536882990886,-20.05778631778493
323,-72.7746989146242,-20.176185785749624
324,-73.21538233408019,-20.294943749174053
325,-73.65741911593433,-20.41406010502417
326,-74.10080904305939,-20.53353565986765
327,-74.54555214670556,-20.653370297344278
328,-74.99164844954853,-20.77356393294244
329,-75.43909796910712,-20.894116501307206
330,-75.8879007203242,-21.0150279466542
331,-76.33805671747729,-21.136298215671605
332,-76.78956597556066,-21.25792725238429
333,-77.24242851125781,-21.379914994538762
334,-77.69664434360273,-21.5022613711437
335,-78.1522134944103,-21.62496630086772
336,-78.60913598854083,-21.74802969105347
337,-79.06741158801307,-21.871452426169075
338,-79.52704032139535,-21.99523439980541
339,-79.98802220805432,-22.119375539748063
340,-80.45035726174854,-22.243875794626568
341,-80.91404549337821,-22.36873512369633
342,-81.37908691304756,-22.493953489173727
343,-81.84548153157606,-22.61953085061826
344,-82.31322936157555,-22.745467160927205
345,-82.7823304181922,-22.871762363575417
346,-83.25278471959577,-22.998416390794016
347,-83.72459202976923,-23.125430120037343
348,-84.19775237061867,-23.252803469679655
349,-84.67226575534515,-23.380536390457284
350,-85.14813219189465,-23.508628852646044
351,-85.62535168561416,-23.63708083618814
352,-86.10392424125378,-23.76589232324903
353,-86.58384986443893,-23.895063292742574
354,-87.06512856272153,-24.024593716421926
355,-87.54776034630247,-24.154483556190826
356,-88.03174522850446,-24.284732762343573
357,-88.51708322606032,-24.41534127249041
358,-89.00377410350951,-24.54630996228293
359,-89.49181788087387,-24.677638757131756
360,-89.98121456944631,-24.809327614906902
361,-90.4719641750788,-24.941376513713877
362,-90.96406670075869,-25.073785442314236
363,-91.45752214858703,-25.20655439276913
364,-91.95233052126281,-25.33968335491885
365,-92.4484918231669,-25.47317231235089
366,-92.94600606112783,-25.607021239550647
367,-93.44487302634298,-25.74123091312003
368,-93.94509272840894,-25.875801297277608
369,-94.44666516969562,-26.010732383121127
370,-94.94959034823852,-26.1460241778722
371,-95.45386825999674,-26.28167669647864
372,-95.95949890057678,-26.417689955203738
373,-96.46648226651378,-26.554063966860156
374,-96.97481835619364,-26.690798737379758
375,-97.48450717048921,-26.827894263446264
376,-97.99554871317459,-26.965350530953327
377,-98.50794279788475,-27.103168233113486
378,-99.02168943131694,-27.241347344967387
379,-99.53678861391217,-27.379887864826717
380,-100.05324034225285,-27.518789805357134
381,-100.57104461095965,-27.658053186523528
382,-101.09020141415927,-27.797678030130378
383,-101.61071074659178,-27.937664355703095
384,-102.13257260442037,-28.078012177475486
385,-102.65578698580094,-28.2187215022709
386,-103.18035373595517,-28.359792905808707
387,-103.7062728551688,-28.501226387002696
388,-104.23354433870007,-28.643021963467756
389,-104.76216817874389,-28.78517966421422
390,-105.29214436598576,-28.927699523868412
391,-105.82347289080194,-29.070581578208323
392,-106.35615374416072,-29.213825860811262
393,-106.89018691827567,-29.357432400624173
394,-107.42557240705712,-29.501401220283846
395,-107.9623100872034,-29.64573277840505
396,-108.50039995462558,-29.790427090189098
397,-109.03984200148118,-29.93548418479845
398,-109.58063621763915,-30.080904099908153
399,-110.12278259183924,-30.226686877393846
400,-110.66628111258598,-30.372832560006255
401,-111.21113176881697,-30.51934118888594
402,-111.7573345503822,-30.666212801780407
403,-112.30488944836863,-30.813447431836835
404,-112.85379637022093,-30.96104542327875
405,-113.4040553086662,-31.109006803154614
406,-113.95566625373509,-31.257331608540905
407,-114.50862919377867,-31.40601988276032
408,-115.06294411627154,-31.55507167239492
409,-115.61861100842778,-31.704487024995004
410,-116.17562985765639,-31.854265987385656
411,-116.73400065188095,-32.00440860447779
412,-117.29372337974691,-32.154914918497184
413,-117.85479797807028,-32.30578516440174
414,-118.41722443678715,-32.457019379615815
415,-118.98100274410233,-32.60861760800112
416,-119.54613288709814,-32.76057989759241
417,-120.11261485220764,-32.91290629883782
418,-120.6804486255683,-33.065596863283396
419,-121.24963419327237,-33.21865164264219
420,-121.82017154152898,-33.37207068819124
421,-122.39206065675228,-33.52585405044414
422,-122.96530150396212,-33.68000185945674
423,-123.53989407062551,-33.83451416182451
424,-124.11583834339032,-33.98939100718719
425,-124.69313430831482,-34.14463244737518
426,-125.27178195102827,-34.300238535812376
427,-125.85178125683099,-34.45620932714388
428,-126.43313221074186,-34.61254487705925
429,-127.0158347975005,-34.769245242284484
430,-127.5998890076926,-34.92631045781142
431,-128.18529482695348,-35.08374057703276
432,-128.7720522409466,-35.24153565323489
433,-129.3601612352732,-35.39969573993349
434,-129.94962179536495,-35.55822089127275
435,-130.540433906363,-35.71711116247435
436,-131.1325975529865,-35.87636661032705
437,-131.72611271939132,-36.03598729371099
438,-132.32097941822263,-36.19597316561408
439,-132.917197634535,-36.356324281573876
440,-133.5147673541074,-36.517040694433106
441,-134.11368856306765,-36.67812245573549
442,-134.71396124754648,-36.83956961701224
443,-135.31558539336015,-37.00138223096111
444,-135.91856098571998,-37.163560352526176
445,-136.52288800896494,-37.32610403989133
446,-137.1285664943944,-37.48901317672046
447,-137.7355964271622,-37.652287818168766
448,-138.3439777936483,-37.815928014832316
449,-138.95371058086036,-37.97993381497213
450,-139.5647947758999,-38.144305266498435
451,-140.17723036548955,-38.30904241872778
452,-140.7910173355556,-38.47414532393368
453,-141.4061556708591,-38.63961403871797
454,-142.02264541829754,-38.80544838879641
455,-142.64048656338323,-38.97164842798066
456,-143.2596790932479,-39.138214204062315
457,-143.8802229958705,-39.30514576168276
458,-144.50211825939428,-39.4724431448709
459,-145.1253648715284,-39.64010639926699
460,-145.74996281902614,-39.80813557406131
461,-146.37591208722992,-39.97653072368404
462,-147.00321273583032,-40.14529162633966
463,-147.63186475092687,-40.31441833364914
464,-148.2618681205493,-40.48391089005913
465,-148.89322283375122,-40.65376933621062
466,-149.5259288798096,-40.82399371191285
467,-150.15998624752513,-40.99458405874316
468,-150.79539492461413,-41.16554042230578
469,-151.43215497586405,-41.33686256188842
470,-152.07026639001887,-41.50855051928219
471,-152.70972915791046,-41.68060432851966
472,-153.3505432714647,-41.85302401956782
473,-153.99270872283154,-42.025809621559915
474,-154.63622550363255,-42.19896116559145
475,-155.2810936043152,-42.372478687118665
476,-155.92731301360132,-42.546362228007325
477,-156.57488380414554,-42.720611518345564
478,-157.22380596513938,-42.89522659826012
479,-157.8740794878279,-43.0702075002475
480,-158.5257043645177,-43.24555425285965
481,-159.17868058770287,-43.42126688395114
482,-159.83300814930314,-43.59734542350917
483,-160.4886870400049,-43.773789906101385
484,-161.14571733229874,-43.95060006244273
485,-161.80409901781343,-44.127775923606286
486,-162.46383209034187,-44.30531751262495
487,-163.1249165448157,-44.483224848301155
488,-163.7873523764048,-44.66149794855173
489,-164.45113957973632,-44.84013683330924
490,-165.1162781482234,-45.01914152701506
491,-165.78276807349144,-45.19851206075028
492,-166.45060943191478,-45.378248150825506
493,-167.11980221560208,-45.55834982653315
494,-167.79034641871198,-45.73881710955001
495,-168.46224203647972,-45.91965001755357
496,-169.13548906435483,-46.10084856742497
497,-169.8100874972459,-46.2824127780541
498,-170.4860373288644,-46.4643426727767
499,-171.163338632078,-46.6466379809386
500,-171.84199140163003,-46.829298722048506
501,-172.5219956343596,-47.01232490783032
502,-173.20335132823132,-47.19571654582743
503,-173.88605848147836,-47.37947364258543
504,-174.57011709185534,-47.563596206427476
505,-175.25552715599304,-47.74808424985075
506,-175.94228874279258,-47.93293751694014
507,-176.63040184968844,-48.1181560172126
508,-177.31986647593712,-48.30373975341742
509,-178.0106826217317,-48.48968872482524
510,-178.70285028742342,-48.67600293011932
511,-179.39636947284646,-48.862682369903524
512,-180.09124017673852,-49.04972704885442
513,-180.7874624625716,-49.2371367312246
514,-181.48503632964062,-49.42491141962466
515,-182.18396177881172,-49.61305111082943
516,-182.88423881174742,-49.80155579865592
517,-183.58586743022659,-49.99042547648909
518,-184.28884763555592,-50.17966013946773
519,-184.99317942806672,-50.36925978635377
520,-185.69886286480025,-50.55922420528442
521,-186.40589794654386,-50.749553393330224
522,-187.11428467547034,-50.94024734241614
523,-187.82402305447377,-51.131306041788086
524,-188.53511308658727,-51.32272948017575
525,-189.24755477448002,-51.5145176476607
526,-189.96134812002865,-51.70667053726833
527,-190.67649317319163,-51.8991879634401
528,-191.39298993625746,-52.09206991767341
529,-192.11083841272665,-52.28531638696396
530,-192.83003860675876,-52.478927355859575
531,-193.55059052268916,-52.67290280825507
532,-194.27249416461402,-52.86724272893409
533,-194.9957495726833,-53.061946968765014
534,-195.72035675157596,-53.25701551036758
535,-196.44631570700054,-53.45244833253709
536,-197.17362644523305,-53.6482454119611
537,-197.90228897272027,-53.8444067246929
538,-198.63230329574685,-54.04093224738805
539,-199.36366942016278,-54.23782195831651
540,-200.09638737904123,-54.43507573462831
541,-200.8304571781979,-54.63269355472093
542,-201.56587882411017,-54.830675394533756
543,-202.30265232361805,-55.02902122865949
544,-203.04077768367455,-55.22773103127073
545,-203.78025491114454,-55.42680477686737
546,-204.52108401264937,-55.62624244085376
547,-205.2632650130655,-55.826043930822195
548,-206.00679791892287,-56.02620922251616
549,-206.75168273729696,-56.22673828965251
550,-207.49791947563466,-56.427631104568135
551,-208.24550814161714,-56.62888763872958
552,-208.99444874305897,-56.83050786310729
553,-209.74474129626745,-57.03249171712226
554,-210.49638580904903,-57.23483917177456
555,-211.24938228962466,-57.43755019652404
556,-212.0037307465465,-57.64062475960011
557,-212.75943118864512,-57.84406282819714
558,-213.51648362500757,-58.047864368556695
559,-214.27488806469864,-58.25202934700215
560,-215.0346445165775,-58.456557730620766
561,-215.79575298969607,-58.66144948578295
562,-216.5582134933217,-58.86670457805855
563,-217.32202603698298,-59.07232297204602
564,-218.0871906305388,-59.27830463111628
565,-218.85370728427029,-59.484649517071084
566,-219.6215759993183,-59.6913576256707
567,-220.39079678551155,-59.898428920396945
568,-221.16136965271258,-60.10586336460499
569,-221.93329461096639,-60.313660920971614
570,-222.70657167066483,-60.52182155088412
571,-223.48120084272708,-60.73034521376994
572,-224.257182121723,-60.939231929802915
573,-225.03451551794134,-61.14848166075195
574,-225.8132010415561,-61.358094368811834
575,-226.5932387028714,-61.56807001569294
576,-227.37462851257538,-61.77840856167763
577,-228.15737048200336,-61.989109964643205
578,-228.94146459981332,-62.200174266730656
579,-229.7269108765971,-62.41160142857942
580,-230.51370932273164,-62.623391411626066
581,-231.30185994870877,-62.835544176879964
582,-232.09136276546732,-63.04805968368795
583,-232.88221778472902,-63.260937888487234
584,-233.67442498980787,-63.47417885327851
585,-234.4679843916081,-63.68778253753658
586,-235.2628960007458,-63.90174890180581
587,-236.05915982795233,-64.11607790620123
588,-236.8567758844762,-64.33076950891514
589,-237.65574418248386,-64.54582366472772
590,-238.4560647005474,-64.76124045326439
591,-239.2577374499466,-64.97701983260042
592,-240.06076244161466,-65.19316176209824
593,-240.86513968660756,-65.40966620066239
594,-241.6708691965695,-65.62653310501062
595,-242.4779509841941,-65.84376242795919
596,-243.28638502364365,-66.0613542655267
597,-244.09617132663973,-66.27930857414253
598,-244.90730990449975,-66.49762531173725
599,-245.7198007686689,-66.716304435765
600,-246.53364393124642,-66.93534590124803
601,-247.3488394055064,-67.15474965884076
602,-248.16538716170967,-67.37451581906717
603,-248.98328721206127,-67.5946443365561
604,-249.80253956832132,-67.81513516758841
605,-250.62314424239642,-68.03598826789943
606,-251.44510124692425,-68.25720359050548
607,-252.26841059585303,-68.47878108355076
608,-253.09307225557595,-68.70072087194123
609,-253.91908623885837,-68.92302290821885
610,-254.74645255798063,-69.14568714672683
611,-255.57517122538817,-69.36871354119324
612,-256.4052422543357,-69.59210204233639
613,-257.2366656595269,-69.81585259548686
614,-258.0694414037734,-70.039965338872
615,-258.90356950046476,-70.26444022270888
616,-259.73904996248103,-70.48927719910719
617,-260.57588280290145,-70.7144762194344
618,-261.4140680357091,-70.9400372316962
619,-262.2536056764934,-71.16596017792536
620,-263.09449568438606,-71.39224521003767
621,-263.9367380735081,-71.61889227552676
622,-264.7803328574493,-71.84590132385873
623,-265.62528005003855,-72.07327230360983
624,-266.47157966611235,-72.3010051596078
625,-267.31923172228545,-72.52909983006782
626,-268.16823617395426,-72.7575564808022
627,-269.0185930360766,-72.9863750561887
628,-269.8703023230642,-73.2155555026329
629,-270.7233640496183,-73.44509776546235
630,-271.57777823156823,-73.6750017858079
631,-272.4335448260568,-73.90526772299573
632,-273.2906638466417,-74.13589552660481
633,-274.1491353061106,-74.36688514907499
634,-275.00895921736947,-74.59823654240508
635,-275.87013559432404,-74.82994965487372
636,-276.73266445275783,-75.06202442777662
637,-277.5965457451395,-75.29446103782999
638,-278.4617794856774,-75.52725943218958
639,-279.32836568820574,-75.76041955940003
640,-280.1963043670825,-75.99394136605608
641,-281.06559553808796,-76.22782479346262
642,-281.9362392193274,-76.46206977427636
643,-282.8082353596436,-76.69667649870927
644,-283.6815839755532,-76.93164490532995
645,-284.5562850832437,-77.16697493392732
646,-285.43233869951473,-77.40266652201213
647,-286.30974484273327,-77.63871960126356
648,-287.1885034641384,-77.87513435299162
649,-288.06861457963595,-78.11191071803152
650,-288.95007820444084,-78.34904863978421
651,-289.8328943540799,-78.58654806048877
652,-290.71706304540305,-78.82440891746087
653,-291.60258429760825,-79.06263113928227
654,-292.48945805571674,-79.3012149304011
655,-293.3776843369112,-79.54016022689765
656,-294.26726315800875,-79.77946696620924
657,-295.1581945365091,-80.01913508323133
658,-296.0504784916634,-80.25916450634253
659,-296.9441149700779,-80.49955543410641
660,-297.83910398831307,-80.74030780491285
661,-298.7354455622794,-80.98142155956596
662,-299.63313970833696,-81.22289663719481
663,-300.53218644441085,-81.46473297110532
664,-301.43258571698954,-81.70693076030875
665,-302.334337541279,-81.94948994822799
666,-303.23744193186275,-82.19241048059891
667,-304.1418989038233,-82.4356923012984
668,-305.04770847387266,-82.67933534814011
669,-305.9548706614968,-82.92333954861697
670,-306.86338540604345,-83.16770512831809
671,-307.773252725145,-83.41243202163702
672,-308.68447263629304,-83.65752016348765
673,-309.59704515797324,-83.90296948508275
674,-310.51097031082895,-84.148779909606
675,-311.426248035967,-84.39495165611554
676,-312.3428783513079,-84.64148465792796
677,-313.26086127422275,-84.88837885040098
678,-314.1801968227194,-85.1356341665199
679,-315.10088501665876,-85.38325053237358
680,-316.0229257968734,-85.63122816805149
681,-316.94631918018393,-85.87956701095735
682,-317.8710651827619,-86.12826700090639
683,-318.7971638213576,-86.37732807555781
684,-319.7246151145528,-86.62675016575447
685,-320.65341900242646,-86.87653349440014
686,-321.5835755006384,-87.12667800321331
687,-322.515084624294,-87.37718363597213
688,-323.44794638918455,-87.62805033389988
689,-324.3821608130483,-87.87927803097365
690,-325.3177279168599,-88.13086664912635
691,-326.25464763247595,-88.38281644187418
692,-327.1929199788026,-88.63512733885328
693,-328.1325449747089,-88.88779926983416
694,-329.0735226402888,-89.14083216002625
695,-330.01585299817214,-89.39422592519998
696,-330.95953598180597,-89.64798081296756
697,-331.90457161061227,-89.90209675104134
698,-332.8509599034561,-90.15657366920166
699,-333.7987008799741,-90.4114114943545
700,-334.74779456195637,-90.66661014538865
701,-335.6982408821818,-90.92216987241551
702,-336.65003985870794,-91.17809060821881
703,-337.60319150888324,-91.4343722882178
704,-338.5576958507354,-91.69101484530012
705,-339.5135529044106,-91.94801820446696
706,-340.4707626013884,-92.20538262067662
707,-341.42932495811897,-92.46310803269068
708,-342.38923999044874,-92.72119438151373
709,-343.35050771503484,-92.9796416051307
710,-344.3131281508055,-93.2384496330712
711,-345.27710122765995,-93.49761872618696
712,-346.2424269610621,-93.75714882690728
713,-347.2091053660111,-94.01703987938775
714,-348.17713645845464,-94.27729182425092
715,-349.14652025674843,-94.53790459315482
716,-350.11725666764943,-94.79887853308581
717,-351.08934570472746,-95.06021359352258
718,-352.06046965177785,-95.32128672419009
719,-353.03216968452887,-95.58251214541629
720,-354.0044198562754,-95.84388283297245
721,-354.97721010251934,-96.10539672174141
722,-355.9505305038724,-96.36705113721938
723,-356.9228856736228,-96.62844414966814
724,-357.8942756032864,-96.88957579064174
725,-358.8647002815491,-97.15044610222579
726,-359.8341594481234,-97.41105605283477
727,-360.80265307200455,-97.67140575782203
728,-361.770181108758,-97.9314953825068
729,-362.7367435027147,-98.19132513400041
730,-363.7023401890685,-98.45089525339866
731,-364.6669707892582,-98.71020714851107
732,-365.63063520864256,-98.96926117132074
733,-366.59333333089427,-99.22805775442671
734,-367.5550650206125,-99.48659740130184
735,-368.51583012559604,-99.74488067781309
736,-369.47562814925686,-100.00290942912689
737,-370.43445890186166,-100.26068436026104
738,-371.3923221641338,-100.5182062858523
739,-372.34921768980854,-100.77547612058794
740,-373.30514520748443,-101.03249487224791
741,-374.26010412352616,-101.28926474357233
742,-375.21409412583364,-101.5457868925094
743,-376.1671148661317,-101.80206261077645
744,-377.11916596164855,-102.05809331747506
745,-378.0702469956333,-102.31388055699759
746,-379.0203574464224,-102.56942626137906
747,-379.9694968663692,-102.82473208781964
748,-380.9176647740481,-103.07979981760532
749,-381.86486065347805,-103.33463135875307
750,-382.8110839516838,-103.58922875477393
751,-383.7563362440546,-103.84358618022078
752,-384.7006170848263,-104.09770528272684
753,-385.64392611583895,-104.3515873849627
754,-386.5862630531778,-104.60523353433504
755,-387.527627671828,-104.8586445599325
756,-388.4680257948975,-105.11179885180033
757,-389.40745765985685,-105.36469552602333
758,-390.3459238714297,-105.61733233776641
759,-391.28342535856206,-105.86970583861026
760,-392.21996333133313,-106.12181153355468
761,-393.15553776490754,-106.37364953803986
762,-394.0901501475355,-106.62521431646735
763,-395.02380203627234,-106.87650006951769
764,-395.9564950287991,-107.12750083788708
765,-396.8882307417878,-107.3782105820507
766,-397.8189967993662,-107.6286752585085
767,-398.7487939551556,-107.87889203578092
768,-399.6776221323005,-108.1288611785375
769,-400.6054804872957,-108.37858580703373
770,-401.53236747864355,-108.628071634135
771,-402.458280936508,-108.8773266954345
772,-403.38322982640483,-109.12631796659743
773,-404.30721182572427,-109.37505406295499
774,-405.23022488973265,-109.62354255656352
775,-406.15226726603777,-109.87178992694756
776,-407.0733374975067,-110.11980155426934
777,-407.99349893418236,-110.36733198158277
778,-408.91275421203005,-110.61437031246379
779,-409.83110999414816,-110.86089030148865
780,-410.74857653673484,-111.10685165149408
781,-411.66516723209793,-111.35220130807377
782,-412.58100586392646,-111.59635647314222
783,-413.49611367195575,-111.83921702713043
784,-414.4105196359206,-112.08064450405948
785,-415.32425857087753,-112.32046556066112
786,-416.23736919236376,-112.55847514425618
787,-417.14995700594994,-112.79379012200414
788,-418.06205665415257,-113.02613140307523
789,-418.97370392432646,-113.25516203063238
790,-419.8849309907547,-113.48049261108022
791,-420.7957444760494,-113.70123755122636
792,-421.70614699091476,-113.91693481874135
793,-422.6161239544573,-114.12706557758507
794,-423.5256371817118,-114.33106214408521
795,-424.4346188423385,-114.52831512425004
796,-425.3429651808078,-114.71817724329487
797,-426.2505485982086,-114.90003280667254
798,-427.1572030646394,-115.07324924364765
799,-428.0627214289145,-115.2371843550639
800,-428.9668532695219,-115.39119250961723
801,-429.8693031043315,-115.53462984199389
802,-430.76996887261606,-115.66733656622559
803,-431.6685184986192,-115.78874679796785
804,-432.56459152195697,-115.89833365205395
805,-433.4578016228117,-115.99560952490317
806,-434.34773869665634,-116.0801254602362
807,-435.2339704314065,-116.15146985894457
808,-436.11604339161414,-116.20926678339714
809,-436.9934836562367,-116.25317408756786
810,-437.8657970887082,-116.28288157876077
811,-438.73326465079975,-116.2989300794065
812,-439.59543291098913,-116.30108700494688
813,-440.4518633176741,-116.28918405215158
814,-441.3021319733003,-116.26310812885137
815,-442.1458283634571,-116.22279271629974
816,-442.98255334490045,-116.16820990130817
817,-443.8119166668081,-116.09936325477287
818,-444.63353426355485,-116.01628167781419
819,-445.44702551976707,-115.91901428630815
820,-446.25201067253187,-115.80762635894115
821,-447.0481084830258,-115.68219633305125
822,-447.8349342809288,-115.54281379659938
823,-448.61209845943097,-115.3895783939684
824,-449.3792054756695,-115.22259953833107
825,-450.1358533902101,-115.04199680445826
826,-450.8816339590824,-114.84790086335178
827,-451.6176031559177,-114.6411065202262
828,-452.34335482967117,-114.42172310845817
829,-453.05853241194785,-114.18991038943206
830,-453.7628226879057,-113.94586788948433
831,-454.4559491623824,-113.68982558798929
832,-455.13766541190193,-113.42203597828025
833,-455.8077487264497,-113.14276748216794
834,-456.4659942654082,-112.85229916510187
835,-457.11220988239324,-112.55091667087963
836,-457.7462117147774,-112.2389092715108
837,-458.36782058512085,-111.91656790930183
838,-458.97685922254647,-111.58418409470792
839,-459.5731502810336,-111.2420495153328
840,-460.1565151074086,-110.89045620883606
841,-460.72677319342637,-110.52969715534798
842,-461.2837422329349,-110.16006715287774
843,-461.827238696103,-109.7818638514134
844,-462.3571447317924,-109.39532152112369
845,-462.87321279361976,-109.00081482399177
846,-463.37526268065835,-108.59865604607629
847,-463.86311853017696,-108.18916415808444
848,-464.33661061131045,-107.77266538564633
849,-464.79557711208986,-107.34949355839349
850,-465.2398658576899,-106.91999023393076
851,-465.66933590895087,-106.48450460456189
852,-466.08385900170106,-106.04339320374795
853,-466.4833207986512,-105.59701943579837
854,-466.8676219362267,-105.14575295640545
855,-467.2366788583114,-104.68996893361668
856,-467.5904244372497,-104.23004721903602
857,-467.9288083894438,-103.76637145781923
858,-468.2518127323055,-103.29929726470502
859,-468.5594585527154,-102.82913221674198
860,-468.85178022508154,-102.35618579093288
861,-469.1288250888953,-101.8807679936127
862,-469.390652740852,-101.40318858542543
863,-469.637334231966,-100.92375638979543
864,-469.8698180165978,-100.44245531970554
865,-470.08812023740876,-99.95961331142831
866,-470.2923053235656,-99.47554062362346
867,-470.48246969657646,-98.99053712252595
868,-470.65873039241166,-98.50489267481846
869,-470.82121602890334,-98.01888820604738
870,-470.97126326190636,-97.532265842757
871,-471.10894026106513,-97.0453122518389
872,-471.2343627017846,-96.55828468781517
873,-471.3477136065175,-96.07109303448236
874,-471.4491275374295,-95.58410501247681
875,-471.54023513788167,-95.09688535982379
876,-471.6211282112335,-94.609656081979
877,-471.6919464100776,-94.12260446089476
878,-471.7528517518918,-93.63589919066328
879,-471.8040102857315,-93.1496955330673
880,-471.8471956530902,-92.66349560407399
881,-471.8825217797205,-92.17743962372975
882,-471.9101426783832,-91.69127512455695
883,-471.9302415675142,-91.2052456367282
884,-471.94299743200156,-90.71943232673753
885,-471.9485759882955,-90.23391156144775
886,-471.94874045796604,-89.74821340026558
887,-471.94359961421026,-89.26240597197581
888,-471.93330357550263,-88.77653364128072
889,-471.9180206486931,-88.29062921604772
890,-471.8979201466882,-87.80471860878438
891,-471.87316037372955,-87.31882443822747
892,-471.84530953726835,-86.83261594163136
893,-471.81444422569206,-86.34572261145166
894,-471.78073763541937,-85.85831282953336
895,-471.74436295802775,-85.37038550499848
896,-471.7054964470177,-84.88193812079737
897,-471.6643067310276,-84.39296737050371
898,-471.62094784540744,-83.90347068973709
899,-471.57668405713673,-83.413282499834
900,-471.5316319163035,-82.92240209491702
901,-471.4859380779344,-82.43082423982756
902,-471.43976433062596,-81.93854240062475
903,-471.3932765716728,-81.44555040786706
904,-471.3466370452827,-80.95184346059125
905,-471.29995572064695,-80.45699583899993
906,-471.2533934576627,-79.96118605922683
907,-471.20783618464276,-79.46439243427726
908,-471.16339672233056,-78.96662179472294
909,-471.1202089437476,-78.46788243382119
910,-471.078418160443,-77.96818453049286
911,-471.0381741038542,-77.46754065391735
912,-470.99962598346383,-76.9659659629687
913,-470.96291920988267,-76.46347820381264
914,-470.92819342802693,-75.96009758663
915,-470.89592885868007,-75.45587538265175
916,-470.8662205301146,-74.95036936599082
917,-470.83920592755544,-74.44380604387571
918,-470.8150180683308,-73.93621884314996
919,-470.7937915187964,-73.4276463045843
920,-470.7756602121747,-72.91812995724732
921,-470.7607561811972,-72.40771421285105
922,-470.74920894032465,-71.89644625573966
923,-470.741145363284,-71.38437597041406
924,-470.73668622928403,-70.87155515386463
925,-470.73594257210607,-70.35803651815142
926,-470.739023117881,-69.84387511997284
927,-470.746034505973,-69.3291283317651
928,-470.757103088617,-68.81339809510045
929,-470.77233291320726,-68.29678911729192
930,-470.79182990366826,-67.7793718813093
931,-470.8157005845775,-67.26122004616376
932,-470.84405272671603,-66.74241034087477
933,-470.87699594552026,-66.2230228828904
934,-470.91435933403545,-65.7030443032229
935,-470.95624491120486,-65.18255639844091
936,-471.00274395653986,-64.66163955732546
937,-471.053940680552,-64.14037429807733
938,-471.10991531449355,-63.618841993057785
939,-471.17077472865356,-63.096939615490506
940,-471.23660107135976,-62.57474126982478
941,-471.3074789877188,-62.052324609496786
942,-471.3834968290861,-61.529771552714955
943,-471.4647475510461,-61.007168986596554
944,-471.5508629297143,-60.48438562956035
945,-471.64193521011674,-59.96150743668515
946,-471.73803962432095,-59.438616203336494
947,-471.839240609433,-58.91579141377845
948,-471.9455967987647,-58.393111967081936
949,-472.05716494591115,-57.870657757365095
950,-472.17400293689064,-57.34851110396625
951,-472.2961720362968,-56.82675803933739
952,-472.4237385012544,-56.30548947007074
953,-472.556774683126,-55.784802230960246
954,-472.69535972233405,-55.264800054424995
955,-472.83898264747313,-54.745213870832494
956,-472.98772644022,-54.22614548766985
957,-473.14165203343254,-53.70768747522945
958,-473.3008062526361,-53.189926516665714
959,-473.46522817905804,-52.67294641808851
960,-473.6349541373879,-52.156830762226896
961,-473.8100215050152,-51.641665217919666
962,-473.9904715278722,-51.127539535363354
963,-474.1763513129969,-50.61454926691012
964,-474.3677151508854,-50.102797257809556
965,-474.56399054339886,-49.59190297466721
966,-474.76523894253444,-49.08196655341358
967,-474.9714988503244,-48.57307480509432
968,-475.1827944771816,-48.065305973404776
969,-475.3991426393919,-47.55873388733764
970,-475.6205581289207,-47.05343151814209
971,-475.8470577779657,-46.54947398329277
972,-476.0786634257272,-46.04694105917601
973,-476.31540397716526,-45.54591927315479
974,-476.55731672417687,-45.04650364804213
975,-476.803809483142,-44.548221419101324
976,-477.0549292947686,-44.05116544692338
977,-477.31070072485204,-43.555412381814286
978,-477.57113451609166,-43.06102846655411
979,-477.8362344900011,-42.5680745314366
980,-478.10600292900045,-42.07661021303113
981,-478.3804446570966,-41.586697463716575
982,-478.6595700227588,-41.098403438442496
983,-478.94339697070103,-40.61180285333002
984,-479.23135895227983,-40.12638925471522
985,-479.523483733295,-39.64223502566646
986,-479.8197790251373,-39.15939546881011
987,-480.1202406466944,-38.67791517232705
988,-480.4248590272872,-38.19783340224727
989,-480.7336242708144,-37.71918858193107
990,-481.0465299885509,-37.24202195205539
991,-481.3635760934908,-36.766380520639935
992,-481.684770733273,-36.29231941773919
993,-482.00958525633433,-35.81932374429112
994,-482.33803787958755,-35.34744777502916
995,-482.67012923031774,-34.876729152800216
996,-483.00584963193324,-34.40719521383141
997,-483.3451849418308,-33.938868309830916
998,-483.6881211279046,-33.471770198588985
999,-484.0346477603843,-33.005925603218735
1000,-484.38476058453523,-32.54136505406391
1001,-484.7379922464414,-32.077616403287394
1002,-485.0943461501638,-31.614708984974296
1003,-485.4538110441448,-31.152657175002236
1004,-485.8163674086631,-30.69146636545436
1005,-486.1819925792911,-30.23113792667604
1006,-486.55066476694077,-29.77167324272315
1007,-486.92236612721877,-29.31307692804212
1008,-487.29708502302344,-28.855359342764864
1009,-487.6748176146562,-28.3985385249434
1010,-488.05514287406646,-27.94217461876824
1011,-488.4380647990418,-27.486287142405327
1012,-488.82357475283123,-27.030882453714693
1013,-489.2116567109757,-26.575958867077894
1014,-489.60229152968225,-26.1215109225894
1015,-489.9954603488191,-25.66753287444798
1016,-490.3911472402921,-25.214021484293312
1017,-490.789341208869,-24.760978214432676
1018,-491.18968531287123,-24.308031404198505
1019,-491.5921727304884,-23.85518244469253
1020,-491.9967859891269,-23.402421472863136
1021,-492.4035014199286,-22.94973184094136
1022,-492.81229279252153,-22.497093812414203
1023,-493.2231342197392,-22.04448754911222
1024,-493.6360024217666,-21.591895468635627
1025,-494.0508784375052,-21.139304058080256
1026,-494.4674684417155,-20.686413007492217
1027,-494.88575716321725,-20.233210230542387
1028,-495.3057213398061,-19.779675354501208
1029,-495.7273331159552,-19.325783147082262
1030,-496.15056281489717,-18.87150632154605
1031,-496.5753811495515,-18.416817775241295
1032,-497.0017609381264,-17.96169232617132
1033,-497.4296783900937,-17.506108016099105
1034,-497.85890395431767,-17.04983770208796
1035,-498.28941681966535,-16.592861615151264
1036,-498.72119029586764,-16.135154172314973
1037,-499.15419423289796,-15.676686387655877
1038,-499.5883969895042,-15.21742782600156
1039,-500.02376699362765,-14.757348140361051
1040,-500.4602739395362,-14.29641823985786
1041,-500.8978896671335,-13.834611137101502
1042,-501.336448091464,-13.37176946960007
1043,-501.7759233134755,-12.907868609139904
1044,-502.2162853807204,-12.44288021374717
1045,-502.6575018268319,-11.976773730490555
1046,-503.09953890464374,-11.509517589061788
1047,-503.5423625396048,-11.041080114338442
1048,-503.9859390318126,-10.571430188933293
1049,-504.4302355354477,-10.10053769746363
1050,-504.87514792429823,-9.628309102258347
1051,-505.32064527024653,-9.154716687826348
1052,-505.76669432954867,-8.679730901921396
1053,-506.21326026818343,-8.203321050916596
1054,-506.660307200328,-7.725455814320986
1055,-507.10779855555677,-7.246103596390135
1056,-507.55569729059187,-6.76523273310685
1057,-508.0039576632499,-6.282804544239388
1058,-508.4525443993455,-5.798789604254854
1059,-508.90142163504623,-5.313158335458733
1060,-509.3505529666793,-4.825881068475833
1061,-509.79990140249,-4.336928018642025
1062,-510.24942922699904,-3.846269190493167
1063,-510.69909778683615,-3.3538742208591072
1064,-511.1488672048176,-2.8597121692078873
1065,-511.5987462166192,-2.3637913024219768
1066,-512.0486973490133,-1.866083148827382
1067,-512.4986840691471,-1.366560424331449
1068,-512.9486701195684,-0.8651964787030243
1069,-513.3986188476241,-0.36196475526754923
1070,-513.8484925342143,0.14316173110569508
1071,-514.2982517226064,0.6502108960126106
1072,-514.7479489425809,1.1591403629645276
1073,-515.1975475145155,1.6699757200966818
1074,-515.6470128886382,2.1827404781676467
1075,-516.0963114563931,2.6974570330741487
1076,-516.5454094283658,3.2141475458901336
1077,-516.9942717805334,3.7328347404883835
1078,-517.4428612643394,4.253542622716516
1079,-517.8911374705912,4.77629712831515
1080,-518.3391984321917,5.3010242458220524
1081,-518.787006348794,5.82774823666119
1082,-519.2345264092002,6.356490707675122
1083,-519.681725157795,6.887271875105932
1084,-520.128568971975,7.4201117045637455
1085,-520.5750226507677,7.955030929557256
1086,-521.0210481063239,8.492051955735219
1087,-521.4667716586944,9.031083323863653
1088,-521.9121588651334,9.572145408601203
1089,-522.357179226099,10.115255396337608
1090,-522.8018041676389,10.660428790552889
1091,-523.2460051866187,11.20768075406688
1092,-523.6897521579963,11.7570272930542
1093,-524.1330117930804,12.308486292584854
1094,-524.575932274889,12.86195435787608
1095,-525.0184838837636,13.417447751251657
1096,-525.4606411436645,13.974979512411311
1097,-525.9023806018637,14.53456105467144
1098,-526.3436788045326,15.09620358007557
1099,-526.7845104656818,15.659919319798021
1100,-527.224846815827,16.225722611111085
1101,-527.6648504983541,16.793503515914537
1102,-528.1044960538865,17.363275140713537
1103,-528.5437623853724,17.935047437537044
1104,-528.9826304512777,18.508828810269502
1105,-529.4210811691781,19.084627537754464
1106,-529.8590935266873,19.66245302018828
1107,-530.2966428851793,20.24231686011341
1108,-530.7338999027676,20.8241066853709
1109,-531.1708431406354,21.407833037399836
1110,-531.6074555853718,21.993503384665235
1111,-532.0437223252742,22.58112369804447
1112,-532.4796284402688,23.170699849457353
1113,-532.9151571027923,23.762238839539428
1114,-533.3502878753403,24.355749864909555
1115,-533.7851941391763,24.95112108281503
1116,-534.2198586442968,25.548360647317722
1117,-534.6542685466347,26.14747375409421
1118,-535.0884131234462,26.748464155403184
1119,-535.5222816987014,27.35133550945519
1120,-535.9558617765153,27.956092568986634
1121,-536.3893122306663,28.562633416380148
1122,-536.8226246465003,29.170961038296728
1123,-537.2557949681737,29.781075595737605
1124,-537.688821264834,30.392975883767786
1125,-538.1217017266947,31.006660623297805
1126,-538.5544328880467,31.622129589943928
1127,-538.987008063477,32.23938458937948
1128,-539.4195822037091,32.85832721698677
1129,-539.8521503751093,33.478958909151444
1130,-540.2847109614822,34.101278974496076
1131,-540.7172637661968,34.72528581970316
1132,-541.1498083104125,35.35097803677389
1133,-541.5823423232657,35.97835535604998
1134,-542.0148604108209,36.60741947330861
1135,-542.4475068949992,37.23807913180515
1136,-542.8802781135614,37.870335510563784
1137,-543.313173633005,38.504187728016184
1138,-543.7461945665449,39.139633923225475
1139,-544.1793420556546,39.77667222388142
1140,-544.6126159139991,40.41530160321486
1141,-545.0461391132551,41.055443911525586
1142,-545.479914247788,41.697096745465984
1143,-545.913947101949,42.34025568152586
1144,-546.3482450964586,42.984915271816185
1145,-546.78281590072,43.63106993014371
1146,-547.2176662105287,44.27871470985218
1147,-547.6528006832792,44.92784597838994
1148,-548.0883302074399,45.57839294697268
1149,-548.5242605708848,46.23035152229534
1150,-548.9605998375462,46.883716163272176
1151,-549.3973571442809,47.53848065352847
1152,-549.8345416336264,48.19463878604284
1153,-550.2721615209182,48.852184961323125
1154,-550.7103055150637,49.51106196592792
1155,-551.1489832209337,50.171263427675164
1156,-551.588206247946,50.83278168428964
1157,-552.0279872291934,51.49560841559519
1158,-552.4683389639008,52.15973519736932
1159,-552.9092736823538,52.825153977551786
1160,-553.3508603167367,53.4918197706608
1161,-553.7931117698121,54.15972410981954
1162,-554.2360422988353,54.82885763642378
1163,-554.6796668185884,55.499210552392846
1164,-555.124000310716,56.170773005120026
1165,-555.5690573376556,56.84353540600693
1166,-556.014851656779,57.51748868499758
1167,-556.4614348525974,58.1925986766428
1168,-556.9088202910795,58.86885652888181
1169,-557.3570221280911,59.546252847996385
1170,-557.8060549585987,60.22477792800609
1171,-558.2559335404316,60.904421931952534
1172,-558.7066725917286,61.58517502531927
1173,-559.1583038605845,62.26701586390127
1174,-559.6108417983667,62.94993472407041
1175,-560.0643014445307,63.63392145736175
1176,-560.5186982868654,64.3189655805317
1177,-560.9740481799408,65.00505632690066
1178,-561.4303673218083,65.69218265851396
1179,-561.8876703497447,66.38033456807983
1180,-562.3459728319734,67.06950137261337
1181,-562.8052905282199,67.75967221658165
1182,-563.2656340086575,68.45082787701192
1183,-563.7270251508356,69.14296509374647
1184,-564.1894809274521,69.83607203545952
1185,-564.6530005206683,70.53014921392656
1186,-565.1175997955576,71.22518550375395
1187,-565.583294420563,71.92116986417304
1188,-566.0491810467123,72.61673182608304
1189,-566.5160031707674,73.31293520169092
1190,-566.9837605718075,74.00974311904724
1191,-567.4524289952633,74.70715246165724
1192,-567.9220144048708,75.40513885974833
1193,-568.3925223674797,76.1036784687364
1194,-568.8628890231108,76.80118000547904
1195,-569.333574359289,77.49828511845718
1196,-569.8045893700414,78.19497609387034
1197,-570.2759062251499,78.89127296315796
1198,-570.7475385118414,79.58716597986545
1199,-571.2194990150083,80.28264593482065
1200,-571.6913194665213,80.97700537402604
1201,-572.1630704680539,81.67031899898798
1202,-572.6347711334897,82.36258480137833
1203,-573.1063885132246,83.05383946914343
1204,-573.57793996062,83.74408304376547
1205,-574.0494417482662,84.43331614061769
1206,-574.5208218994957,85.12141301429067
1207,-574.9920907420413,85.80836567443001
1208,-575.4632595799496,86.49416537101509
1209,-575.9342806858027,87.17884654865057
1210,-576.405163261268,87.86240207790944
1211,-576.8759153637372,88.5448256170276
1212,-577.3465446568454,89.22611107164816
1213,-577.817059133616,89.90625206900951
1214,-578.2874678090398,90.58524144872644
1215,-578.7577153571442,91.2631194705967
1216,-579.2278087366279,91.93988060318463
1217,-579.6977535941169,92.61552024172013
1218,-580.1675550598073,93.2900341318232
1219,-580.6372185034796,93.96341781727935
1220,-581.106750247389,94.63566611442519
1221,-581.5760882082585,95.30682445259498
1222,-582.0452366402687,95.97688931100711
1223,-582.5141982518342,96.64585828357438
1224,-582.9829750324794,97.31372947758567
1225,-583.4515690281909,97.9805009462907
1226,-583.9199830611889,98.64617015858194
1227,-584.3881496428631,99.31078659854438
1228,-584.856069528981,99.97434939881929
1229,-585.3237417013903,100.63685898796209
1230,-585.7911642069138,101.29831647885337
1231,-586.2583349321983,101.9587231017598
1232,-586.7252523100179,102.61807968573528
1233,-587.1918453409501,103.27643816859876
1234,-587.6581105038911,103.93380093113097
1235,-588.1240423423678,104.59017177207426
1236,-588.5896342842486,105.24555530989703
1237,-589.0548793852156,105.89995643987443
1238,-589.5197709914135,106.55337985025555
1239,-589.9842370157078,107.2058778855729
1240,-590.4482691030402,107.85745653524762
1241,-590.9118568886422,108.50812324686947
1242,-591.3749887592385,109.15788637086023
1243,-591.8376525278562,109.80675466929051
1244,-592.2998360179416,110.4547368922179
1245,-592.7614688455404,111.10188347355299
1246,-593.2225375001738,111.7482040987907
1247,-593.6830264705807,112.39370986792727
1248,-594.1429189064005,113.03841281312903
1249,-594.6021971867226,113.68232548599468
1250,-595.060843391795,114.32546061695653
1251,-595.5188396770096,114.96783084698998
1252,-595.9761186405561,115.60948338408357
1253,-596.4326619164556,116.2504310932301
1254,-596.8884492407651,116.89068811439876
1255,-597.3434589107189,117.5302695260366
1256,-597.7976681546075,118.16919107389084
1257,-598.2510534087752,118.8074689670721
1258,-598.7035612277307,119.4451395878543
1259,-599.1551675529777,120.08221923718874
1260,-599.6058465886434,120.71872529165398
1261,-600.0555710952551,121.35467598195969
1262,-600.5043125934395,121.99009023486667
1263,-600.9520414750284,122.62498757899307
1264,-601.3987270197606,123.25938811420053
1265,-601.8443362595893,123.89331323173072
1266,-602.2888391935155,124.52678220743255
1267,-602.7322047915792,125.15981480056384
1268,-603.1744009369481,125.79243127180479
1269,-603.6153942889133,126.42465245059897
1270,-604.0551500665451,127.05649984999395
1271,-604.4936610965165,127.68797744682588
1272,-604.9308942813504,128.3191053320876
1273,-605.3668163512295,128.94990344805737
1274,-605.801393475019,129.58039182408683
1275,-606.2345908156854,130.21059083938476
1276,-606.6663720330491,130.8405215089164
1277,-607.0967574913311,131.47017042123971
1278,-607.5257135300653,132.09955668027035
1279,-607.953207244116,132.72869863259723
1280,-608.379205740176,133.35761432504557
1281,-608.8038314263356,133.98655936837582
1282,-609.2268932855867,134.61531502323936
1283,-609.6483537752878,135.24390116638287
1284,-610.0682687627476,135.87228378138374
1285,-610.4866037570398,136.5004808808173
1286,-610.9033257358366,137.12850928266317
1287,-611.3191119988004,137.75749324450348
1288,-611.7336228057601,138.3869714346543
1289,-612.1468262780639,139.01696834368164
1290,-612.5586842686087,139.64750496670646
1291,-612.9692885607382,140.27853101710198
1292,-613.3786042669414,140.91006561466426
1293,-613.7865987930188,141.5421263769161
1294,-614.1941011250973,142.1761176284204
1295,-614.600812992139,142.81162930995256
1296,-615.0066923221863,143.44867064406404
1297,-615.4118413140386,144.08716897108872
1298,-615.8162196564492,144.72712747720774
1299,-616.2197902759929,145.36854769334008
1300,-616.6225173628528,146.0114304480197
1301,-617.0246616110376,146.65627146513907
1302,-617.4261905926604,147.30308422313564
1303,-617.8270677633677,147.95188408843723
1304,-618.2274290454596,148.60259870785916
1305,-618.6272410259232,149.25524242744947
1306,-619.0264732930776,149.9098277211463
1307,-619.4250963504808,150.566366321625
1308,-619.8230796505019,151.22487025115066
1309,-620.220389747453,151.88535275322928
1310,-620.6169885586842,152.54782912960232
1311,-621.0130327644395,153.2122193202033
1312,-621.4084881551948,153.87853743528464
1313,-621.803324146492,154.5467954449086
1314,-622.1975114906074,155.21700437970614
1315,-622.5910201068422,155.88917543187034
1316,-622.9838170322986,156.56332095627604
1317,-623.3760612415759,157.23936145919197
1318,-623.7677255082082,157.91730724388583
1319,-624.1587869230141,158.5971662587101
1320,-624.5492244099031,159.27894536967085
1321,-624.9390163966967,159.9626515200257
1322,-625.3281386441356,160.64829277716487
1323,-625.7167512583468,161.33579058253318
1324,-626.10483506671,162.02515136583003
1325,-626.4923747612363,162.71637954322128
1326,-626.8793564523547,163.4094787387178
1327,-627.2657653998431,164.10445289013308
1328,-627.6515839212124,164.80130724089048
1329,-628.0367894647221,165.50004922257355
1330,-628.4215521127836,166.20059770894582
1331,-628.8058521681612,166.90295965462093
1332,-629.1896730192516,167.60714040977874
1333,-629.5729988971235,168.31314481165663
1334,-629.9558127733875,169.02097818275678
1335,-630.338094397353,169.7306472367674
1336,-630.7200031840258,170.44207678321865
1337,-631.1015233645643,171.15527216835807
1338,-631.4826428177687,171.87023692564463
1339,-631.8633508278014,172.5869738542228
1340,-632.2436359859685,173.30548600797076
1341,-632.623484238269,174.02577759519554
1342,-633.0030458361847,174.74777833144498
1343,-633.3823110042937,175.47149107847588
1344,-633.7612732704074,176.1969171034251
1345,-634.139927348315,176.92405708378996
1346,-634.5182671694305,177.65291202707763
1347,-634.8962840640163,178.38348410543875
1348,-635.2741173762192,179.11570848388462
1349,-635.6517617913689,179.84958632218513
1350,-636.0292147042582,180.58511749393523
1351,-636.4064743203144,181.322301479934
1352,-636.783537898357,182.06113818482342
1353,-637.1604001342115,182.8016286775594
1354,-637.5371873097306,183.5437143559093
1355,-637.9138966830479,184.2873955335942
1356,-638.2905277427084,185.03267147489439
1357,-638.6670805512746,185.7795411704901
1358,-639.0435542143912,186.52800404765944
1359,-639.4199454741591,187.2780606153887
1360,-639.7963663980142,188.02965889149098
1361,-640.1728158253095,188.78279873949253
1362,-640.5492944962177,189.5374791327209
1363,-640.9258036236265,190.29369882206757
1364,-641.3023435722946,191.0514569490452
1365,-641.6789126443875,191.810753604511
1366,-642.0556085229812,192.57154342355798
1367,-642.4324313276662,193.33382589074554
1368,-642.8093828110069,194.09759972773506
1369,-643.1864651388295,194.86286346353958
1370,-643.5636797611471,195.6296159595555
1371,-643.9410263731852,196.39785688957525
1372,-644.3185885925544,197.16754732622027
1373,-644.6963676792776,197.9386863809166
1374,-645.0743662549557,198.71127252938695
1375,-645.4525872775979,199.48530409141776
1376,-645.8310330925385,200.26077967340044
1377,-646.2097045590332,201.03769857377512
1378,-646.5886717647694,201.8160280577434
1379,-646.9679368512722,202.59576693573956
1380,-647.3475030381196,203.3769135143263
1381,-647.7273737818713,204.15946599055405
1382,-648.1075519979432,204.94342281599782
1383,-648.4880393449449,205.72878303062626
1384,-648.8688932579018,206.51551971049548
1385,-649.2501163914094,207.3036314988811
1386,-649.6317122135247,208.0931166579129
1387,-650.0136843352174,208.88397338379906
1388,-650.3960358906224,209.6762000978399
1389,-650.7788095310804,210.4697767026664
1390,-651.1620094897467,211.26470113843374
1391,-651.5456406817291,212.06097102503776
1392,-651.9297081547072,212.8585839211309
1393,-652.3142165889005,213.6575375599722
1394,-652.6991698462173,214.45783006213452
1395,-653.0846015287079,215.2594455385475
1396,-653.4705156324742,216.06238206665518
1397,-653.856916337854,216.8666376373004
1398,-654.2438076425159,217.67221032844859
1399,-654.6311930317038,218.4790984614199
1400,-655.0190751841191,219.28730074026498
1401,-655.4074784170588,220.09680563057702
1402,-655.7964052641665,220.90761191568788
1403,-656.1858582972451,221.71971836105405
1404,-656.5758398914921,222.53312382576982
1405,-656.9663520136074,223.34782736324226
1406,-657.3574100155236,224.1638216724834
1407,-657.7490158640518,224.9811058111078
1408,-658.1411715600291,225.79967882065552
1409,-658.5338789723074,226.61953980559778
1410,-658.9271396885282,227.44068800437648
1411,-659.3209548818274,228.2631228528626
1412,-659.7153341553112,229.0868397778228
1413,-660.1102784824863,229.91183831232533
1414,-660.505788733882,230.73811803855867
1415,-660.9018655814699,231.5656786333704
1416,-661.2985094121734,232.39451990946236
1417,-661.6957248415127,233.22463966700698
1418,-662.0935120469103,234.05603781945814
1419,-662.4918710491379,234.88871435493058
1420,-662.890801655042,235.72266936346827
1421,-663.2903034046527,236.5579030622001
1422,-663.6903776230787,237.39441481900593
1423,-664.0910235759826,238.23220498202633
1424,-664.492240306616,239.07127400520628
1425,-664.8940266048869,239.91162246294084
1426,-665.2963809764193,240.7532510646915
1427,-665.6993016101536,241.5961606702571
1428,-666.1027878082625,242.44035161051954
1429,-666.5068374623233,243.28582488624104
1430,-666.9114481993594,244.13258162333392
1431,-667.3166173584498,244.98062308376996
1432,-667.7223419611428,245.82995067938316
1433,-668.1286202903362,246.68056522366732
1434,-668.5354491406773,247.53246823456453
1435,-668.9428250511877,248.3856613499069
1436,-669.3507442736402,249.24014634210576
1437,-669.7592027308417,250.0959251375475
1438,-670.1681986798284,250.95299855892776
1439,-670.577727919251,251.81136858858758
1440,-670.9877860170426,252.6710373156134
1441,-671.398368257582,253.5320069604213
1442,-671.8094695757138,254.39427990541878
1443,-672.2210844754463,255.2578587327204
1444,-672.6332125246352,256.12274364325475
1445,-673.0458482224478,256.9889372173824
1446,-673.4589858351391,257.85644214093514
1447,-673.8726192959977,258.72526125169844
1448,-674.2867420864427,259.5953975944692
1449,-674.7013553490242,260.46685062957243
1450,-675.1164527425377,261.33962331385
1451,-675.5320277500266,262.21371868074135
1452,-675.9480735344595,263.0891399072321
1453,-676.3645827730929,263.96589039033904
1454,-676.7815587722854,264.8439685814126
1455,-677.1989945603817,265.7233777090378
1456,-677.6168830407798,266.6041210527315
1457,-678.0352167980367,267.48620203261515
1458,-678.4539878809994,268.3696243091631
1459,-678.8732021743667,269.25438514270434
1460,-679.2928522342346,270.14048795485365
1461,-679.712930535244,271.02793619618853
1462,-680.1334292252394,271.9167334592602
1463,-680.5543398557195,272.8068836019879
1464,-680.9756711492458,273.69838258706034
1465,-681.3974153091872,274.59123397022273
1466,-681.8195644979763,275.48544131590756
1467,-682.2421105403106,276.381008333326
1468,-682.6650446010584,277.27793902316466
1469,-683.0883783847319,278.1762279990722
1470,-683.5121038502249,279.07587889898195
1471,-683.9362129571958,279.9768953490653
1472,-684.3606973187407,280.87928112222886
1473,-684.785547827706,281.7830403074237
1474,-685.2107792306538,282.68816615695465
1475,-685.6363833593591,283.59466233661215
1476,-686.062352090759,284.50253247919534
1477,-686.4886769507395,285.41178036444336
1478,-686.9153486904995,286.32241010999115
1479,-687.3423850947124,287.2344136230807
1480,-687.7697780014486,288.1477945376302
1481,-688.1975193403805,289.0625564329486
1482,-688.6256006901799,289.978703033779
1483,-689.0540128074642,290.8962384215841
1484,-689.482776452618,291.81515319965166
1485,-689.9118836175272,292.7354509059306
1486,-690.3413264326925,293.6571350024842
1487,-690.7710966818072,294.5802090938884
1488,-691.201185286943,295.50467715708885
1489,-691.6316158621596,296.43052855674625
1490,-692.0623807104338,297.3577666683278
1491,-692.4934723197852,298.2863947710231
1492,-692.9248828398318,299.21641628225285
1493,-693.3566035281473,300.14783500384704
1494,-693.7886606684543,301.0806391513814
1495,-694.2210470394631,302.01483186978203
1496,-694.6537556504209,302.95041618832397
1497,-695.0867791857354,303.8873952685068
1498,-695.5201094187997,304.8257726637852
1499,-695.9537750547366,305.7655355545173
1500,-696.3877695208104,306.7066867847425
1501,-696.8220865197676,307.6492290642653
1502,-697.2567194499624,308.59316522664085
1503,-697.6916607943988,309.53849849914155
1504,-698.1269413653398,310.4852151651993
1505,-698.5625554226987,311.43331769344104
1506,-698.9984975471491,312.38280839998174
1507,-699.4347620446285,313.3336897127077
1508,-699.8713423199707,314.28596444754004
1509,-700.3082709064604,315.2396181559289
1510,-700.7455430959137,316.19465285000666
1511,-701.1831545475403,317.1510703708355
1512,-701.6211006873498,318.1088726545249
1513,-702.0594114215189,319.0680464035992
1514,-702.4980844820902,320.02859255702884
1515,-702.9371182550025,320.9905117592183
1516,-703.3765111968439,321.95380461894916
1517,-703.8162612366763,322.91847197407577
1518,-704.2564000164514,323.88449976062213
1519,-704.6969272073956,324.85188807039617
1520,-705.1378428753314,325.82063681758945
1521,-705.5791469420145,326.79074597791094
1522,-706.0208386381821,327.76221583087465
1523,-706.4629490474346,328.73503254840034
1524,-706.9054787695104,329.7091958251524
1525,-707.3484286799247,330.68470523174244
1526,-707.7917994579981,331.66156042459176
1527,-708.2356171073453,332.6397498018753
1528,-708.6798837749765,333.61927238016693
1529,-709.1246020221562,334.600126990778
1530,-709.569774413868,335.58231246278393
1531,-710.015403112312,336.56582780427675
1532,-710.4615116506334,337.5506624911311
1533,-710.9081030394827,338.53681516179006
1534,-711.35419374607,339.5220965947569
1535,-711.7997865688532,340.50650552334696
1536,-712.2448838631342,341.49004087871754
1537,-712.6895048178004,342.47269405670096
1538,-713.1336522525462,343.4544637854486
1539,-713.5773290150446,344.4353487802516
1540,-714.020537759974,345.41534784269453
1541,-714.4632915550135,346.39445509772185
1542,-714.9055933530491,347.37266921436026
1543,-715.3474461073654,348.34998886111924
1544,-715.7888526137206,349.3264127770433
1545,-716.2298153641002,350.30193983759926
1546,-716.6703426206676,351.276566320398
1547,-717.1104366900967,352.250291184663
1548,-717.5500996724148,353.2231134825608
1549,-717.989333377163,354.19503239707274
1550,-718.428139249887,355.16604727522923
1551,-718.866520901633,356.1361564879095
1552,-719.3044793020565,357.10535959704526
1553,-719.7420151018399,358.073656308514
1554,-720.1791286063407,359.04104648405604
1555,-720.6158224606679,360.00752893027345
1556,-721.052096583012,360.97310368393585
1557,-721.4879506953964,361.93777087036335
1558,-721.9233843192769,362.90153070539304
1559,-722.3583967715552,363.8643834971483
1560,-722.792993706633,364.82632669384344
1561,-723.2271746053813,365.7873605297968
1562,-723.6609391556626,366.7474851458701
1563,-724.0942872352355,367.7067005971994
1564,-724.5272188913665,368.6650068624038
1565,-724.9597462096297,369.62239847562086
1566,-725.3918703311643,370.57887492046535
1567,-725.823593221527,371.53443530783227
1568,-726.2549176110634,372.4890784024544
1569,-726.6858469370374,373.44280264857423
1570,-727.1164021530578,374.3955985206101
1571,-727.5465887925682,375.34746350422427
1572,-727.9764139122233,376.2983943903158
1573,-728.4058859918658,377.2483873177294
1574,-728.8350336008552,378.1974291904577
1575,-729.2638682184603,379.14551475019306
1576,-729.692403498512,380.09263772946184
1577,-730.1206551273475,381.03879090880974
1578,-730.5486407222002,381.9839661547606
1579,-730.9763981916213,382.9281458128817
1580,-731.4039483668112,383.871320171943
1581,-731.8313147015393,384.81347825228806
1582,-732.2585231824071,385.75460782971504
1583,-732.6856023187073,386.69469542023455
1584,-733.1125970967493,387.6337195398748
1585,-733.5395391686527,388.571665008682
1586,-733.9664632857804,389.5085150487061
1587,-734.3934073500288,390.44425122446137
1588,-734.8204125890836,391.3788533181683
1589,-735.2475291899364,392.3122964681261
1590,-735.6748013692351,393.24455858848086
1591,-736.1022770687537,394.1756155015482
1592,-736.5300082261177,395.1054407390404
1593,-736.9580512180028,396.0340052429996
1594,-737.386458383465,396.9612817444981
1595,-737.8152888451599,397.8872390644712
1596,-738.2446061729124,398.81184323735135
1597,-738.6744789455842,399.7350571052849
1598,-739.1049815378838,400.65683976342495
1599,-739.5361632586976,401.577163717054
1600,-739.9681006100423,402.4959857319392
1601,-740.4008751354696,403.41325892561144
1602,-740.8345743503488,404.3289320661666
1603,-741.2692929499736,405.2429486556169
1604,-741.7050565503984,406.15529279927813
1605,-742.1419598093895,407.0659063576432
1606,-742.5801018449628,407.9747270813191
1607,-743.019587683353,408.8816874970975
1608,-743.4605300300019,409.7867134954938
1609,-743.902901362101,410.689821075145
1610,-744.3468095567792,411.59093732496893
1611,-744.7923643930656,412.48998593337717
1612,-745.2396797692517,413.3868855208019
1613,-745.6888762594211,414.28154759079285
1614,-746.139852051638,415.1740390013818
1615,-746.5927163305641,416.06427771580167
1616,-747.0475763069921,416.95218035523635
1617,-747.5045404405315,417.83765983787436
1618,-747.96372196512,418.7206225848722
1619,-748.4249426828646,419.601193875893
1620,-748.8882987408891,420.4792927077079
1621,-749.3538808957527,421.35483931220347
1622,-749.8217787606646,422.2277520306855
1623,-750.2920852652124,423.0979437663343
1624,-750.7645641873629,423.9655891165074
1625,-751.2392890717509,424.8306178019164
1626,-751.7163267192683,425.69296244961487
1627,-752.195742164046,426.5525548092289
1628,-752.6776037444964,427.40932162729933
1629,-753.1616377023289,428.263473131928
1630,-753.6478944257179,429.11495387676484
1631,-754.1364180886627,429.963711642818
1632,-754.6272519146742,430.8096932875427
1633,-755.1204434267561,431.65284036376937
1634,-755.6157024482344,432.4933821133246
1635,-756.1130620748189,433.3312762522547
1636,-756.6125506101507,434.16648313812664
1637,-757.1141967223759,434.9989615852066
1638,-757.6180345121154,435.8286645485573
1639,-758.123776606158,436.65582382553725
1640,-758.6314464689908,437.4804057381918
1641,-759.1410642323716,438.30237839980043
1642,-759.6526514959742,439.121707737267
1643,-760.1662360003946,439.9383534477524
1644,-760.6815480482608,440.7525366394014
1645,-761.1986077904312,441.5642275873809
1646,-761.7174331728496,442.3733976076492
1647,-762.2380442758234,443.180015399354
1648,-762.7604675141168,443.9840433548607
1649,-763.2847396846373,444.7854338153834
1650,-763.8105941347695,445.58441386348767
1651,-764.3380646423981,446.3809428493801
1652,-764.8671844227886,447.1749795384474
1653,-765.397989921941,447.9664787620825
1654,-765.9305245357289,448.7553879608268
1655,-766.4645546368471,449.5419093843756
1656,-767.0001168704621,450.3259997507284
1657,-767.5372454625827,451.1076167989299
1658,-768.0759759193185,451.8867160027506
1659,-768.6163486656784,452.6632471775991
1660,-769.158149941948,453.43739865268776
1661,-769.7014121867223,454.2091303073994
1662,-770.2461649592618,454.9784036174183
1663,-770.7924385583177,455.74517838754645
1664,-771.3402675591219,456.50940941181153
1665,-771.8896942549463,457.271043047661
1666,-772.4404968145058,458.0302830392577
1667,-772.9927124863107,458.787083786142
1668,-773.5463768253741,459.54140010744163
1669,-774.1015270986752,460.29318401567866
1670,-774.6582056295023,461.04238138418725
1671,-775.2162082895609,461.78918333441857
1672,-775.7755698633378,462.5335457342069
1673,-776.3363221732882,463.2754261857708
1674,-776.8984974859874,464.0147807658867
1675,-777.4621318424494,464.75156068661414
1676,-778.0270310109684,465.4859513506804
1677,-778.5932233260354,466.21791415194605
1678,-779.1607340536507,466.94741255622085
1679,-779.7295887276952,467.6744088492606
1680,-780.2998163790439,468.39886085308154
1681,-780.8714526427117,469.1207186050033
1682,-781.4442916758584,469.84018675010975
1683,-782.018364710722,470.55722297258853
1684,-782.593701028179,471.2717858948409
1685,-783.1703310669261,471.9838319122551
1686,-783.7482894390636,472.6933119760568
1687,-784.3273841097372,473.4004204040502
1688,-784.9076430784546,474.1051177054549
1689,-785.4890911574493,474.80736674813465
1690,-786.0717530816206,475.50712957013326
1691,-786.6556565103521,476.204364170439
1692,-787.2408349065264,476.89902127699503
1693,-787.8270859051781,477.5913133218799
1694,-788.4144381199609,478.2811993763738
1695,-789.0029174437863,478.96864043547185
1696,-789.5925500414745,479.6535962410712
1697,-790.1833652403018,480.3360220771199
1698,-790.7751735317629,481.0161196360786
1699,-791.3679971701663,481.6938546268866
1700,-791.9618546074345,482.3691961070481
1701,-792.5567635209025,483.04211324948824
1702,-793.1527437136967,483.7125721301126
1703,-793.7498198720984,484.38053254196
1704,-794.3477932503705,485.04621247841203
1705,-794.9466838490757,485.70958010786757
1706,-795.5465086771452,486.37060621338486
1707,-796.1472846091773,487.0292610515427
1708,-796.7490311145305,487.6855112421871
1709,-797.3517728465216,488.33931668919496
1710,-797.9553080349774,488.9909044526819
1711,-798.5596567271972,489.64024289534797
1712,-799.1648356932243,490.2873034154538
1713,-799.770861196213,490.93205734463135
1714,-800.3777516452376,491.5744728728944
1715,-800.9853217029396,492.214759516849
1716,-801.5935827355574,492.852896189454
1717,-802.202541849548,493.4888662579845
1718,-802.8130247674075,494.1234631288045
1719,-803.4244219468694,494.7560636484641
1720,-804.0367578026048,495.3866590203307
1721,-804.6498506077418,496.0154730747197
1722,-805.2637135674611,496.6424977315884
1723,-805.8798399412557,497.2691657050933
1724,-806.4981484846654,497.89538453916987
1725,-807.1186321737679,498.52112836223887
1726,-807.7412881476752,499.1463650785029
1727,-808.3659205301732,499.77129476854236
1728,-808.9925233823764,500.39589131936833
1729,-809.6212379113754,501.02027431172945
1730,-810.2520682432981,501.64443336536544
1731,-810.885020512325,502.26835557097763
1732,-811.5199344635855,502.8922258352849
1733,-812.1568110271623,503.5160390946096
1734,-812.795647654367,504.13979421961164
1735,-813.4364406515333,504.7634913471656
1736,-814.0791873780706,505.38712933800895
1737,-814.7238883053325,506.0107033635297
1738,-815.3703891614036,506.63439142780555
1739,-816.0186871747692,507.2581939859247
1740,-816.6687770962591,507.882114311306
1741,-817.3206531940953,508.50615621293815
1742,-817.97431113195,509.1303218697798
1743,-818.6296189106567,509.7547619289101
1744,-819.2865681434752,510.37948418737574
1745,-819.9451478301168,511.0044994319102
1746,-820.6053461294846,511.6298194229031
1747,-821.2671520132944,512.2554550105406
1748,-821.9305567976339,512.8814143861374
1749,-822.5954392658774,513.5078346167505
1750,-823.2617886431453,514.1347269209322
1751,-823.9295924454416,514.7621044525372
1752,-824.5988378554922,515.3899807510561
1753,-825.2695129977076,516.0183683076681
1754,-825.9415195804737,516.6473766115585
1755,-826.6148431776926,517.2770212909925
1756,-827.2894675562989,517.907319980498
1757,-827.9653757947209,518.5382910721864
1758,-828.6425513022592,519.1699525837358
1759,-829.3209787358145,519.8023211466233
1760,-830.0005747522441,520.4354880972268
1761,-830.681322808252,521.0694714363747
1762,-831.3632051206115,521.7042904928749
1763,-832.0462034026472,522.339965111847
1764,-832.7302995116448,522.9765149465502
1765,-833.4154319837982,523.6140061875378
1766,-834.1015814282723,524.2524597173074
1767,-834.7887272417538,524.8918976611739
1768,-835.4768480826508,525.5323428658259
1769,-836.1659222561851,526.1738184783592
1770,-836.8559072448977,526.8163694770957
1771,-837.5467808618197,527.4600193175128
1772,-838.2385200999073,528.104792220899
1773,-838.9311013241761,528.7507129590338
1774,-839.6245003733068,529.3978067357941
1775,-840.3186925642008,530.0460991707513
1776,-841.0136540301107,530.6956149150635
1777,-841.709360801797,531.346378595593
1778,-842.4057884520943,531.998415171256
1779,-843.1029119102952,532.6517501118021
1780,-843.8007051828545,533.3064096680164
1781,-844.4991627915767,533.9623993209857
1782,-845.1982601550638,534.6197436724349
1783,-845.8979725005003,535.2784673521631
1784,-846.5982744129651,535.9385954628685
1785,-847.2991392942524,536.6001541062639
1786,-848.0005781541023,537.2631321576064
1787,-848.7025665119521,537.927553464361
1788,-849.4050799639072,538.5934416164504
1789,-850.1080934920295,539.2608206240255
1790,-850.8115806878985,539.9297156656362
1791,-851.5155673072813,540.6001012624292
1792,-852.2200296460867,541.2719998925237
1793,-852.924944291991,541.945433562224
1794,-853.6302872264389,542.6204246775643
1795,-854.336032847124,543.2969969752485
1796,-855.0422198607228,543.9751127822279
1797,-855.7488258005849,544.6547928594651
1798,-856.4558286467977,545.3360573542444
1799,-857.1632057584837,546.0189268240306
1800,-857.8709327332663,546.7034233097623
1801,-858.5790593685116,547.3894990274382
1802,-859.2875647023484,548.0771728885569
1803,-859.9964283344815,548.7664630964557
1804,-860.7056292263071,549.4573882837724
1805,-861.4151444345218,550.1499686911743
1806,-862.1250329789668,550.8441483847336
1807,-862.8352755825675,551.5399443841852
1808,-863.5458536266232,552.237372929403
1809,-864.2567478530642,552.9364506980593
1810,-864.967937005873,553.6371960582952
1811,-865.6793963993194,554.3396303629636
1812,-866.3912017077815,555.0436832603078
1813,-867.1033315712738,555.7493734053404
1814,-867.815764915378,556.4567190022153
1815,-868.5284795320484,557.1657391094491
1816,-869.2415449628093,557.8763691106609
1817,-869.9549445515457,558.5886232240501
1818,-870.6686632250223,559.3025140708703
1819,-871.3826860148191,560.018054044177
1820,-872.0969965211657,560.7352567104002
1821,-872.8116712938088,561.4540514330356
1822,-873.5266988637882,562.1744476209498
1823,-874.2420689595843,562.8964534895047
1824,-874.9577710108673,563.620077434614
1825,-875.6737926140344,564.3453294247179
1826,-876.3902139111311,565.0721358673227
1827,-877.1070266628985,565.8005033158097
1828,-877.8242235111687,566.5304374482952
1829,-878.5417965424738,567.2619443810008
1830,-879.259735823104,567.9950319938049
1831,-879.9781220489008,568.7296263891167
1832,-880.6969490109673,569.465732422834
1833,-881.4162112917134,570.2033541756233
1834,-882.1359029171467,570.9424961836403
1835,-882.8560159840052,571.6831646811941
1836,-883.5766284650224,572.4252858969214
1837,-884.2977214641086,573.1688477204182
1838,-885.0192773429438,573.9138375877453
1839,-885.7412782963376,574.6602434482255
1840,-886.4637050775113,575.4080549204712
1841,-887.1866205016291,576.1571876066597
1842,-887.910009357848,576.9076283829642
1843,-888.6338576785405,577.6593633881533
1844,-889.3581515595125,578.4123790526522
1845,-890.0828759905219,579.1666631612087
1846,-890.8080909321317,579.9221355058374
1847,-891.5337853631931,580.6787810689732
1848,-892.2599495903671,581.436583987737
1849,-892.9865741913715,582.1955284854603
1850,-893.7137086195086,582.9555449456719
1851,-894.4413478425244,583.7166142892065
1852,-895.1694885119427,584.478716227412
1853,-895.8981280269975,585.2418301007516
1854,-896.6272636358027,586.0059357064495
1855,-897.3569419413328,586.7709672813623
1856,-898.0871630369717,587.5369026354664
1857,-898.8179280957327,588.3037188837262
1858,-899.5478648683082,589.0699421443705
1859,-900.2771934196238,589.8357821801237
1860,-901.0059677427846,590.6011959466833
1861,-901.7342066004582,591.3661775316475
1862,-902.4617047268151,592.130483554466
1863,-903.1884757695435,592.8941010906191
1864,-903.9145331931924,593.6570173676604
1865,-904.63991704166,594.4191942205492
1866,-905.3646416063607,595.1806180241492
1867,-906.0887218249463,595.9412745049644
1868,-906.8121730526719,596.701148954637
1869,-907.5350225156245,597.4602151533612
1870,-908.2572860878544,598.218457798054
1871,-908.978980251175,598.9758609518058
1872,-909.7001220092668,599.7324081199516
1873,-910.4207288686571,600.4880822614741
1874,-911.1408161259699,601.2428684431234
1875,-911.8604008414163,601.9967499444233
1876,-912.5795003679823,602.7497096917011
1877,-913.2981324792083,603.5017301262747
1878,-914.0163155699529,604.2527929984572
1879,-914.7340514015469,605.0028965345027
1880,-915.4513570523103,605.7520236855079
1881,-916.1682495993633,606.5001573226606
1882,-916.8847464548824,607.2472798978869
1883,-917.6008657760204,607.9933730257657
1884,-918.3165951892142,608.7384490229211
1885,-919.0319507743509,609.4824915284285
1886,-919.7469483235142,610.225484382914
1887,-920.4616038656826,610.9674110976507
1888,-921.175934261192,611.7082542454901
1889,-921.8899132890325,612.4480402441548
1890,-922.6035550725504,613.1867544491837
1891,-923.316873154297,613.9243827216421
1892,-924.0298811793621,614.660910733315
1893,-924.7425936404368,615.3963231998185
1894,-925.4549714110942,616.1306598832149
1895,-926.1670256865472,616.8639089523449
1896,-926.8787667761478,617.5960594121239
1897,-927.590204908163,618.3271002820375
1898,-928.301290587652,619.0570819336357
1899,-929.0120295112415,619.7859981502627
1900,-929.7224255379679,620.5138445596434
1901,-930.4324815731866,621.2406177353101
1902,-931.1422004736025,621.9663142708362
1903,-931.8515039451347,622.6910137999188
1904,-932.5603894519838,623.4147186239132
1905,-933.268851567725,624.1374339833774
1906,-933.9768829433947,624.8591670715631
1907,-934.6844752673048,625.5799260558291
1908,-935.3915145669187,626.2998252128896
1909,-936.097984845586,627.0188805293337
1910,-936.8038650996134,627.7371129888876
1911,-937.5091303574407,628.45454748954
1912,-938.2137526638386,629.1712118209041
1913,-938.9175640335185,629.8872685699391
1914,-939.620524646291,630.6027564893805
1915,-940.3225859730065,631.3177224975964
1916,-941.0236918518079,632.0322204378925
1917,-941.7237794239312,632.7463099775129
1918,-942.422561495365,633.4602491540434
1919,-943.1199537346831,634.17411399988
1920,-943.815854788535,634.887994583124
1921,-944.5101473261785,635.6019932695646
1922,-945.2026987783098,636.3162232191362
1923,-945.8930078014693,637.0310738974968
1924,-946.5809003170239,637.7466799393636
1925,-947.2661690192216,638.4631970295738
1926,-947.9485741190922,639.1807986274017
1927,-948.6278434845021,639.8996729597579
1928,-949.3031871865992,640.6202904586258
1929,-949.974265560677,641.3428491986725
1930,-950.6406831912403,642.067565810532
1931,-951.301989636744,642.7946685343765
1932,-951.9571742946122,643.5245681918788
1933,-952.6057018847782,644.2574716012676
1934,-953.2469664620879,644.9935847493058
1935,-953.8802954743521,645.7331013322902
1936,-954.5043129028835,646.4762697637418
1937,-955.1182833014292,647.2231977066849
1938,-955.7214015082187,647.9739581369814
1939,-956.3128046645414,648.7285761224182
1940,-956.8915623875796,649.4870153489335
1941,-957.4568409400515,650.2491897958715
1942,-958.0077923756864,651.0149508689303
1943,-958.5435715515608,651.7840848954733
1944,-959.0633520995301,652.556313697298
1945,-959.5663409549481,653.3312978310673
1946,-960.0517911254765,654.1086420040599
1947,-960.5190124786783,654.8879021339919
1948,-960.9673804249963,655.6685935203162
1949,-961.3963424651298,656.4501996233719
1950,-961.8054226523234,657.2321809993811
1951,-962.1942240873373,658.0139840060956
1952,-962.5624296154004,658.7950489690428
1953,-962.9098009303286,659.5748175758611
1954,-963.2361763123894,660.3527393412926
1955,-963.5414672353243,661.1282770543017
1956,-963.8256540764435,661.9009111789411
1957,-964.0887811542191,662.6701432304847
1958,-964.3309513024757,663.4354981874072
1959,-964.5523201709933,664.1965260281913
1960,-964.7530904206354,664.9528025004646
1961,-964.9335059581895,665.703929239777
1962,-965.0938463328557,666.449533357828
1963,-965.2344213934142,667.1892666166442
1964,-965.355566283024,667.9228042975489
1965,-965.4576368277588,668.6498438631048
1966,-965.5410053556631,669.3701034977211
1967,-965.6060569655953,670.0833205992735
1968,-965.6531862496358,670.7892502806645
1969,-965.6827944595462,671.4876639273243
1970,-965.6961078079472,672.1794082472934
1971,-965.6934827807451,672.8642494158549
1972,-965.6753203036692,673.5420042945595
1973,-965.6420512037395,674.2125321202942
1974,-965.5941237089686,674.8757264005487
1975,-965.531992977978,675.5315073493489
1976,-965.4561125946478,676.1798150787059
1977,-965.3674461336536,676.8212566910231
1978,-965.2663944856521,677.4557707884165
1979,-965.1533706217513,678.0833270668527
1980,-965.0287885184605,678.7039171972696
1981,-964.8930545716164,679.3175470497571
1982,-964.7465612446928,679.9242302692478
1983,-964.5896826790392,680.5239831382147
1984,-964.42277198464,681.1168206177307
1985,-964.2461599302179,681.7027534352098
1986,-964.0601547605352,682.2817860786429
1987,-963.8653836139733,682.854360196265
1988,-963.66209109133,683.4204461142268
1989,-963.4505220331117,683.9800259637706
1990,-963.2309171428258,684.5330892409414
1991,-963.003509893255,685.0796292238459
1992,-962.7685245093083,685.6196401787978
1993,-962.5261748323762,686.1531152704995
1994,-962.2766638860106,686.6800450841806
1995,-962.0201839803375,687.2004166666751
1996,-961.7569172119618,687.7142129967067
1997,-961.4870362363063,688.2214128006692
1998,-961.2107052094726,688.7219906378352
1999,-960.9280808160779,689.215917187449
2000,-960.6393133175159,689.7031596790036
2001,-960.3445475712956,690.1836824157936
2002,-960.043923986269,690.6574473502897
2003,-959.7375793905619,691.1244146778182
2004,-959.424526399412,691.5859497265585
2005,-959.1060290568437,692.0406143516595
2006,-958.7822142898334,692.4883641180951
2007,-958.4532079487858,692.9291545752651
2008,-958.1191353030268,693.3629418712413
2009,-957.7801214063319,693.7896832643481
2010,-957.4362913526394,694.2093375382461
2011,-957.0877704411892,694.6218653287533
2012,-956.7346842688203,695.027229371898
2013,-956.3771587652996,695.4253946832949
2014,-956.015320185511,695.8163286789992
2015,-955.6492950702682,696.200001247647
2016,-955.2792101855072,696.5763847830552
2017,-954.9051924477593,696.9454541856089
2018,-954.5273688421258,697.307186839817
2019,-954.145866337509,697.661562574412
2020,-953.7608118025977,698.008563610375
2021,-953.3723319250626,698.3481745013136
2022,-952.980553135565,698.6803820697406
2023,-952.5856015375122,699.0051753420125
2024,-952.187602842977,699.3225454839907
2025,-951.786682314817,699.6324857389025
2026,-951.3829647147613,699.9349913683847
2027,-950.9765742570545,700.2300595972935
2028,-950.5676345671404,700.5176895625544
2029,-950.1562686448215,700.7978822660837
2030,-949.7425771481772,701.0706531443852
2031,-949.3266542815554,701.3360220485196
2032,-948.9085937883422,701.5940095975891
2033,-948.4884888409805,701.8446371182248
2034,-948.0664320026391,702.0879265502706
2035,-947.6425151975814,702.3239003581
2036,-947.2168296903945,702.552581449598
2037,-946.7894660732733,702.7739931041953
2038,-946.3605142603851,702.9881589105627
2039,-945.9300634882769,703.1951027140011
2040,-945.4982023212881,703.3948485731493
2041,-945.0650186609952,703.5874207253604
2042,-944.6305997588008,703.7728435599369
2043,-944.1950322308876,703.9511415983269
2044,-943.7572847140915,704.1227204155582
2045,-943.3179160126125,704.2874411126725
2046,-942.8770127737565,704.4453189469857
2047,-942.4346655365638,704.5963660199739
2048,-941.990964056689,704.7405929441886
2049,-941.5459975035736,704.8780090196778
2050,-941.0998545875136,705.0086224509713
2051,-940.6526236667099,705.1324405719502
2052,-940.2043928348677,705.2494700664488
2053,-939.7540901947949,705.359952903008
2054,-939.302113523656,705.4638265860195
2055,-938.848557631813,705.5610850393618
2056,-938.3935201422146,705.6517194953359
2057,-937.9370985833853,705.7357193437675
2058,-937.4793905794529,705.8130724702597
2059,-937.0204939726673,705.8837656180416
2060,-936.560506914522,705.9477847455927
2061,-936.0995279296172,706.0051153653317
2062,-935.6379169405371,706.0557243605438
2063,-935.1756626136238,706.0996057846039
2064,-934.712863832856,706.1367476331757
2065,-934.2496187823887,706.1671389333738
2066,-933.7860260357611,706.190769830886
2067,-933.3221845101249,706.2076316934164
2068,-932.8581934338636,706.2177171843741
2069,-932.3941523164734,706.2210203140129
2070,-931.9301609210103,706.2175364735866
2071,-931.4663192390641,706.2072624569981
2072,-931.0029520414251,706.190310541636
2073,-930.5400505895426,706.1666631612281
2074,-930.0777161417149,706.1363187890868
2075,-929.616047403906,706.0992804824222
2076,-929.1551421019569,706.0555545597357
2077,-928.6950973357307,706.0051495623721
2078,-928.2360098826953,705.9480755306269
2079,-927.7779764426867,705.8843435218272
2080,-927.3210938294053,705.8139653118735
2081,-926.8654591150374,705.7369532328662
2082,-926.4111697347033,705.6533201090615
2083,-925.9584815499005,705.5633097928646
2084,-925.5073869637006,705.4668978426824
2085,-925.0579852241466,705.3640966390144
2086,-924.6103711234879,705.2549242718114
2087,-924.1646372882893,705.1394025458666
2088,-923.7208750941729,705.0175553596277
2089,-923.2791753926564,704.8894076120386
2090,-922.8396290662224,704.7549845091028
2091,-922.4023274389659,704.6143111685863
2092,-921.9673625682259,704.4674124415164
2093,-921.5348274401322,704.314312886418
2094,-921.1048569735145,704.1553904140727
2095,-920.6774472984366,703.9906102422818
2096,-920.2526937942505,703.8199954074289
2097,-919.8306845408922,703.6435760225751
2098,-919.4115037398864,703.4613865046904
2099,-918.9952335128037,703.2734633016086
2100,-918.5819552794212,703.0798433861721
2101,-918.1717507776323,702.8805633265779
2102,-917.7647027919471,702.6756587828455
2103,-917.3608956494585,702.4651643099421
2104,-916.9604155339858,702.2491133740509
2105,-916.5633506612047,702.0275385101094
2106,-916.169791350225,701.8004715665028
2107,-915.7798300204763,701.5679439971492
2108,-915.3933804083666,701.3304722085929
2109,-915.010454053704,701.0880048835123
2110,-914.6311449517341,700.8405735286688
2111,-914.2555346113429,700.5882184688643
2112,-913.8836974975688,700.3309852317411
2113,-913.5157044191983,700.0689215581499
2114,-913.151625068355,699.8020754438029
2115,-912.7915298626185,699.5304939511532
2116,-912.4354912314384,699.2542225878673
2117,-912.0835844683799,698.9733050905769
2118,-911.7358882512759,698.6877834882134
2119,-911.3924849144262,698.3976983487751
2120,-911.0534605409904,698.1030891375588
2121,-910.718904929819,697.8039946343695
2122,-910.3889114791014,697.5004533726641
2123,-910.0635770192805,697.1925040755975
2124,-909.7423544650546,696.8808191707225
2125,-909.4252837078395,696.5653316990439
2126,-909.1124551166932,696.2460827621449
2127,-908.8039360398285,695.9231238819219
2128,-908.4997805689973,695.5965121913443
2129,-908.2000362584225,695.2663065325186
2130,-907.9047490679131,694.9325649577637
2131,-907.6139668809558,694.5953432705395
2132,-907.3277419080449,694.2546943256094
2133,-907.0461322361779,693.9106678678372
2134,-906.7692027394894,693.5633107387018
2135,-906.4970255249082,693.2126673205267
2136,-906.2296800510524,692.8587801218115
2137,-905.9672530283095,692.5016904339732
2138,-905.7098381828258,692.1414390111635
2139,-905.4557663359722,691.7786687001751
2140,-905.2035022189174,691.4142491234101
2141,-904.953106589109,691.0481941056165
2142,-904.7045267487912,690.6805657719735
2143,-904.4564565409373,690.3122297054077
2144,-904.208742937778,689.9432768105255
2145,-903.9611665035259,689.5738405671835
2146,-903.7134757643882,689.204079923877
2147,-903.4654109076076,688.8341662923004
2148,-903.2167193460713,688.4642739959145
2149,-902.9665259094189,688.095120806479
2150,-902.7146279871474,687.7268597037597
2151,-902.4608213743267,687.359658423205
2152,-902.2049101405075,686.9936901385623
2153,-901.9467128769205,686.6291275173495
2154,-901.6860659067555,686.2661387410884
2155,-901.4228243901885,685.9048850869631
2156,-901.1568620259179,685.5455197149768
2157,-900.8878855480293,685.1884068527964
2158,-900.6158109779348,684.8336729468562
2159,-900.3405612059242,684.4814467112501
2160,-900.0620669324875,684.1318564271523
2161,-899.7802672131594,683.7850286795439
2162,-899.4951094121808,683.4410877135583
2163,-899.2065487852411,683.1001552552085
2164,-898.9145478497918,682.7623506654497
2165,-898.6190756567433,682.4277913234354
2166,-898.3201070427488,682.0965931579947
2167,-898.0176219159671,681.7688712659891
2168,-897.7116989444128,681.4445755972694
2169,-897.402071101487,681.123555902037
2170,-897.0888468327381,680.8060219949979
2171,-896.7720300393244,680.492072310215
2172,-896.4516294758334,680.1818042461443
2173,-896.1276566234018,679.8753145682241
2174,-895.8001250236866,679.5727005999827
2175,-895.4690498460861,679.2740611473527
2176,-895.1344476445896,678.9794972156511
2177,-894.7963362591626,678.689112561559
2178,-894.4547348258818,678.4030141166256
2179,-894.1096638679006,678.1213123131884
2180,-893.7613330306132,677.8436133424601
2181,-893.4097650551871,677.5700323563094
2182,-893.0549907158774,677.3006652093637
2183,-892.697046767868,677.0355960705481
2184,-892.3359734256379,676.7749023940876
2185,-891.971812699935,676.5186586870298
2186,-891.604164421455,676.2666525850356
2187,-891.2332588463297,676.0190832151277
2188,-890.8591388064564,675.7760343870758
2189,-890.4818487415804,675.5375959422034
2190,-890.101433029014,675.3038631007433
2191,-889.7179363705304,675.0749367538112
2192,-889.3314042217748,674.8509235604168
2193,-888.9420321317043,674.6311782808749
2194,-888.549864888244,674.4158206567139
2195,-888.1549529192822,674.2049416305678
2196,-887.7573511944204,673.998614550941
2197,-887.3571168344794,673.796902706775
2198,-886.9543076392957,673.5998649402925
2199,-886.5489812704038,673.4075597126233
2200,-886.1406637728804,673.2198209638028
2201,-885.7296126528389,673.0368017731835
2202,-885.3158855152404,672.858578112225
2203,-884.899541811283,672.6852339189074
2204,-884.4806413023816,672.5168605393509
2205,-884.0592446406902,672.353556740559
2206,-883.6354630529822,672.1945284981676
2207,-883.2093565107934,672.0398919416875
2208,-882.7809863998274,671.8897292812106
2209,-882.3504160338395,671.7441018489028
2210,-881.917709154757,671.6030592156504
2211,-881.4829291411261,671.4666459420434
2212,-881.0458378641054,671.3348248035934
2213,-880.6064892409033,671.2076434317237
2214,-880.1649368355797,671.0851559018522
2215,-879.7212343091636,670.9674241565763
2216,-879.275435963455,670.8545187764418
2217,-878.8275973347444,670.7465192891895
2218,-878.377728838102,670.6425809817778
2219,-877.9258799537411,670.5428015595786
2220,-877.4721009445014,670.4472453409174
2221,-877.0164417678584,670.3559558929915
2222,-876.5589534802704,670.2689659048646
2223,-876.099682489191,670.1863033672214
2224,-875.6386764126615,670.1079975612461
2225,-875.1759825521998,670.0340823105765
2226,-874.7116483646176,669.9645983298543
2227,-874.2457219955361,669.8995946733966
2228,-873.7782528429143,669.8391295234361
2229,-873.309292129877,669.7832705090744
2230,-872.8387664306531,669.7311594836067
2231,-872.3667220301916,669.6828808559449
2232,-871.8932028415023,669.638485364369
2233,-871.4182505566118,669.598002710829
2234,-870.9419050545363,669.5614512150684
2235,-870.4642049434916,669.5288450262169
2236,-869.9851881642463,669.5001993667746
2237,-869.5048926119074,669.4755342191546
2238,-869.0233567519061,669.4548768025063
2239,-868.5406202173137,669.438263129819
2240,-868.0565750222322,669.4249043869324
2241,-867.5712564637997,669.4148527129277
2242,-867.0846958128764,669.4081315791844
2243,-866.5969212602971,669.4047471555632
2244,-866.1079588476807,669.4046969765628
2245,-865.617833329962,669.4079763924279
2246,-865.1265689502688,669.4145832338942
2247,-864.6341901256857,669.424521061762
2248,-864.1407220512218,669.4378013171317
2249,-863.6461912330435,669.4544446368357
2250,-863.1504760335054,669.4737472249042
2251,-862.6536002581275,669.4957445516974
2252,-862.1555833644137,669.5204474694278
2253,-861.6564417197777,669.5478519692557
2254,-861.1561897044828,669.5779466777544
2255,-860.6548406472175,669.6107184818064
2256,-860.1524076027367,669.6461566301816
2257,-859.6489039911423,669.684255617209
2258,-859.1443441217459,669.725017111727
2259,-858.6387436242294,669.7684511545672
2260,-858.131984353571,669.813944741271
2261,-857.624080418189,669.8615198390528
2262,-857.1150417945154,669.9111773091797
2263,-856.6048756371875,669.9629051279809
2264,-856.093587375247,670.0166847652507
2265,-855.5811816028211,670.0724960190717
2266,-855.0676627869558,670.1303205795006
2267,-854.5530358208887,670.1901445640635
2268,-854.0373064516475,670.2519602377714
2269,-853.5204816088316,670.3157671008871
2270,-853.0024587852026,670.381047006746
2271,-852.4832442731807,670.4478085791355
2272,-851.9628408593935,670.5160429655557
2273,-851.4412490031715,670.5857305006435
2274,-850.9184677963353,670.6568459232351
2275,-850.394495721717,670.7293623665176
2276,-849.8693312366051,670.8032543253399
2277,-849.34297321011,670.8784997860208
2278,-848.8154212427175,670.955081683686
2279,-848.2865997983805,671.0325971287144
2280,-847.7565085466674,671.1110359274504
2281,-847.2251447260903,671.1903752251665
2282,-846.692504055932,671.2705845069472
2283,-846.1585814549449,671.3516295015778
2284,-845.6233715892414,671.4334751509012
2285,-845.0868692753637,671.5160877968051
2286,-844.5490697646742,671.5994367249305
2287,-844.0099689333307,671.6834951896653
2288,-843.469517293496,671.76797071483
2289,-842.9277114736601,671.8528425699037
2290,-842.3845467065279,671.938081628362
2291,-841.8400174105362,672.0236536826893
2292,-841.2941176369812,672.1095220240857
2293,-840.7468414008615,672.1956493916364
2294,-840.1981829144736,672.2819993900586
2295,-839.6481367420304,672.3685374673694
2296,-839.0966978918548,672.4552315348135
2297,-838.5438387984377,672.5418908551346
2298,-837.9895554009962,672.6284879545616
2299,-837.4338430087917,672.7149903283434
2300,-836.8766966099982,672.8013623421459
2301,-836.319113738615,672.887413124368
2302,-835.7600867053684,672.9732581820602
2303,-835.199610689724,673.0588599295695
2304,-834.6376811261111,673.1441814580136
2305,-834.0742937359207,673.2291867950322
2306,-833.5094372292215,673.3137763990895
2307,-832.9431081811431,673.3979177705489
2308,-832.375303083265,673.4815762777215
2309,-831.8060184488049,673.5647158574212
2310,-831.2364782002966,673.6471281888839
2311,-830.6656067131208,673.7289249623744
2312,-830.0934298728733,673.8100646833044
2313,-829.5199623085534,673.8905071378045
2314,-828.9452200829651,673.9702278811973
2315,-828.3692180836676,674.0491895834779
2316,-827.7919711979891,674.1273554532853
2317,-827.2134942996299,674.2046889976131
2318,-826.6338022281697,674.2811537488349
2319,-826.0544151000643,674.3565297204811
2320,-825.4747087784805,674.4308579976287
2321,-824.8946920687571,674.5041027386637
2322,-824.3143674681361,674.5762279290794
2323,-823.7337424646837,674.6472806438805
2324,-823.152820002951,674.7172277276455
2325,-822.571603323584,674.7860387678111
2326,-821.9900959232846,674.8536850274314
2327,-821.4092849436877,674.9200365157936
2328,-820.8287567946456,674.98510869733
2329,-820.2485115427297,675.0488741240459
2330,-819.6685452600278,675.1113045297765
2331,-819.0888542561931,675.17236986345
2332,-818.5094392844228,675.232177816954
2333,-817.930296993595,675.2907005032207
2334,-817.3514243647737,675.3479143216337
2335,-816.7728187037,675.4037982721042
2336,-816.195120663653,675.4582795154993
2337,-815.6180865293346,675.5113582387786
2338,-815.0417109099538,675.5630144693486
2339,-814.4659862369475,675.6132266838262
2340,-813.8909070581713,675.6621373305552
2341,-813.3164660851918,675.7097264053232
2342,-812.7426562790467,675.755978960757
2343,-812.1694708841327,675.8008830502175
2344,-811.5969033628005,675.8444280095479
2345,-811.0252221671916,675.8865860631581
2346,-810.4543044684441,675.9273523740092
2347,-809.8841431627854,675.9667130441404
2348,-809.3147301983868,676.0046514381057
2349,-808.7460563269258,676.041334842184
2350,-808.1781136555833,676.0767464492698
2351,-807.6108944153369,676.1108747861967
2352,-807.0443910470938,676.1437115296458
2353,-806.4788483415516,676.175238568252
2354,-805.9141699573864,676.205452770874
2355,-805.3503474113577,676.2343460429657
2356,-804.7873715536861,676.2619081877687
2357,-804.2252334958607,676.2881261796865
2358,-803.6639201438696,676.3131745910293
2359,-803.1034227528545,676.3370397278369
2360,-802.5437325997873,676.3597133540463
2361,-801.9848411039943,676.3811904580726
2362,-801.426934244664,676.4014624505493
2363,-800.8699784196206,676.4205263815068
2364,-800.3139633483978,676.4383775667026
2365,-799.7588787545704,676.4550092658385
2366,-799.2047146378608,676.4704120193209
2367,-798.6514546760657,676.4847541501848
2368,-798.0990890568282,676.4980250573471
2369,-797.5476079255743,676.5102192300697
2370,-796.9970015242459,676.5213341223564
2371,-796.4473984729808,676.5313672406883
2372,-795.8988012119632,676.5403171525609
2373,-795.35121220578,676.5481813052202
2374,-794.8046312005533,676.554955241561
2375,-794.2590468472577,676.5606320255506
2376,-793.7144405001175,676.5653633451373
2377,-793.1708011927857,676.5691407890267
2378,-792.628117898152,676.5719603785441
2379,-792.0863796694819,676.5738206669457
2380,-791.545658424588,676.5747217757984
2381,-791.0059561562553,676.5746632133006
2382,-790.4672748889437,676.5736434161856
2383,-789.9296167204984,676.5716590729317
2384,-789.3929838619844,676.5687046435585
2385,-788.8573706880513,676.5649088537491
2386,-788.3227791976395,676.5602646252551
2387,-787.7892112275553,676.5547685492861
2388,-787.2566579270878,676.5484190685986
2389,-786.7251073194311,676.5412153126667
2390,-786.1945853214822,676.5331570049049
2391,-785.6650936555194,676.524242351266
2392,-785.1366341279066,676.5144680269567
2393,-784.6092086655138,676.5038287934816
2394,-784.082819348689,676.4923172478178
2395,-783.5574599908216,676.4800422077957
2396,-783.0331325624661,676.466994911787
2397,-782.509838864346,676.4531697951645
2398,-781.9875805929308,676.4385631342922
2399,-781.4663594000791,676.4231719637279
2400,-780.9461769460669,676.4069932322932
2401,-780.4270349460796,676.390023163133
2402,-779.9089352106976,676.3722567839135
2403,-779.3918796811574,676.353687595392
2404,-778.8758625091232,676.3344032286046
2405,-778.3608855623155,676.3143962717419
2406,-777.8469505406571,676.2936618654323
2407,-777.3340590480447,676.2721965512442
2408,-776.8222126550185,676.2499973640402
2409,-776.3114129524854,676.2270611345085
2410,-775.8016615971932,676.2033839687568
2411,-775.2929603499463,676.1789608736235
2412,-774.7853111076911,676.1537854989097
2413,-774.2787159306308,676.1278499707305
2414,-773.7731675164031,676.1012432358464
2415,-773.2686678872022,676.0739565410203
2416,-772.7652188389544,676.0459840118207
2417,-772.2628220292227,676.0173214794603
2418,-771.7614790526336,675.9879655533895
2419,-771.2611915043601,675.9579129057645
2420,-770.7619610327567,675.927159734527
2421,-770.2637893825357,675.8957013736634
2422,-769.7666784299847,675.863532021838
2423,-769.2706302117222,675.8306445636533
2424,-768.7756345299374,675.7971433632787
2425,-768.2816933791684,675.7630203506095
2426,-767.7888084019792,675.7282710890178
2427,-767.2969810135746,675.6928933687406
2428,-766.8062125058121,675.6568861035232
2429,-766.3165041321158,675.6202484867156
2430,-765.8278571754486,675.5829793645806
2431,-765.3402730017748,675.5450767874979
2432,-764.8537467554129,675.506537170258
2433,-764.368266398048,675.4673549889019
2434,-763.883804622491,675.4276545918876
2435,-763.4003499716603,675.387428829011
2436,-762.917890625013,675.3466749178486
2437,-762.4364146239035,675.3053927643116
2438,-761.9559100081739,675.2635836570969
2439,-761.4746142124181,675.2210868109546
2440,-760.9932586710485,675.1779724202768
2441,-760.5118390761105,675.134240653548
2442,-760.030358707455,675.089890928579
2443,-759.5488209221147,675.0449210060737
2444,-759.0672121377569,674.9994639475453
2445,-758.5855358790812,674.9535149141373
2446,-758.1037950440004,674.9070735733387
2447,-757.6219921503778,674.8601423237839
2448,-757.1401294930697,674.8127249341364
2449,-756.6582092648081,674.7648255290637
2450,-756.1765264507342,674.7164782847054
2451,-755.694959003813,674.6676731638788
2452,-755.2135080724828,674.6184118246781
2453,-754.7321737164731,674.5686944237385
2454,-754.2509561875778,674.5185196497085
2455,-753.7698395190405,674.468013610063
2456,-753.2888242002826,674.417172639707
2457,-752.8079101445607,674.3659974656623
2458,-752.3270969173119,674.3144915497581
2459,-751.8463838893146,674.2626598131056
2460,-751.3660715899396,674.2105412188981
2461,-750.886031461671,674.1581267603726
2462,-750.4062616601205,674.1054209507734
2463,-749.9267591990138,674.0524272059956
2464,-749.4475212745513,673.9991478007544
2465,-748.9685328438317,673.9456826462507
2466,-748.4897914148781,673.8920317532194
2467,-748.0112941177899,673.8381983193749
2468,-747.5330378755406,673.7841874463937
2469,-747.0550195223128,673.7300051665021
2470,-746.5775461598512,673.67569359384
2471,-746.1004829914614,673.6212434351312
2472,-745.6238257686181,673.5666598981064
2473,-745.1475690835839,673.511947209524
2474,-744.6717077210633,673.4571086542248
2475,-744.1962290851977,673.4022082566086
2476,-743.7211283195447,673.3472473343077
2477,-743.246400408779,673.292229002896
2478,-742.7720402769845,673.2371573969255
2479,-742.298042857197,673.1820370881986
2480,-741.8244031414222,673.126872665915
2481,-741.3514362022455,673.0717060465461
2482,-740.8790014237121,673.0165251083965
2483,-740.407092851865,672.9613329941287
2484,-739.9357033372523,672.9061320762578
2485,-739.4648259140645,672.8509241097089
2486,-738.99445093838,672.7957339322545
2487,-738.5245717694261,672.7405621445066
2488,-738.0551817952248,672.6854098716212
2489,-737.586274464037,672.6302784956099
2490,-737.1178433063355,672.5751694607283
2491,-736.6502127895823,672.5201231988011
2492,-736.1832362240367,672.465124329447
2493,-735.7169061306298,672.4101736894652
2494,-735.2512137707679,672.3552717128475
2495,-734.7861505714413,672.3004185913139
2496,-734.321708108382,672.2456142782644
2497,-733.8578798517187,672.1908439421509
2498,-733.3946576340976,672.1361073535585
2499,-732.9320335009174,672.0814034749587
2500,-732.4699996807856,672.0267306935713
2501,-732.0085485621339,671.9720870051344
2502,-731.5480159055978,671.9175108695572
2503,-731.0882486821356,671.86298262233
2504,-730.6292382877799,671.808499660747
2505,-730.1709748020345,671.7540592049028
2506,-729.7134484608295,671.699658508524
2507,-729.2566547198327,671.6452538577481
2508,-728.8005840004373,671.5908432836474
2509,-728.3452270747023,671.5364231369883
2510,-727.8905749906157,671.4819886758594
2511,-727.4366190165434,671.4275345100532
2512,-726.9833505995641,671.3730549273339
2513,-726.5310886802147,671.3185836439204
2514,-726.079704056135,671.2641003677759
2515,-725.629186804511,671.209599379099
2516,-725.1795259377317,671.155075041287
2517,-724.7307106195184,671.1005219687245
2518,-724.2827357671721,671.0458924880394
2519,-723.8355906876888,670.991182658331
2520,-723.3892650661115,670.9363869646667
2521,-722.9437488840033,670.8814989099279
2522,-722.499032361715,670.8265114520616
2523,-722.0551059158768,670.7714173160439
2524,-721.6121985995063,670.7162390784343
2525,-721.1702808752175,670.6609671109343
2526,-720.7293406631225,670.6055941738505
2527,-720.2893658738782,670.5501132600796
2528,-719.8503445819782,670.494517620728
2529,-719.4122684109713,670.4387770477646
2530,-718.9751256156582,670.3828862442938
2531,-718.5389047573476,670.3268391263058
2532,-718.1035946529498,670.2706291483548
2533,-717.6691843407385,670.214249535089
2534,-717.2356630558521,670.157693438261
2535,-716.8030202134986,670.1009540362838
2536,-716.3712453981107,670.0440245904492
2537,-715.9403283570053,669.9868984692687
2538,-715.5102589973734,669.9295691500595
2539,-715.0810273856648,669.8720302048915
2540,-714.6526237486445,669.814275276321
2541,-714.2250376123399,669.7563035917777
2542,-713.7982594146504,669.6981095803092
2543,-713.3722797183008,669.639687905452
2544,-712.947089221064,669.5810333871776
2545,-712.5226787634558,669.5221409355851
2546,-712.0990393351418,669.463005495312
2547,-711.6748031413789,669.4034293751174
2548,-711.2505383346436,669.3434888898477
2549,-710.826241926493,669.283178890936
2550,-710.4019167544462,669.2224947864695
2551,-709.9775656300305,669.1614316902246
2552,-709.5531865174684,669.1000137126854
2553,-709.1287822323436,669.0382357704443
2554,-708.7043554104466,668.9760937349752
2555,-708.2799085780454,668.9135840347601
2556,-707.8554441996922,668.8507033595364
2557,-707.4309647139846,668.7874484456279
2558,-707.0051588100094,668.7236170512355
2559,-706.578027581848,668.6592045731317
2560,-706.1495722228929,668.5942058528792
2561,-705.7197940366924,668.5286151318895
2562,-705.2886944436256,668.462426031932
2563,-704.856274984971,668.3956315512681
2564,-704.4225289250505,668.3282712219788
2565,-703.9874579477455,668.2603371940362
2566,-703.5510634811191,668.1918231409153
2567,-703.1133468058629,668.1227236127917
2568,-702.6743091373712,668.0530335572599
2569,-702.2339516869184,667.9827479708778
2570,-701.7922757065619,667.9118616513367
2571,-701.3492825216043,667.8403690257051
2572,-700.9049735537474,667.7682640350104
2573,-700.4593503374697,667.6955400594845
2574,-700.01241453165,667.622189872153
2575,-699.5641572283164,667.5482626132721
2576,-699.1145802183645,667.4737502453912
2577,-698.6636849417995,667.3986466916034
2578,-698.2114726273716,667.3229470444546
2579,-697.7579443996347,667.2466469706062
2580,-697.3031013596639,667.1697422714374
2581,-696.846944644859,667.0922285659544
2582,-696.389475472457,667.0141010679897
2583,-695.9306951706184,666.9353544346563
2584,-695.4706052002794,666.8559826673555
2585,-695.0092071703635,666.7759790503256
2586,-694.5464905105789,666.6953990268189
2587,-694.0824569682383,666.6142350113346
2588,-693.6171078829168,666.5324815813863
2589,-693.1504443449253,666.4501346211862
2590,-692.6824673181319,666.3671906687512
2591,-692.2131777334715,666.283646427847
2592,-691.7425765588166,666.1994984113677
2593,-691.2706648501575,666.1147426876878
2594,-690.797443788321,666.0293747060906
2595,-690.3229147047807,665.9433891814724
2596,-689.8470790995037,665.8567800221264
2597,-689.3699252495874,665.7696062524119
2598,-688.8914547859077,665.6818609412007
2599,-688.411668895572,665.5935394153634
2600,-687.930568490929,665.5046383827763
2601,-687.4481543420297,665.4151552545974
2602,-686.964427178542,665.3250876317769
2603,-686.479387766654,665.234432924673
2604,-685.9930369659161,665.1431880786115
2605,-685.5053757703404,665.0513493820846
2606,-685.0164053374627,664.9589123378745
2607,-684.526113907717,664.8659346027576
2608,-684.0345027646913,664.7724108672429
2609,-683.5415727654439,664.6783379231409
2610,-683.0473245058264,664.5837138325576
2611,-682.5517584504902,664.4885372819134
2612,-682.0548750331274,664.3928070900438
2613,-681.5566747321432,664.2965218423955
2614,-681.0571581264735,664.1996796265207
2615,-680.5563259357106,664.1022778472802
2616,-680.0541790481459,664.0043131032496
2617,-679.5507061205573,663.9058399051927
2618,-679.0459081648851,663.8068540834586
2619,-678.5397857935218,663.7073533952566
2620,-678.032339373169,663.6073367691307
2621,-677.523569146743,663.5068037118136
2622,-677.0134753280348,663.4057538521024
2623,-676.5020581736304,663.304186598288
2624,-675.9893180362526,663.2021008879232
2625,-675.4752554032665,663.0994950111215
2626,-674.9598601735726,662.9964170201691
2627,-674.4431329434258,662.8928645440068
2628,-673.9250739687194,662.7888368280426
2629,-673.4056833007514,662.6843340784906
2630,-672.8849608936681,662.5793569469811
2631,-672.3629066876676,662.4739061342516
2632,-671.8395206718974,662.3679820930804
2633,-671.3148029306989,662.2615848123548
2634,-670.7887536765027,662.1547136660748
2635,-670.2613732722946,662.0473673130558
2636,-669.7326525738523,661.939588869798
2637,-669.2025920544486,661.8313763726942
2638,-668.6711918824209,661.72272929763
2639,-668.1384520368745,661.613648006961
2640,-667.6043724004849,661.5041333081409
2641,-667.0689528323733,661.3941861088123
2642,-666.5321932240191,661.2838071536496
2643,-665.9940935410428,661.1729968291448
2644,-665.4546538534829,661.0617550236672
2645,-664.9138664613558,660.9501179783704
2646,-664.3717315107631,660.8380851535999
2647,-663.8282488977055,660.7256571848116
2648,-663.2834183654068,660.6128354208547
2649,-662.7372395822556,660.4996215552826
2650,-662.18971220282,660.3860173385101
2651,-661.6408359143921,660.2720243588844
2652,-661.090610471428,660.1576438813465
2653,-660.5390357200827,660.0428767332131
2654,-659.9861054080039,659.9277523835127
2655,-659.4318194597328,659.8122712507366
2656,-658.876177609282,659.6964346498228
2657,-658.3191794749002,659.5802444383897
2658,-657.7608246189521,659.4637027337562
2659,-657.2011125947249,659.34681169194
2660,-656.6400429819938,659.2295733398707
2661,-656.0776154131237,659.1119894524021
2662,-655.5138295913713,658.9940614662605
2663,-654.9486806915656,658.8758122226843
2664,-654.3821684842165,658.7572428243855
2665,-653.8142925984102,658.6383550432658
2666,-653.2450525761392,658.519151063188
2667,-652.6744479158049,658.3996332739978
2668,-652.1024781061402,658.279804110824
2669,-651.5291426518282,658.1596659326065
2670,-650.9544410920681,658.0392209339684
2671,-650.3783700685784,657.918485116896
2672,-649.8009291705365,657.7974604380014
2673,-649.2221178970237,657.6761492845358
2674,-648.6419356934399,657.554554301536
2675,-648.0603819801281,657.4326782557839
2676,-647.4774561741374,657.3105239322043
2677,-646.8931577050547,657.18809405833
2678,-646.3074860258034,657.0653912526269
2679,-645.720440619248,656.9424179927472
2680,-645.1320193573707,656.8191845098316
2681,-644.5422217804969,656.6956930143335
2682,-643.9510473801558,656.571945954264
2683,-643.3584956166617,656.447945931384
2684,-642.7645659324814,656.3236956374026
2685,-642.1692577618772,656.199197807903
2686,-641.5725705373045,656.0744551917444
2687,-640.9745036930232,655.9494705338006
2688,-640.3750562356993,655.824248660757
2689,-639.7742276397764,655.6987921336946
2690,-639.172017363431,655.5731035973912
2691,-638.568424852988,655.4471857593219
2692,-637.9634495453372,655.3210413782824
2693,-637.3570908686194,655.1946732613834
2694,-636.7493482414219,655.0680842682929
2695,-636.1402210706927,654.9412773217649
2696,-635.5297093080429,654.814252679775
2697,-634.9178123992929,654.6870130841214
2698,-634.3045298037564,654.5595612168878
2699,-633.6898609864929,654.4318997382152
2700,-633.0738054105541,654.3040313243006
2701,-632.4563625293156,654.175958705194
2702,-631.8375317789315,654.0476847022214
2703,-631.217312570903,653.9192122650896
2704,-630.5957056501363,653.7905377486097
2705,-629.9727104634866,653.6616639323674
2706,-629.3483264930778,653.5325934290512
2707,-628.7225532388717,653.4033287698247
2708,-628.0953902027818,653.2738724825495
2709,-627.4668368742896,653.1442271630314
2710,-626.8368927174484,653.0143955398405
2711,-626.2055571591027,652.8843805335505
2712,-625.5728315974832,652.754175221363
2713,-624.9387154913442,652.6237823632244
2714,-624.3032083510492,652.4932044698143
2715,-623.666309713656,652.3624439254693
2716,-623.0280191206525,652.2315030986126
2717,-622.388336098223,652.1003844402235
2718,-621.7472601398293,651.9690905713713
2719,-621.1047906908204,651.837624361224
2720,-620.4609296809458,651.705976164249
2721,-619.8156765866038,651.5741486856543
2722,-619.1690309484575,651.4421443159193
2723,-618.5209923407403,651.3099652833918
2724,-617.8715603439651,651.1776137906857
2725,-617.2207345208751,651.0450921355898
2726,-616.5685143953651,650.9124028177944
2727,-615.9149021398257,650.7795349108545
2728,-615.2598973178283,650.6464907015904
2729,-614.6034995640186,650.5132721242132
2730,-613.9457085496168,650.3798809329744
2731,-613.2865239520368,650.2463188549326
2732,-612.6259454284144,650.11258772379
2733,-611.9639725927124,649.9786895964004
2734,-611.3006049959785,649.8446268540537
2735,-610.6358451333913,649.7103868471066
2736,-609.9696925764895,649.575971835307
2737,-609.3021469673773,649.441383725931
2738,-608.6332079835471,649.3066242510696
2739,-607.9628753066913,649.171695125556
2740,-607.2911485953222,649.0365981863662
2741,-606.6180274608836,648.9013355150261
2742,-605.9435144288882,648.7658942462999
2743,-605.2676091479364,648.63027625367
2744,-604.5903113415093,648.4944830329516
2745,-603.911620771106,648.3585158890743
2746,-603.231537203659,648.2223761018861
2747,-602.5500603830408,648.0860650718232
2748,-601.867190005341,647.9495844470262
2749,-601.1829285818033,647.8129213803664
2750,-600.4972758378169,647.6760773508671
2751,-599.810231566835,647.5390534919591
2752,-599.1217955948213,647.4018507725457
2753,-598.4319677488904,647.2644701573117
2754,-597.7407478299514,647.1269127471575
2755,-597.0481355890345,646.9891799013454
2756,-596.3541334570009,646.8512591386767
2757,-595.6587412063743,646.7131516899786
2758,-594.9619586710886,646.5748584727671
2759,-594.2637857132534,646.436380261196
2760,-593.5642221937879,646.2977178367272
2761,-592.8632679467567,646.158872120307
2762,-592.1609227571151,646.0198442875045
2763,-591.4571889309902,645.880622461502
2764,-590.7520662722022,645.741207704577
2765,-590.045554640956,645.6016007902352
2766,-589.3376539230229,645.4618023613315
2767,-588.628364002403,645.3218130707534
2768,-587.9176847373328,645.1816337052989
2769,-587.2056159393873,645.0412652940224
2770,-586.4921597662496,644.9006966965408
2771,-585.7773160483081,644.7599288307704
2772,-585.0610846676233,644.6189623491391
2773,-584.3434655295129,644.4777977847971
2774,-583.6244585372303,644.3364356822501
2775,-582.9040635696343,644.1948767129026
2776,-582.1822804616324,644.0531217766109
2777,-581.4591112104504,643.9111605399299
2778,-580.7345556701747,643.768993791566
2779,-580.0086137415441,643.6266220798959
2780,-579.2812853459588,643.4840458470285
2781,-578.5525704022095,643.3412655491186
2782,-577.8224688058459,643.1982817633071
2783,-577.090980411,643.0550952822389
2784,-576.358107057318,642.9116965713071
2785,-575.6238486187079,642.7680863106444
2786,-574.8882050109995,642.6242649639561
2787,-574.1511761682922,642.4802329007663
2788,-573.4127620216652,642.3359905066875
2789,-572.6729624801892,642.1915382819868
2790,-571.9317791181072,642.0468680644007
2791,-571.1892118748173,641.9019801893251
2792,-570.4452607281859,641.7568747929413
2793,-569.6999256725686,641.6115519259798
2794,-568.9532066991585,641.466011655587
2795,-568.2051037786055,641.3202541555692
2796,-567.4556168457578,641.1742797857859
2797,-566.7047473603724,641.0280809685418
2798,-565.9524952660186,640.8816580120391
2799,-565.1988605331941,640.7350110849803
2800,-564.4438431412897,640.5881403100403
2801,-563.6874430623774,640.4410458479999
2802,-562.9296602467673,640.2937279728241
2803,-562.1704946101974,640.1461871383871
2804,-561.4099474756124,639.9984164710073
2805,-560.6480187703625,639.8504163592244
2806,-559.884708448074,639.7021870554206
2807,-559.1200164727077,639.5537287585072
2808,-558.3539428040253,639.4050416893971
2809,-557.5864873844424,639.2561261593784
2810,-556.8176513351438,639.1069763429831
2811,-556.0474346232039,638.9575924197804
2812,-555.2758372425283,638.8079744300559
2813,-554.5028591988348,638.6581223527485
2814,-553.728500496023,638.5080361762547
2815,-552.952761123918,638.3577159621449
2816,-552.1756420531491,638.2071566674482
2817,-551.3971432919154,638.0563582555934
2818,-550.617264868618,637.9053205850325
2819,-549.8360068189687,637.7540434761717
2820,-549.0533691743973,637.6025267715954
2821,-548.2693519517326,637.4507703897043
2822,-547.4839551440787,637.2987743721873
2823,-546.6971796404243,637.146534099123
2824,-545.9090254385044,636.9940495860609
2825,-545.119492549979,636.8413207762209
2826,-544.3285809903931,636.6883475926313
2827,-543.536290770061,636.5351299854873
2828,-542.7426218858544,636.3816679748375
2829,-541.9475750793622,636.2279577079256
2830,-541.1511503602419,636.0739991370335
2831,-540.3533477536331,635.919792134018
2832,-539.5541672911968,635.7653365368341
2833,-538.7536090029688,635.6106321918475
2834,-537.9516729100251,635.4556789919405
2835,-537.1483596435023,635.3004736594513
2836,-536.3436692366718,635.1450160230664
2837,-535.5376017360713,634.9893058425566
2838,-534.730157193918,634.833342848169
2839,-533.921335661268,634.677126776141
2840,-533.1111371819245,634.5206574003345
2841,-532.2995622913656,634.3639319412953
2842,-531.4866110418427,634.206950128548
2843,-530.6722834960359,634.0497116374736
2844,-529.8565797210354,633.8922161205458
2845,-529.0394997829849,633.734463235131
2846,-528.2210437423856,633.5764526678561
2847,-527.4012120463254,633.4181820995996
2848,-526.580004760776,633.2596511884243
2849,-525.75742196026,633.1008595480471
2850,-524.9334637233468,632.9418067712076
2851,-524.1081301287148,632.7824924500924
2852,-523.2814212517831,632.6229161938012
2853,-522.4533374581675,632.4630761073819
2854,-521.6238788272792,632.3029717792858
2855,-520.7930454461809,632.142602758348
2856,-519.9608374064451,631.9819685700862
2857,-519.1272548014997,631.8210687304608
2858,-518.2922977244742,631.6599027570408
2859,-517.4559664663808,631.4984691430656
2860,-516.6182611235371,631.3367673898157
2861,-515.7791817994871,631.1747969612504
2862,-514.9387286031183,631.0125572937768
2863,-514.0969016472211,630.8500478037251
2864,-513.2537010475086,630.6872678924369
2865,-512.4091269954017,630.524216569988
2866,-511.56317960736163,630.3608932341946
2867,-510.71585900503936,630.1972972561999
2868,-509.8671653148498,630.0334279827018
2869,-509.01709866796307,629.8692847360222
2870,-508.1656592007338,629.7048668119163
2871,-507.3128468881692,629.5401743394463
2872,-506.4586618573744,629.3752066624064
2873,-505.6031042315243,629.209963145119
2874,-504.7461741317923,629.0444431624666
2875,-503.88787167963574,628.8786460880966
2876,-503.0281965650291,628.7125735225525
2877,-502.16714888102604,628.5462249860223
2878,-501.3047287007222,628.3796001018733
2879,-500.4412823794153,628.2127655365775
2880,-499.5764636682749,628.0456540757541
2881,-498.71027260994805,627.8782655002148
2882,-497.8427085103014,627.7106033942173
2883,-496.97377136384966,627.5426677865778
2884,-496.1034611279597,627.3744588979124
2885,-495.23275651386666,627.2061664180837
2886,-494.361261450323,627.037714227646
2887,-493.48899236152096,626.8691060722693
2888,-492.6159603105065,626.7003500051121
2889,-491.74217715847,626.5314492463622
2890,-490.86765453975084,626.3624072685516
2891,-489.99323906586716,626.1933892229583
2892,-489.1185874616117,626.0243303788134
2893,-488.2437063594225,625.8552394809783
2894,-487.3685997575572,625.6861194122378
2895,-486.49327155412396,625.5169734297118
2896,-485.61844702502026,625.3479444241393
2897,-484.74382359515766,625.1789770518118
2898,-483.8694019394754,625.0100747551477
2899,-482.99517861183114,624.8412459755226
2900,-482.1211512130241,624.6724939780958
2901,-481.2473172876096,624.5038224533708
2902,-480.37423380083663,624.3353431975659
2903,-479.5016607493691,624.1670148688053
2904,-478.629593321446,623.9988417300751
2905,-477.75802356636837,623.8308320575446
2906,-476.8869444218702,623.6629900408033
2907,-476.0165175381357,623.4953527279519
2908,-475.14666424123516,623.3279115274715
2909,-474.27737679484716,623.1606719181385
2910,-473.40864639314566,622.9936416991455
2911,-472.54046473497135,622.8268265772246
2912,-471.6728235265673,622.6602327898014
2913,-470.805884845577,622.4938995707383
2914,-469.93956809827495,622.3278204513117
2915,-469.07386431536986,622.1620032033658
2916,-468.2087641388556,621.9964542825966
2917,-467.34425809030967,621.8311815149522
2918,-466.4803367150959,621.6661932629255
2919,-465.61716265028184,621.5015309720246
2920,-464.754653415085,621.3371904818885
2921,-463.89279985057857,621.173176511482
2922,-463.03159134450726,621.0094984371482
2923,-462.1710173426511,620.8461661275761
2924,-461.311241171415,620.6832225416126
2925,-460.45217852868615,620.5206650763007
2926,-459.593818189624,620.3585056700343
2927,-458.73615023265785,620.1967451958237
2928,-457.87916303077304,620.0353952988878
2929,-457.0228450281037,619.8744681059783
2930,-456.1673604124984,619.7140087600084
2931,-455.31262309501534,619.5540172195987
2932,-454.4586208257089,619.3945081711703
2933,-453.60534389771686,619.2354774021167
2934,-452.7527797184441,619.0769390639073
2935,-451.90091579472124,618.9189077447717
2936,-451.04991732726035,618.7614308413526
2937,-450.19969648289043,618.6045111053969
2938,-449.3502400677141,618.4481661673258
2939,-448.5015388109821,618.2923852239701
2940,-447.6535792446456,618.1371850421032
2941,-446.8063480377846,617.982582728703
2942,-445.96001159846065,617.8286278303369
2943,-445.1144804290917,617.6753259582705
2944,-444.2697459584295,617.522661864792
2945,-443.4257940282368,617.3706530424224
2946,-442.5826106894974,617.2193170261518
2947,-441.7403217732478,617.0686959793766
2948,-440.8988795212874,616.9188032122969
2949,-440.0582689691053,616.7696593386615
2950,-439.2184815983865,616.6212391224568
2951,-438.37950270415377,616.473561828122
2952,-437.5413178037087,616.3266467281803
2953,-436.704017155467,616.1805312088356
2954,-435.8675532451482,616.0352309369024
2955,-435.03191106445524,615.890768977153
2956,-434.19708333364434,615.7471097503818
2957,-433.36305533475803,615.6042746707029
2958,-432.52981261156305,615.4622849442843
2959,-431.69734088359405,615.3211623520424
2960,-430.8656259422146,615.1809300451057
2961,-430.03465355239706,615.0416133568259
2962,-429.20441856848055,614.9031658521637
2963,-428.3749073802813,614.7656108102661
2964,-427.5461066693728,614.628971001019
2965,-426.7179661960771,614.4932639056889
2966,-425.89048868149,614.3585165392117
2967,-425.0636612147891,614.2247558610898
2968,-424.23748083391706,614.0919241841473
2969,-423.4119353907407,613.9600460034919
2970,-422.5870130456968,613.8291450065994
2971,-421.76266843637194,613.6992402246068
2972,-420.93890434654446,613.5703591447857
2973,-420.1157093514164,613.4425296775014
2974,-419.29308230144443,613.3156829630341
2975,-418.4710124775528,613.1898441133941
2976,-417.64948947444816,613.0650371684083
2977,-416.82847212977174,612.9412820438229
2978,-416.00796350166644,612.8186062192275
2979,-415.18795360151086,612.6970380194521
2980,-414.3684426940238,612.5764980001776
2981,-413.5494214241692,612.4570114563803
2982,-412.7308807463934,612.3386023756242
2983,-411.9127840714883,612.2212911919382
2984,-411.0951344593879,612.1051049674426
2985,-410.2779232784283,611.9900720176743
2986,-409.4611518165136,611.8761031847358
2987,-408.64481199234496,611.763223594176
2988,-407.8288960231216,611.6514568442257
2989,-407.01337272306523,611.5408236151617
2990,-406.1982446587891,611.4313501602081
2991,-405.3835044549321,611.323064381665
2992,-404.5691540514526,611.2158685555701
2993,-403.7551865328345,611.1097872891461
2994,-402.94159526536475,611.0048434588857
2995,-402.128312995487,610.9010528627393
2996,-401.31535923132907,610.7984426202577
2997,-400.50272790074285,610.6970398627162
2998,-399.6904216028806,610.5967397237955
2999,-398.8784347989968,610.4975660205469
3000,-398.06676220522314,610.3995406662664
3001,-397.25520794795113,610.3026651674329
3002,-396.44384802721976,610.2069711574242
3003,-395.63267822102506,610.112484811717
3004,-394.82170256852265,610.0190958268554
3005,-394.0109178172311,609.9268271664025
3006,-393.200320923251,609.8356997631956
3007,-392.38990901629717,609.7457342584659
3008,-391.5794487539033,609.6569305290465
3009,-390.7690351897464,609.5693228801497
3010,-389.95866637624437,609.4829408710713
3011,-389.1483479310384,609.3976586243888
3012,-388.3380788592372,609.3135031639074
3013,-387.52785832971904,609.2304995138935
3014,-386.7174432147408,609.1486513661758
3015,-385.9069358351809,609.0679939795547
3016,-385.09633658156883,608.9885570227922
3017,-384.2856521997211,608.9102138928129
3018,-383.4748840904666,608.8329899779653
3019,-382.66403379566987,608.7569078820951
3020,-381.8528464242362,608.6819692856263
3021,-381.04143262626013,608.6082054849924
3022,-380.2297951740484,608.5356422836979
3023,-379.41794199852006,608.4641508477105
3024,-378.60587682449585,608.3937526342775
3025,-377.7936034444408,608.3244663531793
3026,-376.9808541043764,608.2562909523701
3027,-376.16774798294875,608.1892535787706
3028,-375.3542900157393,608.123376478708
3029,-374.54048926705,608.0585300499292
3030,-373.72635156409103,607.9947328207861
3031,-372.91188273320876,607.9320008363112
3032,-372.09679985763114,607.8703316341501
3033,-371.28123132691314,607.809749652283
3034,-370.4651840524601,607.7502749852023
3035,-369.6486682268996,607.6917793974677
3036,-368.8316916346246,607.6342797838531
3037,-368.0142620070928,607.577790715163
3038,-367.19587617578543,607.522298208531
3039,-366.37675863753276,607.4678296032678
3040,-365.55691899985936,607.4144036978046
3041,-364.7363703014828,607.361895242635
3042,-363.91512384658506,607.3103201390816
3043,-363.09319082049063,607.2596920155472
3044,-362.2698196201586,607.2099872529997
3045,-361.4452047725183,607.1612291925904
3046,-360.61936360265423,607.1134357923647
3047,-359.79231576424996,607.0664858526239
3048,-358.9640796885623,607.0203945500764
3049,-358.13467357353784,606.9751748308009
3050,-357.30383663789723,606.9308274966746
3051,-356.47156997768906,606.8873656433291
3052,-355.6378747183471,606.8448052342289
3053,-354.80275229913775,606.8030283024171
3054,-353.9662035464257,606.7620480045903
3055,-353.1282293634961,606.7218753248414
3056,-352.28883070396756,606.6825207860254
3057,-351.4480085567172,606.6439960663147
3058,-350.6057639425585,606.6063155214206
3059,-349.76209783241313,606.5693651515058
3060,-348.91701096920866,606.5331564398437
3061,-348.0705041556431,606.4976987234459
3062,-347.22257823476906,606.4630008303453
3063,-346.37323408015806,606.4290726297829
3064,-345.52247259586426,606.3959264952891
3065,-344.670294394543,606.3634524254751
3066,-343.8167001241812,606.3316599034638
3067,-342.9616904766798,606.3005563272195
3068,-342.1052661741727,606.270148566367
3069,-341.2474279630841,606.2404444385679
3070,-340.38817661612234,606.2114541052118
3071,-339.52751249406003,606.1830718320494
3072,-338.665436138527,606.1553049142582
3073,-337.8019481216405,606.1281586432694
3074,-336.9370490365595,606.1016377727032
3075,-336.07073949404247,606.0757479101487
3076,-335.2030201251776,606.0504968344306
3077,-334.3338911425183,606.0257835342767
3078,-333.4633529755639,606.0016129622674
3079,-332.59140607374604,605.9779881513863
3080,-331.7180508997469,605.9549115788959
3081,-330.8432879272105,605.932386461978
3082,-329.9671176429713,605.9104179846479
3083,-329.0895402106796,605.8889104496822
3084,-328.2105559498817,605.8678662618195
3085,-327.3301651925052,605.8472859859354
3086,-326.4483682776329,605.8271695966813
3087,-325.56516554919835,605.8075176649804
3088,-324.6805573041984,605.7882477053972
3089,-323.79454378034376,605.7693569077485
3090,-322.9071252221103,605.7508404802531
3091,-322.01830187541236,605.732692810757
3092,-321.1280739834822,605.7149085515463
3093,-320.2364417838623,605.6974836250623
3094,-319.3434056707138,605.6803401765346
3095,-318.44896580596026,605.6634723000249
3096,-317.55312235723767,605.646872796364
3097,-316.655875492459,605.6305340986951
3098,-315.75722537471484,605.6144491265513
3099,-314.85717252747537,605.5985527733047
3100,-313.9557170868074,605.582836095339
3101,-313.0528591994057,605.5672888417365
3102,-312.1485990168106,605.5519002214616
3103,-311.24293668946405,605.5366595980022
3104,-310.33587236064676,605.5215571092818
3105,-309.42740668675003,605.506535641438
3106,-308.5175398107159,605.4915844797155
3107,-307.60627189005226,605.4766919672647
3108,-306.69360309152836,605.4618460291587
3109,-305.7795335858012,605.4470346319135
3110,-304.8640640536595,605.4322138266539
3111,-303.94719469541246,605.41737064453
3112,-303.0289257350335,605.4024911570565
3113,-302.1092574163164,605.387560842347
3114,-301.1881899992728,605.3725648880733
3115,-300.26572375696367,605.3574884276564
3116,-299.34185937455106,605.342298228079
3117,-298.41659716565545,605.3269791863459
3118,-297.4899374746209,605.3115154904561
3119,-296.5618806762138,605.2958907516704
3120,-295.6324271764631,605.28008807508
3121,-294.70157750475556,605.2640867726728
3122,-293.769332110036,605.2478699793057
3123,-292.83569147899436,605.2314202746873
3124,-291.90065613993875,605.2147196452195
3125,-290.96422666876117,605.197749385658
3126,-290.0264036975539,605.1804899356813
3127,-289.08718748371336,605.1629336144103
3128,-288.14657868663477,605.1450614775064
3129,-287.20457801233664,605.1268541949158
3130,-286.2611862256777,605.1082917753877
3131,-285.31640416653715,605.089353226658
3132,-284.3702317233009,605.0700424166862
3133,-283.42266973058435,605.0503395779375
3134,-282.4737190681646,605.0302248456723
3135,-281.5233806807775,605.009677802447
3136,-280.5716556031811,604.9886769612372
3137,-279.6185432766224,604.967236949675
3138,-278.6640446868107,604.9453380619243
3139,-277.7081608591466,604.9229607422006
3140,-276.75089288727696,604.9000849605003
3141,-275.7922419679954,604.8766895326041
3142,-274.8322070334317,604.8527989973657
3143,-273.87078918472497,604.8283943387406
3144,-272.90798955599047,604.8034568566518
3145,-271.94380935215344,604.7779673977477
3146,-270.9782498938839,604.7519055373706
3147,-270.01131267103887,604.7252487062565
3148,-269.0429956842184,604.6980360735047
3149,-268.0733002842514,604.6702471141076
3150,-267.10222787391103,604.6418614194579
3151,-266.1297799609607,604.6128577623297
3152,-265.1559582211937,604.5832130990069
3153,-264.1807601020382,604.5529735874384
3154,-263.20418706143283,604.5221192055322
3155,-262.22654795183917,604.4906426796126
3156,-261.24753698448154,604.4585117680259
3157,-260.26715589621625,604.4257049156446
3158,-259.28540153915264,604.3922753577932
3159,-258.3022795291852,604.3582052881017
3160,-257.320184935959,604.3235805753854
3161,-256.3383388633182,604.288350102343
3162,-255.3567486783696,604.2524955054593
3163,-254.37540836218778,604.2160768908961
3164,-253.39431714655672,604.1790794683865
3165,-252.41347424665645,604.1414893864857
3166,-251.433662118578,604.1033292442735
3167,-250.45488228990203,604.0645836812276
3168,-249.477130494527,604.025318219683
3169,-248.50040789219113,603.985521364226
3170,-247.52471561539153,603.9451825849717
3171,-246.55005485016292,603.9042911232372
3172,-245.5764269241326,603.8628347760076
3173,-244.60382719821735,603.8208824831872
3174,-243.63225663436617,603.77842561415
3175,-242.66171615747393,603.7354564873548
3176,-241.69220673665245,603.6919671955941
3177,-240.72372947176044,603.6479484253714
3178,-239.7562794709349,603.6034712705285
3179,-238.78985748196217,603.5585297117642
3180,-237.82446420234177,603.5131187348859
3181,-236.86010035808664,603.4672332025216
3182,-235.89676678579588,603.4208667327199
3183,-234.93446451875047,603.3740105840475
3184,-233.97318787512407,603.326744406032
3185,-233.0129375625629,603.2790620746373
3186,-232.05371424422037,603.2309583498533
3187,-231.09551861420158,603.182427817013
3188,-230.13835147648686,603.1334638275863
3189,-229.18220733326632,603.0841438616272
3190,-228.22708660738056,603.0344650204596
3191,-227.27298961411373,602.9844260544633
3192,-226.31991663494625,602.934026309015
3193,-225.3678679924646,602.8832646829268
3194,-224.41683837809012,602.8322175034776
3195,-223.46682774086497,602.78088770172
3196,-222.51783589655435,602.7292801399003
3197,-221.56986259815443,602.6774005956999
3198,-220.6229076042057,602.6252547830792
3199,-219.67696594084092,602.5729170426869
3200,-218.7320370717765,602.5203966132622
3201,-217.78812033630464,602.4677045991418
3202,-216.84521501127645,602.4148530636571
3203,-215.90332036793492,602.3618541830559
3204,-214.96243199918231,602.3087781139345
3205,-214.02254899751247,602.2556396844228
3206,-213.0836703580566,602.2024554016532
3207,-212.14579502774885,602.1492427155647
3208,-211.20892194776118,602.0960193606068
3209,-210.2730500887828,602.0428027830188
3210,-209.3381765247321,601.9896442667431
3211,-208.40430023763014,601.9365616952099
3212,-207.4714201954193,601.8835735173765
3213,-206.539535374951,601.8306983731917
3214,-205.60864477915197,601.7779548017633
3215,-204.67874920402414,601.7253274402044
3216,-203.7498478422903,601.6728316727199
3217,-202.8219400341654,601.6204803083941
3218,-201.8950252551353,601.5682837253039
3219,-200.96910310118534,601.516250084426
3220,-200.0441798270365,601.4642686917733
3221,-199.12025556763,601.4123376164495
3222,-198.19733088887548,601.3604468381545
3223,-197.27540675108565,601.3085792121466
3224,-196.35448447715282,601.2567114356699
3225,-195.4345657249409,601.204814976131
3226,-194.51566797614157,601.1526533726361
3227,-193.597794502112,601.100181023312
3228,-192.68094973625625,601.0473381207809
3229,-191.76513931289074,600.9940524423542
3230,-190.85037012135348,600.9402409742198
3231,-189.9366794414445,600.8855633165982
3232,-189.02407872128555,600.8299127599776
3233,-188.1125824844509,600.7731625128439
3234,-187.2022086025228,600.7151682195203
3235,-186.29297860263222,600.655770105929
3236,-185.384918024507,600.594794654234
3237,-184.47811077009476,600.5317837408912
3238,-183.57259401296875,600.4665414854672
3239,-182.66841282027912,600.3988482777543
3240,-181.765620997029,600.3284632407374
3241,-180.8642820652277,600.2551260822751
3242,-179.96454470737154,600.1783177032157
3243,-179.0664943529153,600.0977581420854
3244,-178.17023202745432,600.0131417791566
3245,-177.27587587027557,599.9241403178711
3246,-176.38356288099212,599.8304050878959
3247,-175.49350294503958,599.73145646201
3248,-174.6058635931701,599.6269430658764
3249,-173.72083591194394,599.5164963583652
3250,-172.8386361508874,599.399733914564
3251,-171.95950757456245,599.2762620866158
3252,-171.08372266118343,599.1456780764106
3253,-170.21151037324194,599.0076766523669
3254,-169.34316839754422,598.8618886362877
3255,-168.47901983742852,598.7079494670116
3256,-167.61941404302482,598.5455011929115
3257,-166.76472771968713,598.3741940548293
3258,-165.9153663461749,598.1936877879231
3259,-165.07176591393545,598.0036527826164
3260,-164.2340309518586,597.8040866158414
3261,-163.4025902943924,597.594722283312
3262,-162.57788376659923,597.3753225262294
3263,-161.76036221263118,597.1456787235715
3264,-160.9504878903253,596.9056097219548
3265,-160.14873514594188,596.6549607455987
3266,-159.35559127079364,596.3936025054643
3267,-158.5715574341265,596.1214306017666
3268,-157.79638468981287,595.8387518574291
3269,-157.0305269364305,595.5455138496961
3270,-156.27441816017654,595.2417058219148
3271,-155.5284741936063,594.9273534671697
3272,-154.79309493076514,594.602514186668
3273,-154.06866679061102,594.2672729118037
3274,-153.35556524472935,593.9217385428966
3275,-152.65415725254627,593.566041026126
3276,-151.9648034754392,593.2003290627783
3277,-151.28786016887045,592.8247684213527
3278,-150.6236806780453,592.4395408032453
3279,-149.97261648713732,592.0448431967095
3280,-149.3350177946193,591.6408876416654
3281,-148.71123360761044,591.2279013198207
3282,-148.1016113663692,590.8061268804877
3283,-147.50649612607813,590.3758229123406
3284,-146.92474276508594,589.9373608532723
3285,-146.35667560901385,589.4909886789322
3286,-145.80255388266983,589.0369835970433
3287,-145.26258093785032,588.5756442140995
3288,-144.73691343522964,588.1072840994111
3289,-144.2256701161126,587.6322266262797
3290,-143.72893989280496,587.150800961262
3291,-143.2467890704552,586.6633390691449
3292,-142.77926758656784,586.1701736008331
3293,-142.32641421629074,585.6716365325908
3294,-141.88826074219133,585.1680584276056
3295,-141.46483512724063,584.6597681948508
3296,-141.05616376009297,584.147093226048
3297,-140.6622728635615,583.6303597994864
3298,-140.28318917152893,583.1098936496055
3299,-139.9189399874295,582.586020613412
3300,-139.56955273986256,582.0590672785436
3301,-139.2350541487575,581.5293615724888
3302,-138.91546910966812,580.9972332474186
3303,-138.61081939505237,580.4630142295721
3304,-138.3211222605752,579.9270388155335
3305,-138.04638903229144,579.3896437095376
3306,-137.78662373770007,578.8511679058064
3307,-137.5418218307119,578.3119524276732
3308,-137.31196904805344,577.7723399408793
3309,-137.09704042295766,577.2326742620282
3310,-136.8969994714816,576.6932997849786
3311,-136.71179755765428,576.1545608482094
3312,-136.54137343601428,575.6168010652132
3313,-136.3856529639761,575.080362638081
3314,-136.2445489718289,574.5455856719244
3315,-136.1179612749237,574.0128075049189
3316,-136.0057768106032,573.4823620657661
3317,-135.90786988150901,572.9545792674429
3318,-135.82410248687665,572.4297844433829
3319,-135.75432472412027,571.9082978298006
3320,-135.6983752442314,571.390434095791
3321,-135.65608174610898,570.8765019211327
3322,-135.6272614967507,570.3668036203978
3323,-135.61172186614547,569.8616348109965
3324,-135.60926086760873,569.3612841221329
3325,-135.61966769611843,568.8660329412725
3326,-135.6427232588825,568.3761551945686
3327,-135.67820069385766,567.8919171577302
3328,-135.72586587322726,567.4135772939733
3329,-135.7854778899244,566.9413861159542
3330,-135.8567895261593,566.4755860688955
3331,-135.93954770359414,566.0164114324472
3332,-136.0334939153194,565.5640882391652
3333,-136.1383646401485,565.1188342078092
3334,-136.25320927444477,564.6799123953376
3335,-136.37781090774874,564.2475672108714
3336,-136.51191964294514,563.8219995327033
3337,-136.6552667594734,563.4033772913659
3338,-136.80757492987527,562.991844312619
3339,-136.96856527226282,562.5875274723294
3340,-137.1379619218035,562.1905423021191
3341,-137.31549470691766,561.8009972287808
3342,-137.50090042270065,561.4189966467594
3343,-137.6939231069079,561.0446430217324
3344,-137.89431364418272,560.6780382114054
3345,-138.10182895321861,560.3192841716715
3346,-138.31556183546448,559.9671625233008
3347,-138.53532600860532,559.6218232174414
3348,-138.760913246677,559.2833669273338
3349,-138.99210627259075,558.9518616336694
3350,-139.22868718532018,558.6273551323449
3351,-139.47044259047337,558.3098841756466
3352,-139.71716635630807,557.9994809132542
3353,-139.96866071344806,557.6961772211814
3354,-140.22473624888013,557.4000074180392
3355,-140.48453954490907,557.109475345917
3356,-140.74793699502976,556.8246689419268
3357,-141.01477806046083,556.5456243886823
3358,-141.28490706418677,556.2723467006051
3359,-141.55817052934944,556.0048243438338
3360,-141.83442136039062,555.7430392651349
3361,-142.11352084540815,555.4869734777494
3362,-142.3953392082,555.2366131257038
3363,-142.67975524391176,554.9919507468533
3364,-142.96601300567943,554.7514611745422
3365,-143.25403932194888,554.5151937623231
3366,-143.54374610521657,554.2831500097827
3367,-143.8350403258812,554.0553042976861
3368,-144.12783017742814,553.831618016364
3369,-144.422028588597,553.6120488361208
3370,-144.7175549349373,553.3965564922385
3371,-145.01433557081737,553.1851061287142
3372,-145.31264899115197,552.9774324690105
3373,-145.61230808854887,552.7736042317206
3374,-145.9126907583049,552.572257226329
3375,-146.21378136912872,552.373422888709
3376,-146.51555230756438,552.1770902297956
3377,-146.81796947255322,551.9832259128236
3378,-147.12099747035114,551.7917863719688
3379,-147.42460268793045,551.6027255512328
3380,-147.72875494406713,551.4159995873788
3381,-148.0334282028279,551.2315694184529
3382,-148.33860069459192,551.0494020223279
3383,-148.64425468540188,550.869470782362
3384,-148.9498953804379,550.6907403541078
3385,-149.25552970859022,550.513228649565
3386,-149.56115214713026,550.3369227015035
3387,-149.86675028541387,550.1617931718998
3388,-150.17230906605798,549.9878033894727
3389,-150.47781338793845,549.8149149972108
3390,-150.78324959852083,549.643091288102
3391,-151.089090958651,549.4720293325098
3392,-151.3951228682041,549.3018147842683
3393,-151.7013372429873,549.1324248076661
3394,-152.00772635758412,548.9638420962659
3395,-152.31428466231316,548.796053318347
3396,-152.62063916124563,548.6283492096316
3397,-152.92680215278006,548.4607465382555
3398,-153.232774341765,548.2932403333749
3399,-153.53854980805414,548.1258136335036
3400,-153.84411933561879,547.958443741659
3401,-154.1494725228447,547.7911061243705
3402,-154.45459905833877,547.6237767219267
3403,-154.75948943621486,547.4564332096955
3404,-155.0641353044641,547.2890555849109
3405,-155.368529581284,547.1216263348882
3406,-155.6726664317141,546.9541303587541
3407,-155.97654116648098,546.7865547560266
3408,-156.28015010345032,546.618888554715
3409,-156.58391466488445,546.4503416947333
3410,-156.8875579849093,546.2810778703047
3411,-157.19107653198276,546.1110920195906
3412,-157.49445895055848,545.9403732376471
3413,-157.79769122137145,545.7689069027801
3414,-158.10075809145079,545.5966770120041
3415,-158.40364397562024,545.4236675576785
3416,-158.7063334813599,545.249863284588
3417,-159.00881168508678,545.0752500492931
3418,-159.31106424863125,544.8998149325679
3419,-159.6130774367525,544.7235462058173
3420,-159.9148380766845,544.5464332176917
3421,-160.21633348674257,544.3684662432698
3422,-160.51743176351007,544.1894621886755
3423,-160.81812651410772,544.0094201020227
3424,-161.1184069713378,543.8283335419112
3425,-161.41825983297556,543.646192975127
3426,-161.7186175924995,543.4624112726461
3427,-162.01906168792854,543.2772197577681
3428,-162.3195710340494,543.0906067443544
3429,-162.62012034242753,542.902562947646
3430,-162.92068434334877,542.7130791694108
3431,-163.22123781601707,542.5221464025332
3432,-163.5217556095584,542.3297558433362
3433,-163.82221263172607,542.1358988651648
3434,-164.1225838184718,541.94056697089
3435,-164.42284409274652,541.7437517357321
3436,-164.72296467851245,541.5454401382365
3437,-165.02292196849442,541.3456257639639
3438,-165.32269208922924,541.1443019659005
3439,-165.62225097572258,540.9414619510092
3440,-165.921574404624,540.7370988271538
3441,-166.2206380042012,540.5312056210838
3442,-166.52000599973098,540.323367506579
3443,-166.81965995792578,540.113569827885
3444,-167.11958065222942,539.9017972522101
3445,-167.41974803154497,539.6880337743138
3446,-167.72014120079638,539.4722627338017
3447,-168.02073840645227,539.254466836967
3448,-168.3215170224962,539.0346281781443
3449,-168.62245353393004,538.8127282576228
3450,-168.92362238937733,538.5888577066734
3451,-169.22499773729692,538.3629958901391
3452,-169.5265568328367,538.1351258795094
3453,-169.82827865218894,537.9052328326404
3454,-170.1301429210323,537.6733028932795
3455,-170.43212944275737,537.4393224603499
3456,-170.73421629193575,537.2032787737184
3457,-171.03638355475866,536.9651564515033
3458,-171.3385950579736,536.7249516717899
3459,-171.64081268750257,536.4826607684889
3460,-171.94299757672647,536.2382792073029
3461,-172.24511004757238,535.9918016036488
3462,-172.54710958030796,535.7432217458006
3463,-172.8491310834174,535.4927076293475
3464,-173.1511305284429,535.2402496170226
3465,-173.4530705752792,534.9858441862835
3466,-173.75491785817812,534.7294914690343
3467,-174.05664121101057,534.4711934219489
3468,-174.35821042569836,534.2109525927955
3469,-174.65937642198787,533.9489631346694
3470,-174.9602018646063,533.6851455401644
3471,-175.2606567892129,533.4195002365453
3472,-175.56071119825228,533.1520257967843
3473,-175.86033398749356,532.8827197066396
3474,-176.1594928816581,532.6115783497908
3475,-176.45815439780654,532.3385970363122
3476,-176.75651620145146,532.0639798993116
3477,-177.0545402602976,531.7877180156404
3478,-177.35219732665982,531.5098098847916
3479,-177.64946342778182,531.2302585038201
3480,-177.94631751675263,530.9490691463072
3481,-178.24273981337026,530.6662478423333
3482,-178.53849538447542,530.3820092665898
3483,-178.8336555379688,530.0962698678652
3484,-179.12820022253058,529.8090329437698
3485,-179.4221089743478,529.5202995727408
3486,-179.71535983452776,529.2300694450424
3487,-180.0079292868341,528.9383408575442
3488,-180.3000471503847,528.6453267966207
3489,-180.59168447200875,528.3510205734074
3490,-180.88282171522496,528.0554230063406
3491,-181.17344498634728,527.7585394464982
3492,-181.46354346653146,527.4603775085392
3493,-181.75310759708526,527.1609455078109
3494,-182.04191453803836,526.860475600121
3495,-182.33004463803607,526.5588797641514
3496,-182.61748750204825,526.2561630952563
3497,-182.90423210068485,525.9523282718351
3498,-183.19026570945016,525.6473764600777
3499,-183.47557387230472,525.341307322377
3500,-183.76039799214325,525.0343286706678
3501,-184.04471776265325,524.7264349557514
3502,-184.32852225510035,524.4176278876166
3503,-184.61180617331826,524.1079135679408
3504,-184.89456726441492,523.7973003102271
3505,-185.17680448973869,523.4857971283413
3506,-185.4583038166018,523.1736510638972
3507,-185.7391538077406,522.8607687944601
3508,-186.01935234522915,522.547156068554
3509,-186.298896634895,522.2328161964602
3510,-186.5777821674708,521.9177510192403
3511,-186.85600270699138,521.6019609208256
3512,-187.13379354856505,521.2856393391049
3513,-187.41114252388056,520.9687815114057
3514,-187.68804619899095,520.6513894195442
3515,-187.96450638957043,520.3334691304824
3516,-188.24052771964202,520.0150287988007
3517,-188.51611590292276,519.6960772758753
3518,-188.79106168196463,519.3768744960985
3519,-189.06546111031523,519.0573216061737
3520,-189.33931875778944,518.7374243753628
3521,-189.6126386089935,518.4171862260117
3522,-189.88542304552723,518.0966092649545
3523,-190.15767286007974,517.7756942977053
3524,-190.42960225091895,517.4546135155998
3525,-190.70120625169045,517.1333628360969
3526,-190.97248750162152,516.8119441964975
3527,-191.24345320208803,516.4903631820064
3528,-191.51411296305716,516.1686272769069
3529,-191.7844772967493,515.8467446454684
3530,-192.0543369580053,515.5249864725087
3531,-192.32379479801503,515.2032484133681
3532,-192.59286026806237,514.8815358808384
3533,-192.86154243169955,514.5598521129198
3534,-193.12984896010016,514.2381992659449
3535,-193.39778616925562,513.9165784313393
3536,-193.6655355845998,513.5951349859448
3537,-193.93309816458037,513.2738655473659
3538,-194.20048100758055,512.9527718488551
3539,-194.4676948747522,512.6318587247737
3540,-194.73475242551933,512.3111326588103
3541,-195.00166699535774,511.9906007744113
3542,-195.26823497206718,511.67053107221744
3543,-195.53456086389195,511.35081937590616
3544,-195.8006571010397,511.0314705140954
3545,-196.0665359515784,510.7124874156979
3546,-196.33220856140093,510.39387220782254
3547,-196.59781322280563,510.07573607750567
3548,-196.8633561844068,509.7580771240456
3549,-197.12884794223888,509.44089727673787
3550,-197.39430144766703,509.1242007496606
3551,-197.65973083446005,508.8079929603074
3552,-197.9251505547983,508.49227978754374
3553,-198.19057482102068,508.1770670852358
3554,-198.45581973882983,507.8625944919446
3555,-198.72098193622242,507.5487675992619
3556,-198.98607412068569,507.2355898306718
3557,-199.2511089959146,506.92306306832955
3558,-199.51609846759487,506.61118870193906
3559,-199.7811400066554,506.3000456450596
3560,-200.04624159230067,505.9896320736339
3561,-200.31141406369656,505.6799490191481
3562,-200.57666991717255,505.370999254588
3563,-200.84202244888198,505.0627865309534
3564,-201.1074851794253,504.7553150564609
3565,-201.37307148743037,504.4485891578756
3566,-201.638612642258,504.1428219567135
3567,-201.90419822017287,503.83792872645637
3568,-202.169840784572,503.53391224140165
3569,-202.43555313501184,503.2307741432832
3570,-202.70134757009387,502.9285158741854
3571,-202.9672359611753,502.62713871964377
3572,-203.23327757605847,502.32669000665453
3573,-203.4994814152195,502.02716870044173
3574,-203.76585807010952,501.7285756105426
3575,-204.03241904654578,501.4309127096
3576,-204.29917628437218,501.13418267763006
3577,-204.56614184161327,500.8383885960491
3578,-204.83316002641266,500.54371830236727
3579,-205.10031366037964,500.2500967144733
3580,-205.36761471155967,499.95752627082965
3581,-205.63507555558172,499.66600862279466
3582,-205.90270827218802,499.3755454409521
3583,-206.17052469033305,499.08613843754057
3584,-206.43854965686734,498.7978030983444
3585,-206.70679299612033,498.5105396270185
3586,-206.97526489396333,498.22434890856954
3587,-207.2439757007202,497.9392322902674
3588,-207.5129357997603,497.65519144551484
3589,-207.78215553015872,497.37222829102785
3590,-208.05164514729518,497.0903449423405
3591,-208.32125956733725,496.809704830372
3592,-208.59107460218178,496.530241895105
3593,-208.8611005843896,496.2519578941682
3594,-209.131348386095,495.97485408262867
3595,-209.4018287761008,495.69893193309724
3596,-209.6725524565979,495.42419315936826
3597,-209.94351333850244,495.1506209728933
3598,-210.21472113638782,494.8782166115436
3599,-210.48618495057121,494.60698088049634
3600,-210.75791347986436,494.3369144031658
3601,-211.02991518440734,494.06801779702323
3602,-211.30219840134873,493.80029180157703
3603,-211.57477142552028,493.5337373702483
3604,-211.84751518284043,493.2684793349902
3605,-212.12049197098028,493.0044666552244
3606,-212.3937104926559,492.7417004993672
3607,-212.66718002792004,492.4801818573131
3608,-212.9409098971393,492.2199120911098
3609,-213.2149094771209,491.960892946151
3610,-213.48914707967464,491.70307659816024
3611,-213.76363206843104,491.4464654482372
3612,-214.0383724161551,491.19106037491343
3613,-214.31337524797374,490.93686144440204
3614,-214.58864723964405,490.6838683837742
3615,-214.86419488294374,490.43208090499587
3616,-215.14002465619953,490.1814989203205
3617,-215.41614312820926,489.93212268016026
3618,-215.69255701648953,489.683952856824
3619,-215.96927321512752,489.43699059145894
3620,-216.24629880320558,489.1912375168552
3621,-216.5236410415265,488.94669576520664
3622,-216.80130736296158,488.7033679672356
3623,-217.0792474469856,488.46118103805895
3624,-217.35746961257624,488.2201394135368
3625,-217.63598030466,487.9802451041986
3626,-217.91478485855717,487.74149879292344
3627,-218.1938880522207,487.50390055249204
3628,-218.47329446465443,487.26745032514026
3629,-218.75300869877444,487.0321482321032
3630,-219.0331199041197,486.79792421949617
3631,-219.31359731987285,486.5648093037138
3632,-219.59444598184766,486.33280545410815
3633,-219.87567084845261,486.10191551903165
3634,-220.15727714926808,485.872142919477
3635,-220.4392703577388,485.64349163678435
3636,-220.721656165261,485.4159661922836
3637,-221.00437046110892,485.18947134682537
3638,-221.28742046797007,484.9640144100671
3639,-221.5708111848759,484.73959941135047
3640,-221.85454630905474,484.51622855361086
3641,-222.13862889738851,484.2939031553154
3642,-222.42306178963878,484.07262427144707
3643,-222.70784786738614,483.8523930884316
3644,-222.99324764363425,483.6330131565198
3645,-223.2791554176532,483.4145709046827
3646,-223.56557420053917,483.19707031363276
3647,-223.85250628846777,482.9805168702194
3648,-224.13995434750626,482.7649167028676
3649,-224.42792136680546,482.5502765608165
3650,-224.71641062168885,482.3366037795408
3651,-225.00535013040934,482.12378879009333
3652,-225.29474515592898,481.9118424747498
3653,-225.58459861129123,481.7007718253184
3654,-225.87491205032097,481.4905816478864
3655,-226.1656863758291,481.2812756632367
3656,-226.45692228893694,481.0728572262802
3657,-226.74862056149038,480.86532977974446
3658,-227.04108063926637,480.658485834806
3659,-227.3341773874727,480.4524197538199
3660,-227.62791166286004,480.2471379014982
3661,-227.92228347198713,480.0426482270449
3662,-228.21729323018272,479.83895933902926
3663,-228.51294171035846,479.63608048010366
3664,-228.8092300037818,479.43402148708367
3665,-229.10608328356312,479.2326644572908
3666,-229.4035048082355,479.03202316973824
3667,-229.70149547575284,478.8321070903014
3668,-230.00005482672026,478.6329232379509
3669,-230.2991817622221,478.4344773929829
3670,-230.59887499891363,478.23677488571514
3671,-230.89913334491877,478.0398210933985
3672,-231.2002976686916,477.84339861385655
3673,-231.50222251062544,477.64760877720096
3674,-231.8049066581493,477.4524599672727
3675,-232.10834789296374,477.2579622178412
3676,-232.4125444371136,477.0641262359706
3677,-232.71749490000371,476.87096337502084
3678,-233.0231982391912,476.67848559200365
3679,-233.3295801416771,476.48657176841715
3680,-233.6366417282232,476.29523789132617
3681,-233.9443818357867,476.1044953870353
3682,-234.25279799366461,475.91435306930543
3683,-234.56188712511445,475.7248184105242
3684,-234.87164599432157,475.5358983745104
3685,-235.1820714790167,475.3475999435857
3686,-235.49355365521598,475.1596933393022
3687,-235.80592347145378,474.9722874384471
3688,-236.11917763765982,474.78539232971696
3689,-236.4333116700722,474.59901983164724
3690,-236.74832155921837,474.41318245711915
3691,-237.06420371602607,474.227893386511
3692,-237.38095493365353,474.0431664238839
3693,-237.69850492306648,473.8588842472091
3694,-238.0168524650187,473.67506442561086
3695,-238.33599424540202,473.4917199736861
3696,-238.6559257570202,473.3088612727465
3697,-238.97664195305757,473.1264973391774
3698,-239.29813766725573,472.9446366623196
3699,-239.6204078729771,472.7632877397849
3700,-239.94383445028572,472.5822431430736
3701,-240.26824911764024,472.4016043723177
3702,-240.59364669542816,472.2213828906593
3703,-240.9200208491632,472.04159181093837
3704,-241.24736573406614,471.8622449548174
3705,-241.57567594546603,471.683356829083
3706,-241.90494648409404,471.5049425849604
3707,-242.23511350615325,471.32689376779535
3708,-242.56617370477494,471.14922876284425
3709,-242.8981219381289,470.97196161816294
3710,-243.23095202555632,470.79510385254105
3711,-243.56465733158237,470.6186656669228
3712,-243.8992311462724,470.4426567545953
3713,-244.23436900024763,470.2672424511594
3714,-244.57019098464596,470.09236651685455
3715,-244.90669220086875,469.91803847139465
3716,-245.2438693577298,469.7442677409319
3717,-245.5817194940063,469.57106437156676
3718,-245.92023998388092,469.3984390332689
3719,-246.25942852028396,469.2264030098733
3720,-246.59923448075145,469.05485943792286
3721,-246.93965682410854,468.8838223059363
3722,-247.2806929875042,468.71330186810195
3723,-247.62233953866482,468.54330621641657
3724,-247.96459265849595,468.3738423445214
3725,-248.30744845751354,468.20491686358656
3726,-248.65058996622705,468.0366896116442
3727,-248.9941465059018,467.8691024301614
3728,-249.3381159185909,467.70216188467475
3729,-249.68249764572906,467.5358744557727
3730,-250.02729138352086,467.37024723557914
3731,-250.3724970899708,467.2052879287625
3732,-250.71811497036327,467.04100484130686
3733,-251.06410649470982,466.8773138601381
3734,-251.41047277806493,466.71422554915347
3735,-251.75721370724978,466.5517473555103
3736,-252.10432845819682,466.3898849388356
3737,-252.45181588105663,466.22864307528357
3738,-252.7996747533216,466.0680262674115
3739,-253.14790393931577,465.9080391416794
3740,-253.49617275562173,465.7488370160474
3741,-253.8446203306884,465.59036136863403
3742,-254.19324731550063,465.4326172564943
3743,-254.54205594891877,465.2756096478999
3744,-254.8910486298785,465.1193440726402
3745,-255.24022792097765,464.96382660615615
3746,-255.5895660451035,464.80898598077476
3747,-255.93906614874624,464.65483008109874
3748,-256.28873040104395,464.5013642484016
3749,-256.6385603938618,464.3485923824543
3750,-256.9885574410064,464.1965176921154
3751,-257.33872277471585,464.04514320153953
3752,-257.6890576692763,463.89447207983636
3753,-258.03921599428895,463.744656159275
3754,-258.3893466974638,463.59563623256076
3755,-258.7394526896069,463.44741576096874
3756,-259.08953846134705,463.299998057698
3757,-259.43960858069755,463.1533869294951
3758,-259.7896677008009,463.0075866638305
3759,-260.13969720162874,462.86253787029153
3760,-260.4897020465917,462.718246246618
3761,-260.83968643003107,462.574715461703
3762,-261.1896540787794,462.43194805370706
3763,-261.5396084785484,462.28994604043805
3764,-261.88955302185,462.14871132947775
3765,-262.2394911005205,462.0082459841495
3766,-262.58907995286984,461.86869031897567
3767,-262.93846995749607,461.7299883353557
3768,-263.2876659386656,461.5921422733663
3769,-263.6366742208267,461.45515419677696
3770,-263.9855011335811,461.3190265901016
3771,-264.3341530222589,461.1837623491812
3772,-264.68261804629594,461.04931060576877
3773,-265.03090266002073,460.9156753770494
3774,-265.37901269122295,460.7828590154003
3775,-265.7269535721929,460.65086296076146
3776,-266.07473051382266,460.5196882490873
3777,-266.42234861841683,460.38933585170923
3778,-266.76981294962,460.2598068938479
3779,-267.116831284027,460.1312128328625
3780,-267.46353481242284,460.0035085058156
3781,-267.8099296930845,459.8766952323222
3782,-268.15602332459605,459.7507742173152
3783,-268.5018230626653,459.625747027604
3784,-268.8473362301778,459.5016155849144
3785,-269.19257011297674,459.37838215969344
3786,-269.53751471849796,459.2559928371425
3787,-269.88217738026714,459.1344510660282
3788,-270.22656481867637,459.01375853972183
3789,-270.5706833574586,458.89391598409503
3790,-270.91453908755744,458.77492368551447
3791,-271.25813797207593,458.65678183995055
3792,-271.6014859105314,458.5394907755732
3793,-271.94447237253405,458.42309059988736
3794,-272.28715259773054,458.30756538137035
3795,-272.6295328575122,458.19291610652
3796,-272.9716198952057,458.0791439593802
3797,-273.3134204210546,457.96625049078136
3798,-273.6549411124786,457.8542376090713
3799,-273.99618860843805,457.7431075689524
3800,-274.3371515092981,457.63279738665705
3801,-274.6778365973642,457.5233109376821
3802,-275.01825003922045,457.41465004991665
3803,-275.3583976069067,457.3068154196135
3804,-275.69828484555967,457.1998072171843
3805,-276.0379171787049,457.0936254817709
3806,-276.37729997123495,456.988270368648
3807,-276.7164385641283,456.88374229607575
3808,-277.0553382908248,456.780042025051
3809,-277.39400448214104,456.67717069562417
3810,-277.7324424644161,456.5751298362707
3811,-278.07065755401214,456.4739213575905
3812,-278.40865505018934,456.3735475378723
3813,-278.74644022761,456.2740110054184
3814,-279.08399933711587,456.1752372918913
3815,-279.4213379346118,456.0772312573202
3816,-279.758460963139,455.9799953257641
3817,-280.09537298068653,455.88353056901457
3818,-280.4320783333174,455.7878374149772
3819,-280.768581261946,455.6929161028763
3820,-281.10488596481684,455.5987669645308
3821,-281.44144792606875,455.5052648065734
3822,-281.7780798950666,455.4124643640179
3823,-282.11478445156126,455.32036813887106
3824,-282.4515623341723,455.2289796539394
3825,-282.7884143746832,455.1383028918883
3826,-283.1253414650903,455.04834226875056
3827,-283.46234454505736,454.9591026002512
3828,-283.7994051191929,454.87049982318416
3829,-284.13652461616834,454.7825416115867
3830,-284.47370390663656,454.6952327971607
3831,-284.8109435316004,454.60857662071663
3832,-285.14824387694057,454.52257554510874
3833,-285.4856052796895,454.4372317739512
3834,-285.82302808921963,454.35254757012433
3835,-286.1612402319807,454.26834359633716
3836,-286.49993350824656,454.184700537245
3837,-286.83910577024295,454.1016234157469
3838,-287.17875194131875,454.0191185689585
3839,-287.5188671379248,453.93719283956943
3840,-287.8594466214881,453.85585354273877
3841,-288.2004857832839,453.7751084241376
3842,-288.5419801304512,453.6949656211655
3843,-288.883905420893,453.61532965189235
3844,-289.2262578087293,453.5362118887368
3845,-289.5690329375632,453.45762026184667
3846,-289.91222617415264,453.37956073604715
3847,-290.2558327899462,453.30203827666054
3848,-290.59984807198305,453.22505747008444
3849,-290.9442673869957,453.14862290870434
3850,-291.29006111783997,453.072524201071
3851,-291.63681123728196,452.9968586789065
3852,-291.98450985782404,452.92163412018004
3853,-292.3331452091307,452.8468598333741
3854,-292.6827058246355,452.77254570541294
3855,-293.0331804806791,452.698702165973
3856,-293.38455817953775,452.62534014076493
3857,-293.7368090509499,452.5523576980132
3858,-294.0899229155653,452.4797691923255
3859,-294.44388917457985,452.40758511165444
3860,-294.79869703845355,452.3358137072478
3861,-295.154335707343,452.2644620734533
3862,-295.51079448242297,452.1935368503875
3863,-295.86795895547834,452.1230651702126
3864,-296.22586287081543,452.0530451402232
3865,-296.5844965031487,451.98348383757536
3866,-296.9438507718019,451.9143887068248
3867,-297.3039167884248,451.845767673541
3868,-297.66468585318165,451.77762914154977
3869,-298.02614944451864,451.7099819759019
3870,-298.38829920849486,451.64283547917546
3871,-298.7511095220811,451.5760821241672
3872,-299.11457269721046,451.50973444676583
3873,-299.47868061845406,451.4438008843124
3874,-299.8434249577461,451.3782874788046
3875,-300.2087973468176,451.3131990239373
3876,-300.57478948555536,451.24853982236147
3877,-300.9410574225658,451.1843728632421
3878,-301.30773565174127,451.1206776288635
3879,-301.67481764424167,451.0574585745838
3880,-302.04229844312414,450.99472038697
3881,-302.41017321358197,450.93246826787896
3882,-302.77843725133675,450.87070793333953
3883,-303.14708597403654,450.80944559649924
3884,-303.5161012243875,450.7485854643255
3885,-303.88547890724084,450.6881366696319
3886,-304.25521457105117,450.62810483785455
3887,-304.6253035764151,450.5684935630121
3888,-304.99574123199784,450.50930540768775
3889,-305.36652288037766,450.4505425652166
3890,-305.7376439494133,450.39220728245266
3891,-306.10874947855103,450.33435657932444
3892,-306.47998388104156,450.2769701823511
3893,-306.8513443086905,450.22005108981193
3894,-307.2228294853775,450.1636025580839
3895,-307.59443819094884,450.10762833002195
3896,-307.9661692698553,450.05213261298076
3897,-308.3380121574238,449.9970412311916
3898,-308.7099659744449,449.94236064840464
3899,-309.0820295731686,449.88809469836065
3900,-309.45420165293,449.83424570693694
3901,-309.8264808537436,449.7808152546718
3902,-310.1988658155062,449.72780468226335
3903,-310.57135521345117,449.675215413188
3904,-310.9435813832303,449.623100276714
3905,-311.3156986136409,449.57143950207995
3906,-311.6877071901651,449.52023511118716
3907,-312.0596089751729,449.46948931012463
3908,-312.4314058253342,449.419204703404
3909,-312.80309960342964,449.3693842760578
3910,-313.1746921735733,449.32003137219453
3911,-313.5461797596657,449.271096140569
3912,-313.91756428760044,449.2225832975495
3913,-314.2888474919942,449.1744958305208
3914,-314.66003098329645,449.12683574681705
3915,-315.031116303146,449.0796045836372
3916,-315.40210495936543,449.03280374665616
3917,-315.7726145523409,448.98648258283083
3918,-316.1428095010291,448.94062232436875
3919,-316.5126928039538,448.8952244743388
3920,-316.88226905234114,448.85029060933846
3921,-317.2515427755745,448.80582259901155
3922,-317.62051845695436,448.76182260506937
3923,-317.98920053177795,448.7182930739362
3924,-318.3575911871023,448.67521242061247
3925,-318.7256947456076,448.6325835537683
3926,-319.0935154100832,448.5904087203964
3927,-319.4610572871444,448.54868982503336
3928,-319.82832440770204,448.5074286457704
3929,-320.1953207397741,448.46662697677687
3930,-320.5620501961007,448.42628671891964
3931,-320.9281130545407,448.38645380767787
3932,-321.29368440941664,448.347111680029
3933,-321.6587696049029,448.3082622753947
3934,-322.02337560604286,448.26990750429843
3935,-322.38750925992787,448.23204944015106
3936,-322.7511773140264,448.19469032001274
3937,-323.1143864165335,448.15783254570124
3938,-323.47714319403457,448.12147976625
3939,-323.8394540350727,448.085633814641
3940,-324.20132523283763,448.0502967224463
3941,-324.56276298322416,448.015470672991
3942,-324.92377338365384,447.98115797201325
3943,-325.2843624328544,447.9473610305893
3944,-325.64453603124286,447.9140823565444
3945,-326.00387370245403,447.88136345888455
3946,-326.3625620670377,447.8491902679115
3947,-326.7206084065077,447.8175649953544
3948,-327.0780216724364,447.786489725124
3949,-327.4348106517434,447.7559665917052
3950,-327.7909839880329,447.72599779307774
3951,-328.14655120049844,447.69660599556005
3952,-328.5015205852091,447.66779194456643
3953,-328.855900319935,447.63955720780234
3954,-329.2096984568237,447.61190385478017
3955,-329.56292291365224,447.5848342480821
3956,-329.91558146990724,447.5583509123152
3957,-330.26768176583477,447.532456456493
3958,-330.6192313032608,447.507153532386
3959,-330.9698161694626,447.4824747607308
3960,-331.31960327126535,447.4584111442192
3961,-331.6686018259732,447.43496471658074
3962,-332.0168224633098,447.4121373509709
3963,-332.3642756145519,447.38993089542316
3964,-332.71097153280357,447.36834719667263
3965,-333.05692068778245,447.3474051222361
3966,-333.40213296346286,447.3271049702544
3967,-333.74661807011046,447.30744768785667
3968,-334.09038554854334,447.28843460954454
3969,-334.43344476936824,447.2700672916564
3970,-334.77580493430145,447.2523474120573
3971,-335.11747507853175,447.235276713503
3972,-335.4584640735277,447.2188569755531
3973,-335.79847527926495,447.2031045582046
3974,-336.1375828517146,447.18801777340093
3975,-336.4757979481673,447.17359781395567
3976,-336.813132159978,447.1598457917037
3977,-337.14959687279804,447.1467627900672
3978,-337.4852032767411,447.1343498876037
3979,-337.81996236948737,447.12260818054136
3980,-338.1538850167591,447.1115314915589
3981,-338.4869818399266,447.1011203269848
3982,-338.819263288319,447.0913750384336
3983,-339.1507396380218,447.08229590677047
3984,-339.4814209936318,447.07388320002946
3985,-339.81131728975885,447.06613721305
3986,-340.14043829241143,447.0590582943448
3987,-340.4687936003234,447.05264686414284
3988,-340.7963926462529,447.0469034264065
3989,-341.1232446982651,447.04182857679245
3990,-341.44935886100257,447.03742300793016
3991,-341.77474407693916,447.0336875129676
3992,-342.09940912761346,447.0306229880328
3993,-342.42336263483327,447.0282304340502
3994,-342.74661306184606,447.02651095820505
3995,-343.0691703164105,447.02542435930604
3996,-343.3910424688863,447.0249729024945
3997,-343.7122375493637,447.02515768396074
3998,-344.03276350196654,447.0259791668903
3999,-344.35262816801645,447.0274375188946
4000,-344.6718392740768,447.02953281880326
4001,-344.9904044237987,447.03226517869643
4002,-345.30833109255553,447.0356348119415
4003,-345.62609079151315,447.0396465833972
4004,-345.9434936970864,447.04429963170526
4005,-346.2605450092733,447.0495953919292
4006,-346.57724786103097,447.05553554071054
4007,-346.8936053176784,447.0621219947691
4008,-347.2096203559767,447.06935688571537
4009,-347.52529586408656,447.07724253787643
4010,-347.8406346415172,447.0857814494579
4011,-348.15564490377494,447.0948973220646
4012,-348.4703289919308,447.1045958060066
4013,-348.78468945471286,447.1148802846074
4014,-349.09872892223984,447.1257528851652
4015,-349.4124500494746,447.137215105675
4016,-349.7258554784883,447.1492681931219
4017,-350.0389478137865,447.16191336375283
4018,-350.3517296064419,447.1751519245197
4019,-350.66535040746635,447.1890324755173
4020,-350.9793256764137,447.20353802998653
4021,-351.2936530633178,447.2186721589464
4022,-351.60832536078175,447.2344386722946
4023,-351.9233354446947,447.2508417761583
4024,-352.2386762222677,447.26788601724684
4025,-352.5543406312896,447.2855762363875
4026,-352.87032163904786,447.3039175296891
4027,-353.1866233241074,447.32280169875577
4028,-353.50323819106484,447.3422386165808
4029,-353.82015928736064,447.3622347552624
4030,-354.1373799831377,447.38279466540945
4031,-354.45489386327904,447.40392189858704
4032,-354.7726946566911,447.42561956837585
4033,-355.0907761906075,447.4478906809558
4034,-355.4091323613471,447.4707383208478
4035,-355.7288378612074,447.4942423597206
4036,-356.04989116448024,447.5184085685456
4037,-356.37229066543165,447.5432434935617
4038,-356.6960346713342,447.568754405478
4039,-357.0211213995203,447.59494923521237
4040,-357.3475489765082,447.6218365086189
4041,-357.6752990949603,447.64942395251364
4042,-358.00434993812075,447.67771943076707
4043,-358.3346975407657,447.7065863159615
4044,-358.66631986873466,447.7360381025791
4045,-358.99919585488016,447.76608357288006
4046,-359.3333050813086,447.7967288001059
4047,-359.66862760974317,447.82797842952476
4048,-360.00514386920156,447.8598364784361
4049,-360.3428345824669,447.8923068213279
4050,-360.6818650313383,447.9254112216733
4051,-361.02222374386804,447.9591549695845
4052,-361.3638892416992,447.99354280319574
4053,-361.7068403640016,448.02857992828314
4054,-362.05105615374396,448.0642719985186
4055,-362.39651585267205,448.10062509233455
4056,-362.743198896646,448.13764568471794
4057,-363.0911068414341,448.17518002590054
4058,-363.44021885100705,448.21324009068934
4059,-363.7905152021583,448.2518322695325
4060,-364.1419769116643,448.29095969842723
4061,-364.49458552250667,448.3306237912028
4062,-364.8483229610795,448.37082522161495
4063,-365.2031714436345,448.4115645330486
4064,-365.5588018419442,448.4528064367757
4065,-365.91532906187484,448.49456728611204
4066,-366.27273719140646,448.5368486846156
4067,-366.63101177381037,448.5796528963489
4068,-366.9901384578216,448.62298268648834
4069,-367.35010300756306,448.66684130058593
4070,-367.7108913006172,448.7112324326934
4071,-368.07251205546225,448.756003439253
4072,-368.4349507979629,448.8011630580106
4073,-368.7981940987165,448.8467144543203
4074,-369.1622292054746,448.89265752020026
4075,-369.5270438194614,448.9389904179189
4076,-369.8926259455698,448.9857105880021
4077,-370.2589637947298,449.0328153848702
4078,-370.6257238319519,449.0802607021131
4079,-370.99303115795914,449.1280623332916
4080,-371.3608756338593,449.1762190344705
4081,-371.72924853782695,449.2247303340904
4082,-372.09814117462247,449.27359634014596
4083,-372.4675448901855,449.3228177070724
4084,-372.83745107404843,449.3723955896274
4085,-373.2078710583069,449.4221962906876
4086,-373.578795861245,449.4722253007872
4087,-373.95021734760996,449.5224832983097
4088,-374.3221279209237,449.5729681246065
4089,-374.6945203265862,449.62367612602765
4090,-375.06738752034175,449.67460303988986
4091,-375.440722583293,449.7257445578828
4092,-375.8145186693988,449.7770966650943
4093,-376.1887689751968,449.8286558261332
4094,-376.5634667243623,449.88041906978395
4095,-376.9386051618535,449.93238400870956
4096,-377.31417755396876,449.9845488197175
4097,-377.69017719178817,450.0369122020762
4098,-378.06661146486636,450.08937550405943
4099,-378.4434733954981,450.14194082066376
4100,-378.82075659636115,450.1946068265513
4101,-379.19845506105094,450.24737019176763
4102,-379.57656302441006,450.30022654702475
4103,-379.9550748698044,450.3531711225468
4104,-380.333985069856,450.40619915415806
4105,-380.71427840151836,450.45944512715465
4106,-381.09555751959317,450.51284984513217
4107,-381.47781235244366,450.566408942728
4108,-381.86102904043634,450.6201179729315
4109,-382.24519390582435,450.6739729410231
4110,-382.63029341503716,450.72797025992816
4111,-383.0163219289643,450.78205066332623
4112,-383.40326602999096,450.83621264629204
4113,-383.79111276171733,450.8904527347334
4114,-384.17984951469765,450.9447662943812
4115,-384.5694639466419,450.99914808621975
4116,-384.9599439287245,451.05359263690843
4117,-385.3512775106021,451.1080944759751
4118,-385.7431550137788,451.1626068076092
4119,-386.13569122130264,451.2171421654057
4120,-386.52887580748137,451.27169591520783
4121,-386.9226998168537,451.32626386055966
4122,-387.31715438062486,451.38084204999006
4123,-387.7122307314545,451.43542675391103
4124,-388.10792204587824,451.4900005157014
4125,-388.50421970151336,451.54456045631736
4126,-388.9011152562893,451.5991032728966
4127,-389.29860042230973,451.6536254271438
4128,-389.6966670471437,451.70812327232954
4129,-390.0953071012508,451.76259313536315
4130,-390.4942061813828,451.81698961547227
4131,-390.8934865666194,451.8713268696818
4132,-391.293141777439,451.92560158795794
4133,-391.69316671006357,451.97981070450965
4134,-392.0935563153811,452.03395121114363
4135,-392.49430561283833,452.088020147587
4136,-392.89540651264906,452.14203938518517
4137,-393.2968542139695,452.19600571600444
4138,-393.6986438597946,452.2499169513644
4139,-394.1007705832643,452.3037715456642
4140,-394.50322954190983,452.3575683253245
4141,-394.9060159413254,452.41130629765297
4142,-395.3091250509541,452.46498451975236
4143,-395.7122361478739,452.51856010956084
4144,-396.115478806486,452.5720498033067
4145,-396.51884979133615,452.6254526246895
4146,-396.9223472607667,452.678767642057
4147,-397.3259694047784,452.7319937821453
4148,-397.7297144581857,452.7851298323275
4149,-398.1335738240024,452.838228491856
4150,-398.53754595217976,452.8912873362156
4151,-398.9416290584911,452.9443060059795
4152,-399.34582122303965,452.997285415321
4153,-399.75012046222787,453.05022718709023
4154,-400.1545247785847,453.10313326013056
4155,-400.55870557094016,453.155963055021
4156,-400.9627995376,453.208736511334
4157,-401.36680610026195,453.2614554708678
4158,-401.7707260944825,453.3141216892138
4159,-402.1745603644387,453.36673663342145
4160,-402.5783097769482,453.41930148652284
4161,-402.98196717241717,453.4718787700176
4162,-403.38553363629893,453.52446785870495
4163,-403.78900994356655,453.57707038045254
4164,-404.1923966743801,453.6296893270442
4165,-404.5956942961339,453.68232842439676
4166,-404.99890322025743,453.7349916996941
4167,-405.40168555531034,453.7876390497549
4168,-405.80418528994693,453.84029305858917
4169,-406.2064042029467,453.8929574799177
4170,-406.6083455039777,453.9456359365055
4171,-407.0100123781327,453.9983317192904
4172,-407.4114080000226,454.05104780269943
4173,-407.81252817516213,454.1038403344257
4174,-408.21337624631514,454.15671036866553
4175,-408.6139552363629,454.2096608616549
4176,-409.01426795574395,454.26269590592386
4177,-409.4143170760812,454.3158201923808
4178,-409.81410518110664,454.3690386448426
4179,-410.2136348005426,454.4223561825782
4180,-410.61290843142945,454.4757775760638
4181,-411.01192855039517,454.5293073690829
4182,-411.4106976195522,454.5829498467466
4183,-411.8092180880541,454.63670903416215
4184,-412.2074923908229,454.69058871454007
4185,-412.6055177203745,454.74462798108374
4186,-413.00329665454757,454.79882902811164
4187,-413.4008315324138,454.85319530409515
4188,-413.79812453219955,454.90773100220366
4189,-414.19517772284155,454.9624407065543
4190,-414.5919930993149,455.0173291555553
4191,-414.98857260581786,455.0724010914202
4192,-415.38566135244844,455.1277650230183
4193,-415.78294574141665,455.18338156966587
4194,-416.1804246076228,455.23925500110767
4195,-416.5780936693618,455.295389066822
4196,-416.9759487286398,455.3517874601029
4197,-417.37398563509595,455.408453833857
4198,-417.7721982431367,455.46540465676907
4199,-418.17058262141256,455.5226427272689
4200,-418.56913479122306,455.58017137133345
4201,-418.9678507575426,455.6379942503616
4202,-419.3667265284471,455.69611523032364
4203,-419.7657581277218,455.75453829672614
4204,-420.16613227723116,455.8134433206964
4205,-420.5673874767272,455.8727671913024
4206,-420.96951380188955,455.9325137738753
4207,-421.37249690419145,455.99268641777036
4208,-421.77632263572394,456.05328864505816
4209,-422.1809769981787,456.1143241478042
4210,-422.58644814559347,456.17578502923317
4211,-422.9927224458351,456.23767488143585
4212,-423.3997864949756,456.2999969784994
4213,-423.80762708624826,456.3627544350535
4214,-424.21623118772874,456.4259503245316
4215,-424.62558592483236,456.48958776626364
4216,-425.0362714353883,456.55376316283997
4217,-425.4482865165286,456.6184820744038
4218,-425.8616299041143,456.68375035520177
4219,-426.27630026645573,456.7495741806351
4220,-426.6922961995581,456.8159600649132
4221,-427.1096162232529,456.8829148731681
4222,-427.5282652046872,456.9504105315216
4223,-427.9482415709631,457.0184543824629
4224,-428.3695439513042,457.08705258453654
4225,-428.7921710903143,457.1562106144484
4226,-429.2161217830638,457.22593363559884
4227,-429.64139482716905,457.2962267638932
4228,-430.06798898789515,457.36709525569063
4229,-430.495902973065,457.43854463770805
4230,-430.9251354152006,457.5105807945102
4231,-431.35568485885756,457.5832100257876
4232,-431.7875497515526,457.6564390828461
4233,-432.2207284370401,457.7302751915107
4234,-432.6552296150336,457.80467175364
4235,-433.0910515010996,457.8796367218703
4236,-433.5281926685405,457.955176110976
4237,-433.96665190829816,458.03129476692834
4238,-434.40642812284483,458.10799693962247
4239,-434.8475202471472,458.1852867012891
4240,-435.2899271908358,458.2631682453992
4241,-435.73364779668805,458.3416460945352
4242,-436.1786808114124,458.42072524024235
4243,-436.62502486548317,458.50041123324274
4244,-437.0726784594265,458.58071023852943
4245,-437.5216524815378,458.66156661322367
4246,-437.97194527351525,458.7429874612949
4247,-438.42355560440575,458.8249776892023
4248,-438.8764825050653,458.9075408745712
4249,-439.33072514189365,458.9906799191916
4250,-439.78628272231583,459.07439752990683
4251,-440.2431544254681,459.15869656426514
4252,-440.70133935252335,459.24358027169654
4253,-441.16083649200976,459.3290524555402
4254,-441.6216446963001,459.4151175765097
4255,-442.0837626661696,459.5017808141261
4256,-442.54720228544335,459.58898356726843
4257,-443.01196208977143,459.6767319916589
4258,-443.47804106812976,459.7650299959812
4259,-443.94543848982016,459.8538801174436
4260,-444.41415377114424,459.94328418839785
4261,-444.88418637465804,460.03324383340777
4262,-445.3555357346801,460.12376083092744
4263,-445.8282012035497,460.21483736872625
4264,-446.3021820139478,460.3064762175514
4265,-446.77747725335155,460.3986808433319
4266,-447.25409827742953,460.49139644709413
4267,-447.7320440105869,460.5846274444033
4268,-448.211313789365,460.6783762609002
4269,-448.6919072014598,460.7726441252535
4270,-449.17382396125004,460.8674316763502
4271,-449.65706381556316,460.96273941817014
4272,-450.14162647400184,461.0585680518301
4273,-450.6275115588312,461.1549187103315
4274,-451.11471857011566,461.25179311777686
4275,-451.6032468624547,461.3491936913342
4276,-452.0930956302727,461.4471236010991
4277,-452.58427552018316,461.5455324662342
4278,-453.07678558518546,461.644424255951
4279,-453.5706252631502,461.74380111104847
4280,-454.065794232118,461.84366404234464
4281,-454.5622922965975,461.94401347522154
4282,-455.05963695307,462.0447511244395
4283,-455.55831034593103,462.1459760200361
4284,-456.05831222488155,462.2476888819141
4285,-456.5596422299538,462.34989095216355
4286,-457.0623089503174,462.45254188383376
4287,-457.5663119116909,462.5556435575727
4288,-458.07165092484024,462.65919651956614
4289,-458.57832596808015,462.7632005398938
4290,-459.08633709559314,462.86765504568854
4291,-459.5946100654337,462.97233658655307
4292,-460.1035980828262,463.0773388149329
4293,-460.6132854369685,463.1826583629152
4294,-461.12366123450994,463.2882933514063
4295,-461.63471457167174,463.3942424648466
4296,-462.1464419077851,463.5004710912599
4297,-462.6588325251734,463.60697854130296
4298,-463.17187607822586,463.713763123616
4299,-463.68556249954537,463.8208225606254
4300,-464.19988192792323,463.9281543160257
4301,-464.71376956333575,464.0355340846667
4302,-465.22766363441343,464.14305363267687
4303,-465.74155886207234,464.25071169149624
4304,-466.2554544060197,464.35850829162285
4305,-466.7693493036447,464.4664438674977
4306,-467.2832489738324,464.5744895290451
4307,-467.7971523977798,464.6826461061523
4308,-468.3110587744332,464.7909134857673
4309,-468.82496744023274,464.8992909751782
4310,-469.33787568343695,465.0075650052336
4311,-469.85014650762844,465.1158116527532
4312,-470.36178487544186,465.2240310616514
4313,-470.8727992229079,465.33222431585773
4314,-471.3831977727151,465.4403927452866
4315,-471.89299454108107,465.54851043391113
4316,-472.4021974466823,465.656579031714
4317,-472.9108144924885,465.76459926592617
4318,-473.4188536908991,465.87257128941155
4319,-473.92632300621784,465.9804949550585
4320,-474.4327997400701,466.08827807998637
4321,-474.938286333147,466.19591935465144
4322,-475.442796693765,466.30342011336325
4323,-475.94634436587006,466.410781883308
4324,-476.44894264186365,466.5180064556809
4325,-476.9506107971908,466.6250670151549
4326,-477.4513616515241,466.7319657764844
4327,-477.95120805724116,466.838703934166
4328,-478.45016282410387,466.9452820205132
4329,-478.94823866122886,467.0517001870501
4330,-479.4453314262013,467.1579334292824
4331,-479.9414416656237,467.26397919509736
4332,-480.43656989635974,467.3698350713875
4333,-480.93071658986247,467.4754988569899
4334,-481.42388836989085,467.5809395047224
4335,-481.9160855775223,467.68615542588435
4336,-482.40730877030745,467.7911440137788
4337,-482.89755864059356,467.89590202374956
4338,-483.38683595255367,468.0004258667329
4339,-483.8751414951875,468.1047118289697
4340,-484.36247604865605,468.20875622998295
4341,-484.8488403615014,468.31255553002455
4342,-485.33423513655015,468.4161063970734
4343,-485.8186610235717,468.5194057422389
4344,-486.3021248835281,468.62242070883116
4345,-486.78462718427954,468.7251490433373
4346,-487.2661686168122,468.82758741339717
4347,-487.74675001218617,468.92973179814555
4348,-488.22637227817074,469.031577787231
4349,-488.7050363525101,469.13312080252933
4350,-489.18274316992785,469.23435625574416
4351,-489.6594936402351,469.335279653928
4352,-490.13528863520696,469.4358866636119
4353,-490.61012898221225,469.5361731428168
4354,-491.0840154628959,469.63613514881615
4355,-491.55695489402825,469.7357387589824
4356,-492.0289478418622,469.8349810081135
4357,-492.4999950987534,469.93385778552835
4358,-492.97009759975117,470.03236423477557
4359,-493.43925635964456,470.1304950572808
4360,-493.9074724270868,470.228244735385
4361,-494.3747468526705,470.32560768907643
4362,-494.84108066815145,470.42257837927684
4363,-495.3064748743781,470.519151368955
4364,-495.77093043584836,470.615321351731
4365,-496.23445378190587,470.711054528339
4366,-496.69704561859976,470.8063467596557
4367,-497.15870685262746,470.9011928096354
4368,-497.6194385110657,470.9955867420391
4369,-498.07924168216033,471.0895222160296
4370,-498.53811747333094,471.1829926983398
4371,-498.9960669829448,471.2759916079604
4372,-499.4530912828563,471.36851240734717
4373,-499.90919140915895,471.4605486521614
4374,-500.3643683590283,471.55209400963537
4375,-500.8186230919292,471.6431422538604
4376,-501.2719618846635,471.7336573429096
4377,-501.7243853909606,471.82363445734165
4378,-502.17589446270205,471.91306757517117
4379,-502.62649006834073,472.00194989426325
4380,-503.0761732333896,472.0902741446966
4381,-503.52494499870016,472.1780328112206
4382,-503.97280639276886,472.2652182836518
4383,-504.4197584148511,472.35182295066073
4384,-504.86580202618865,472.43783925003936
4385,-505.3109381471477,472.5232596863108
4386,-505.7551676585036,472.608076824509
4387,-506.19849654616263,472.6922515019607
4388,-506.64092533310765,472.775777980216
4389,-507.0824547252788,472.8586492146655
4390,-507.52308552801634,472.9408573187206
4391,-507.96281858622814,473.022393902769
4392,-508.4016547433058,473.10325031221157
4393,-508.8395948145197,473.1834177857058
4394,-509.276639571322,473.2628875515797
4395,-509.7127897336363,473.3416508773819
4396,-510.1480459677952,473.4196990847899
4397,-510.58240888829147,473.49702353965694
4398,-511.0158836930926,473.57358261192405
4399,-511.4484705886915,473.6493697124163
4400,-511.88016992825226,473.7243768904599
4401,-512.3109821312141,473.7985953294292
4402,-512.7409076270716,473.8720157033886
4403,-513.1699468178045,473.9446284235052
4404,-513.5981000543488,474.0164237986374
4405,-514.0253676233488,474.087392130461
4406,-514.4517497411937,474.157523759792
4407,-514.877246552997,474.2268090774786
4408,-515.301858134729,474.2952385103831
4409,-515.7255844971672,474.36280249055363
4410,-516.1484292109106,474.4294589637313
4411,-516.5703918584211,474.4952007308443
4412,-516.9914721110953,474.5600192188042
4413,-517.4116696599378,474.62390498322213
4414,-517.8309841683915,474.6868480652723
4415,-518.2494152417784,474.7488382345563
4416,-518.6669624088594,474.80986514453963
4417,-519.0836251119515,474.86991842231254
4418,-519.4994027028405,474.92898771015825
4419,-519.9142944423966,474.9870626727198
4420,-520.3282995023379,475.044132980431
4421,-520.7414194098077,475.1001577099055
4422,-521.153652909391,475.15512921953086
4423,-521.5649987582837,475.2090386019595
4424,-521.9754556734332,475.26187617403576
4425,-522.3850222973448,475.3136318173935
4426,-522.7936971773113,475.36429520463616
4427,-523.201478753975,475.4138559395422
4428,-523.6083653560971,475.46230363406204
4429,-524.0143551992032,475.50962794001254
4430,-524.4194463864094,475.5558185492953
4431,-524.8236369102252,475.6008651731038
4432,-525.2269246545101,475.64475750786454
4433,-525.6293084266966,475.6874593233806
4434,-526.0307857467747,475.72896319698606
4435,-526.4313540682357,475.7692606087241
4436,-526.8310107476982,475.8083423767634
4437,-527.2297530268695,475.84619895456893
4438,-527.6275780228242,475.88282062413674
4439,-528.0244827235969,475.9181976126181
4440,-528.4204639869092,475.95232015373955
4441,-528.8155185404893,475.9851785105035
4442,-529.2096429829277,476.0167629716349
4443,-529.6028337843769,476.0470638310134
4444,-529.9950872866606,476.0760713567803
4445,-530.3863997025431,476.1037757548295
4446,-530.7767670067431,476.1301559206388
4447,-531.1661851704993,476.1552048370694
4448,-531.5546500333795,476.17891493178126
4449,-531.9421572989218,476.20127831351397
4450,-532.3287025333959,476.22228692503484
4451,-532.7142811661078,476.24193263549284
4452,-533.0988884901831,476.26020728967853
4453,-533.4825196631554,476.2771027274415
4454,-533.8651697069506,476.2926107831241
4455,-534.2468335070512,476.3067232722029
4456,-534.6275058107443,476.31943197026595
4457,-535.0071812244391,476.3307285878803
4458,-535.3858542100791,476.34060474372683
4459,-535.7635201069813,476.349067944673
4460,-536.1401732624671,476.35611191326547
4461,-536.5158079344191,476.3617308165654
4462,-536.8904182875744,476.365919112317
4463,-537.2639983887763,476.36867143188783
4464,-537.6365422016241,476.3699824921
4465,-538.008043580813,476.36984702944073
4466,-538.378496266338,476.36825975136213
4467,-538.7478938776617,476.3652153004327
4468,-539.116229907885,476.36070822799496
4469,-539.4834977179232,476.3547329747218
4470,-539.8496905306665,476.3472838560646
4471,-540.2148014250863,476.3383550510695
4472,-540.5788291064521,476.32798799441207
4473,-540.9417665664007,476.3161777346057
4474,-541.303606910148,476.30292084284565
4475,-541.6643432988084,476.28821480669654
4476,-542.0239689032628,476.2720576143721
4477,-542.3824768678288,476.2544474769573
4478,-542.7398602820131,476.23538264887884
4479,-543.096112158767,476.2148613170756
4480,-543.4512254178536,476.1928815371676
4481,-543.8051928731381,476.1694412009131
4482,-544.1580072228206,476.1445380237621
4483,-544.5096610418078,476.1181695446759
4484,-544.860146775589,476.09033313285545
4485,-545.2094567351173,476.06102599780473
4486,-545.5575979402566,476.03032498704874
4487,-545.9045624318925,475.9982265815496
4488,-546.2503427368148,475.96472981392225
4489,-546.5949316862198,475.9298352049413
4490,-546.9383222839094,475.8935440615568
4491,-547.2805076121315,475.8558580274637
4492,-547.6214807655065,475.81677880717086
4493,-547.9612348055997,475.7763080069084
4494,-548.2997627304261,475.7344470522989
4495,-548.6370574545608,475.6911971548727
4496,-548.973111796625,475.6465593083058
4497,-549.3079184717681,475.60053430155347
4498,-549.6414700874207,475.5531227404933
4499,-549.9737591410884,475.50432507277395
4500,-550.3047780193257,475.45414161267144
4501,-550.6345467397156,475.4026809322609
4502,-550.9630569471368,475.3499408441436
4503,-551.2903012709168,475.2959225009554
4504,-551.6162729556138,475.2406289593333
4505,-551.9409656084233,475.1840642630341
4506,-552.2643730294882,475.1262328761237
4507,-552.58648910042,475.06713934825257
4508,-552.9073077131414,475.0067881306436
4509,-553.2268227262213,474.94518348740314
4510,-553.545027939605,474.8823294650206
4511,-553.8619170813693,474.8182298956059
4512,-554.1774838020946,474.7528884181225
4513,-554.4917216738642,474.6863085077676
4514,-554.80462419189,474.61849350758047
4515,-555.1161847774674,474.54944665892555
4516,-555.4264372031566,474.4792953952905
4517,-555.7353734503952,474.40803884026747
4518,-556.0429869315603,474.33567972030335
4519,-556.3492719352259,474.26222278147236
4520,-556.6542232642688,474.18767381113787
4521,-556.9578360041721,474.1120390524993
4522,-557.2601053782614,474.03532487009176
4523,-557.5610266602305,473.95753757227544
4524,-557.8605951238271,473.8786833293032
4525,-558.1588060161646,473.7987681474335
4526,-558.4556545456668,473.71779787410895
4527,-558.7511358787568,473.6357782187847
4528,-559.0452451414973,473.55271478019
4529,-559.3379774237958,473.4686130747565
4530,-559.6293277847179,473.3834785634155
4531,-559.9192912580519,473.2973166754628
4532,-560.207927125327,473.21026054192146
4533,-560.4952416230396,473.12230606383974
4534,-560.7812426792832,473.0334525179352
4535,-561.0659390654117,472.94370104749464
4536,-561.3493399485859,472.8530537321199
4537,-561.6314546155118,472.761513043466
4538,-561.9122923060181,472.6690815381893
4539,-562.1918621157614,472.57576169422157
4540,-562.4701729418352,472.48155583164186
4541,-562.747315036,472.38643893482
4542,-563.0232621087126,472.29042422641254
4543,-563.2980219066745,472.1935132535374
4544,-563.5716015790971,472.0957074688009
4545,-563.8440080345608,471.99700813636514
4546,-564.1152479440311,471.897416356109
4547,-564.385327747457,471.79693308370884
4548,-564.6542536598622,471.69555914766767
4549,-564.9220316767752,471.5932952634486
4550,-565.1887308423433,471.49027385034424
4551,-565.4543531382211,471.3864891086838
4552,-565.7189025057178,471.2819382189052
4553,-565.9823838898252,471.1766200665907
4554,-566.2448027510186,471.07053446068966
4555,-566.5061647722295,470.96368168083643
4556,-566.766475685469,470.85606221985034
4557,-567.0257411708022,470.747676640965
4558,-567.2840369070177,470.6384967627971
4559,-567.5413384641014,470.5285350805715
4560,-567.7976507136603,470.4177918915079
4561,-568.0529780550999,470.30626751664056
4562,-568.3073247166784,470.19396218292496
4563,-568.5606947541391,470.08087603326385
4564,-568.8130920534702,469.96700913512143
4565,-569.0645203339417,469.8523614883417
4566,-569.3149831510791,469.7369330319215
4567,-569.5644838994028,469.6207236497324
4568,-569.813092819241,469.5038524276203
4569,-570.0608088597594,469.3863128551174
4570,-570.3076329203451,469.26810086016854
4571,-570.5535669440018,469.1492138541319
4572,-570.798613452922,469.02965013329225
4573,-571.0427752707907,468.9094085241512
4574,-571.2860553566782,468.78848817182484
4575,-571.5284567052967,468.6668884128422
4576,-571.7699822868301,468.5446086979224
4577,-572.0106723479792,468.42163002512274
4578,-572.2505137999577,468.29795969029414
4579,-572.489509147216,468.17359719852385
4580,-572.7276606254491,468.04854212489323
4581,-572.9649703586393,467.9227940299105
4582,-573.2014403555568,467.79635245815825
4583,-573.4370725089312,467.6692169372255
4584,-573.6718685952073,467.5413869772991
4585,-573.9058302746431,467.41286207113956
4586,-574.1390236042799,467.28374166971463
4587,-574.3714458250712,467.15401962472316
4588,-574.6030959363703,467.0236916476258
4589,-574.8339739200046,466.8927546622922
4590,-575.06408033811,466.7612063783603
4591,-575.2934160897112,466.62904502676383
4592,-575.5219822613166,466.49626919175137
4593,-575.7497800334787,466.3628777015337
4594,-575.9768106211441,466.22886955531226
4595,-576.2030031837612,466.0942855410399
4596,-576.4283896333656,465.9591074123198
4597,-576.6529715547058,465.8233345395817
4598,-576.8767507881186,465.68696618728757
4599,-577.0997291075846,465.55000167497064
4600,-577.3219082150896,465.4124403606566
4601,-577.5432897341258,465.2742816298638
4602,-577.763875204956,465.1355248873805
4603,-577.9836660811769,464.99616955115306
4604,-578.202663727264,464.8562150477731
4605,-578.4208694168595,464.71566080917705
4606,-578.638345739544,464.5745889115304
4607,-578.855089641296,464.43299395416835
4608,-579.0710996045942,464.2908718898783
4609,-579.2863750111796,464.14821963603043
4610,-579.5009158052757,464.0050347891405
4611,-579.7147222840562,463.86131543386625
4612,-579.9277949639056,463.7170600112176
4613,-580.1401344926016,463.5722672253687
4614,-580.3517415900741,463.4269359764675
4615,-580.5625299279525,463.2811238959057
4616,-580.7725374337296,463.134805561338
4617,-580.9817654190979,462.9879803009646
4618,-581.1902155447511,462.8406472878706
4619,-581.3978894300789,462.6928057707564
4620,-581.6047886452111,462.5444550539586
4621,-581.8109147021953,462.3955944843822
4622,-582.0162690484742,462.24622344166926
4623,-582.2208530620908,462.0963413308454
4624,-582.4246680482121,461.94594757684916
4625,-582.6277673447883,461.79510354235634
4626,-582.8301484780388,461.64380494202646
4627,-583.0318101680249,461.49204837760914
4628,-583.2327518673214,461.3398311537476
4629,-583.4329735095153,461.1871511097606
4630,-583.6324753460468,461.0340064932355
4631,-583.8312578370176,460.88039586402743
4632,-584.029321575922,460.72631802107753
4633,-584.2266672364859,460.5717719465663
4634,-584.4232955344002,460.4167567633175
4635,-584.6191122173772,460.2613450181088
4636,-584.8141585955923,460.10550522632434
4637,-585.008436035294,459.94923682485586
4638,-585.2019462875492,459.7925390213067
4639,-585.3946910655186,459.6354110923022
4640,-585.5866720379814,459.4778523659967
4641,-585.7778908213767,459.3198622114245
4642,-585.9683489739633,459.161440030518
4643,-586.1580479915725,459.0025852521668
4644,-586.3469893045791,458.843297327821
4645,-586.5352163275448,458.68361976170814
4646,-586.7227273519279,458.52354932629476
4647,-586.909521533107,458.3630833172694
4648,-587.0955985888176,458.2022195140213
4649,-587.280958625646,458.04095609676915
4650,-587.4656020187136,457.87929156914703
4651,-587.6495293260691,457.71722469141275
4652,-587.83274122652,457.5547544254377
4653,-588.0152384738561,457.39187989067767
4654,-588.1970218628459,457.22860032958874
4655,-588.3779954280819,457.06500010782025
4656,-588.5582013782322,456.9010428862819
4657,-588.7376412232485,456.73672816001647
4658,-588.9163168714177,456.5720551411939
4659,-589.0942301987272,456.40702310965673
4660,-589.2713830423861,456.2416313963843
4661,-589.4477771928821,456.07587937402053
4662,-589.6234143882099,455.90976644980765
4663,-589.7982963097215,455.7432920603518
4664,-589.9724245792102,455.576455667764
4665,-590.1458007569347,455.4092567568369
4666,-590.3184595697888,455.24172534236
4667,-590.490400019046,455.0738590368354
4668,-590.6616217011657,454.9056557272262
4669,-590.8321246331179,454.7371136252536
4670,-591.0019091403307,454.5682312391378
4671,-591.1709757700935,454.39900732887264
4672,-591.3393252249233,454.2294408603079
4673,-591.5069583114717,454.0595309642642
4674,-591.6738759015105,453.8892769025133
4675,-591.8400789022689,453.7186780405213
4676,-592.005475855086,453.54782643293106
4677,-592.1701072568636,453.376682621771
4678,-592.3339747480618,453.20524615583753
4679,-592.4970803508273,453.0335162617408
4680,-592.6594260578257,452.86149222951536
4681,-592.8210138260895,452.6891733977414
4682,-592.9818455695597,452.5165591456278
4683,-593.1419231537424,452.34364888714236
4684,-593.3012483919276,452.170442066689
4685,-593.4598230425916,451.99693815593787
4686,-593.6176768410868,451.82315934842256
4687,-593.774809303909,451.6491037023358
4688,-593.9312203849091,451.47476941690627
4689,-594.0869103814293,451.30015493144197
4690,-594.2418798587673,451.1252589252259
4691,-594.3961295820536,450.9500802893377
4692,-594.549660459262,450.77461809149287
4693,-594.7024734954183,450.5988715427361
4694,-594.8545697567118,450.42283996904416
4695,-595.005950342828,450.2465227883592
4696,-595.1566163658708,450.0699194925599
4697,-595.3065689344565,449.89302963356545
4698,-595.4557651231933,449.7159034160095
4699,-595.6042248976547,449.5385191715859
4700,-595.7519496806649,449.3608765483838
4701,-595.8989410539903,449.1829750227093
4702,-596.0452005621207,449.00481411101566
4703,-596.1907297092837,448.82639336282364
4704,-596.3355299560079,448.64771235722236
4705,-596.4796027168076,448.4687707003119
4706,-596.6229493586899,448.2895680233535
4707,-596.7655712002806,448.11010398144344
4708,-596.9074983674911,447.93039852643074
4709,-597.0487297740276,447.7504499965358
4710,-597.1892647296384,447.5702567836756
4711,-597.3291029082841,447.38981749055023
4712,-597.4682442911356,447.20913095197596
4713,-597.6066891003195,447.02819621402836
4714,-597.744437737943,446.8470125009049
4715,-597.8814907349538,446.66557918185356
4716,-598.0178487102338,446.48389574254
4717,-598.1535123387619,446.3019617618152
4718,-598.2884823272565,446.11977689350425
4719,-598.4227593957621,445.93734085241493
4720,-598.5563442638572,445.7546534037197
4721,-598.6892376404112,445.5717143549624
4722,-598.8214402160444,445.3885235500753
4723,-598.9529526576393,445.20508086492197
4724,-599.0837756044012,445.02138620399097
4725,-599.2139096650889,444.8374394979558
4726,-599.3433554161293,444.65324070188433
4727,-599.4721134003986,444.46878979393614
4728,-599.6001841265066,444.2840867744261
4729,-599.7275680684631,444.0991316651625
4730,-599.8542980463188,443.9139441373761
4731,-599.9803717588966,443.7285228933768
4732,-600.1057873084889,443.5428666175669
4733,-600.230543231652,443.3569741944599
4734,-600.354638453718,443.1708447479333
4735,-600.4780722159758,442.9844776238063
4736,-600.6008440033202,442.7978723554482
4737,-600.7229534819022,442.6110286284017
4738,-600.8444004487387,442.4239462496005
4739,-600.9651847923508,442.23662512244147
4740,-601.0853064626194,442.0490652273266
4741,-601.2047654479866,441.861266606782
4742,-601.3236007479395,441.6731699311213
4743,-601.4417955641707,441.48480040142647
4744,-601.5593495056916,441.2961582705729
4745,-601.6762620020291,441.10724406569926
4746,-601.7925324693583,440.9180583306735
4747,-601.9081603076908,440.7286016278956
4748,-602.0231449001191,440.538874537633
4749,-602.1374856123382,440.3488776575454
4750,-602.2511817924066,440.15861160234857
4751,-602.3642327706958,439.968077003589
4752,-602.476675261343,439.7772938924831
4753,-602.5885053522989,439.58626157838006
4754,-602.6997195685794,439.3949792870526
4755,-602.8103149663256,439.2034464335886
4756,-602.9202890945712,439.01166267652223
4757,-603.0296399111065,438.81962790288327
4758,-603.1383656947726,438.627342192474
4759,-603.2464649688415,438.43480578042056
4760,-603.3539364388583,438.2420190245382
4761,-603.4607789440626,438.04898237897885
4762,-603.5669914201954,437.85569637374573
4763,-603.6725728713722,437.662161599095
4764,-603.7775688306862,437.4682963343415
4765,-603.881958277218,437.2741360284444
4766,-603.9857397766172,437.07968153617446
4767,-604.0889117002968,436.88493407900245
4768,-604.191472423387,436.6898948887912
4769,-604.2934203212554,436.4945652107328
4770,-604.3947537684143,436.29894630276806
4771,-604.4954711377168,436.10303943518363
4772,-604.5955707998086,435.90684589033316
4773,-604.6950511227825,435.71036696245875
4774,-604.7939104719937,435.5136039575921
4775,-604.8921910343813,435.3165771798274
4776,-604.9898873814855,435.1192866557026
4777,-605.0869945737475,434.92173226501865
4778,-605.1835083131757,434.7239140572858
4779,-605.2794249086145,434.5258323185559
4780,-605.37474117741,434.3274875600934
4781,-605.4694543401274,434.1288804831963
4782,-605.5635619279387,433.9300119414178
4783,-605.6570617073592,433.73088290747194
4784,-605.7499516214153,433.5314944465087
4785,-605.8422297446091,433.3318476953742
4786,-605.9338942488513,433.1319438468602
4787,-606.0249843922186,432.9316979916527
4788,-606.1154806727534,432.7311478047939
4789,-606.2053808962842,432.53029476949786
4790,-606.2946827139306,432.329140748029
4791,-606.3833837950275,432.12768760875923
4792,-606.4714818227682,431.92593722903536
4793,-606.5589744922287,431.72389149444325
4794,-606.6458595088633,431.52155229830845
4795,-606.7321345873892,431.3189215413585
4796,-606.8177974509751,431.1160011315132
4797,-606.9028458306661,430.9127929837731
4798,-606.9873273702574,430.70931667969086
4799,-607.0712355254102,430.5055729906474
4800,-607.1545642967118,430.30156248867644
4801,-607.2373084206245,430.0972858815934
4802,-607.319463334222,429.8927440879773
4803,-607.4010250642511,429.687938231348
4804,-607.4819901071812,429.4828696089322
4805,-607.5623553233751,429.27753965680864
4806,-607.642117850982,429.07194991901827
4807,-607.7212750385833,428.86610202251353
4808,-607.7998243936022,428.6599976576977
4809,-607.8777973712549,428.45355345367193
4810,-607.9551769529302,428.24680718329637
4811,-608.0319604342812,428.0397608622752
4812,-608.1081450104903,427.83241688115214
4813,-608.1837279137574,427.62477763558417
4814,-608.2587064059011,427.416845528217
4815,-608.3330777738424,427.2086229672727
4816,-608.4068393261741,427.0001123655668
4817,-608.4799883905748,426.7913161398283
4818,-608.5525223118682,426.58223671025024
4819,-608.6244384505707,426.3728765002137
4820,-608.6957880636511,426.1632531432875
4821,-608.7665639697773,425.953368143214
4822,-608.8367595822857,425.7432227695723
4823,-608.9063691062953,425.53281838276274
4824,-608.9753874984187,425.3221565111008
4825,-609.0438103481048,425.1112388515427
4826,-609.1116337499348,424.9000672453623
4827,-609.1788541910098,424.68864364927475
4828,-609.2454684592701,424.4769701093366
4829,-609.3114735717132,424.2650487396024
4830,-609.3768667193501,424.05288170548454
4831,-609.4416452254844,423.84047121111126
4832,-609.5058319211779,423.62774013785855
4833,-609.5694131804794,423.41472433073216
4834,-609.6323861376235,423.20142628462696
4835,-609.6947478562146,422.9878488360359
4836,-609.7564954326494,422.7739948195273
4837,-609.817625990723,422.5598670703621
4838,-609.8781366783115,422.34546842384384
4839,-609.9380246648207,422.130801714914
4840,-609.9972871392354,421.9158697779142
4841,-610.0559213086348,421.70067544647696
4842,-610.1139243970607,421.48522155351344
4843,-610.1713514371878,421.2695230976669
4844,-610.2281948792684,421.05358226521446
4845,-610.2844478210753,420.83740097172415
4846,-610.3401041958563,420.62098117025727
4847,-610.3951587243997,420.4043249302603
4848,-610.4496067901491,420.1874344463516
4849,-610.5034443060932,419.97031202269454
4850,-610.5566675975191,419.75296005166655
4851,-610.6092733064672,419.53538099379506
4852,-610.6612583168046,419.3175773610697
4853,-610.712619696668,419.09955170383154
4854,-610.7633718942978,418.881237588518
4855,-610.8135046190845,418.662666849383
4856,-610.8630149244492,418.44384231554295
4857,-610.911899845899,418.2247671134102
4858,-610.9601564647866,418.00544436720173
4859,-611.0077818998959,417.7858772006683
4860,-611.054773301596,417.56606873615124
4861,-611.1011278473903,417.34602209397343
4862,-611.1468427385395,417.12574039206436
4863,-611.191915197496,416.9052267457612
4864,-611.2363424659555,416.6844842677413
4865,-611.2801806649402,416.4635245693176
4866,-611.3234222813813,416.24235041859845
4867,-611.3660604823182,416.02096428949557
4868,-611.4080892723495,415.7993686401074
4869,-611.4495034365626,415.57756598996485
4870,-611.4902984148698,415.35555893631636
4871,-611.5304701704282,415.13335014770877
4872,-611.5700150741844,414.91094235100684
4873,-611.6089298107981,414.6883383181582
4874,-611.6472113047806,414.4655408548372
4875,-611.6848566636633,414.24255279140414
4876,-611.7218730923122,414.01932233004993
4877,-611.7582534966618,413.7958754963618
4878,-611.793995059474,413.57221534479106
4879,-611.8290949773976,413.3483451626914
4880,-611.8635504927818,413.12426823338666
4881,-611.8973588851068,412.8999878377051
4882,-611.9305174647874,412.67550725338356
4883,-611.9630235684629,412.45082975472417
4884,-611.9948745554215,412.22595861242485
4885,-612.026067804884,412.0008970935404
4886,-612.0566007139372,411.7756484615402
4887,-612.0864706959604,411.55021597643747
4888,-612.1157349348113,411.3246074867456
4889,-612.1443861312895,411.0988262224846
4890,-612.172417691083,410.8728750893256
4891,-612.199823850321,410.64675692253513
4892,-612.226599609946,410.42047456446033
4893,-612.2527406104929,410.19403088892847
4894,-612.2782430033043,409.96742880422005
4895,-612.3031033379625,409.74067124848864
4896,-612.3273184705646,409.51376118336884
4897,-612.3508854916092,409.2867015879603
4898,-612.3738059885546,409.059458396741
4899,-612.3960753883475,408.83205032876634
4900,-612.4176910415082,408.6044805252288
4901,-612.4386503545879,408.3767522852179
4902,-612.4589507925124,408.1488689048233
4903,-612.478589866309,407.9208336780286
4904,-612.4975651239645,407.6926498962369
4905,-612.5158741435171,407.46432084802206
4906,-612.53351452784,407.23584981903576
4907,-612.550483900701,407.00724009203054
4908,-612.5667799037832,406.7784949469666
4909,-612.5824001944321,406.5496176611801
4910,-612.597400132577,406.32061227327364
4911,-612.6117729300693,406.09148231440867
4912,-612.6255124936968,405.8622309742631
4913,-612.6386135165332,405.6328613272433
4914,-612.6510714071326,405.40337640821497
4915,-612.6628821700386,405.1737792431775
4916,-612.6740422852068,404.94407286022994
4917,-612.68454860313,404.7142602923931
4918,-612.6943982594522,404.4843445773621
4919,-612.703588607794,404.25432875634203
4920,-612.7121178580616,404.0242026527379
4921,-612.7199833129382,403.7939749222777
4922,-612.7271826626422,403.5636486617543
4923,-612.7337136661378,403.333227023183
4924,-612.7395741377509,403.10271315662965
4925,-612.7447619348842,402.87211021075825
4926,-612.7492749487766,402.6414213328946
4927,-612.7531110975419,402.4106496691703
4928,-612.7562683209258,402.1797983647202
4929,-612.7587445763568,401.9488705639162
4930,-612.760537835974,401.7178694106258
4931,-612.76164608439,401.48679804848683
4932,-612.762121638821,401.25565689749965
4933,-612.7619583854308,401.02444960156555
4934,-612.7611508686177,400.7931794513505
4935,-612.7596943574276,400.56184958649516
4936,-612.7575847744208,400.3304630697136
4937,-612.754818584854,400.09902292252457
4938,-612.7513926863754,399.8675321428073
4939,-612.7473043134216,399.6359937137976
4940,-612.7425509594111,399.4044106090074
4941,-612.7371303154938,399.1727857951632
4942,-612.7310405111398,398.94114741025265
4943,-612.7242794746551,398.7094877212859
4944,-612.7168453415145,398.47780958035224
4945,-612.7087363166359,398.24611573286666
4946,-612.6999506586035,398.014408926828
4947,-612.6904866667296,397.78269191234926
4948,-612.6803426713731,397.55096744223147
4949,-612.6695170266851,397.3192382724662
4950,-612.6580081051752,397.0875071626854
4951,-612.6458142936457,396.85577687656775
4952,-612.6329339901545,396.6240501822071
4953,-612.6194147812016,396.39232440026905
4954,-612.6052514145466,396.16060298025366
4955,-612.5904392293019,395.92888902258056
4956,-612.5749742083065,395.6971854568853
4957,-612.5588529123538,395.4654951127613
4958,-612.542072381352,395.2338207581317
4959,-612.5246300365291,395.0021651211499
4960,-612.5065235957693,394.7705309035248
4961,-612.4877510046955,394.53892078916317
4962,-612.4683103823835,394.30733745010485
4963,-612.448199979399,394.0757835507905
4964,-612.4274215510632,393.84430719552864
4965,-612.4059722461656,393.6128917330289
4966,-612.3838507015746,393.3815396227581
4967,-612.3610555911331,393.1502531350773
4968,-612.3375856273561,392.9190345484263
4969,-612.313439551314,392.6878861483718
4970,-612.2886161252262,392.4568102284711
4971,-612.2631141269508,392.2258090909582
4972,-612.2369323458887,391.9948850473046
4973,-612.2100695799505,391.76404041868153
4974,-612.1825246333204,391.5332775363438
4975,-612.1543495842732,391.3025894076796
4976,-612.1255392812981,391.0719793689107
4977,-612.0960891909309,390.8414503427547
4978,-612.065995462887,390.61100502800275
4979,-612.0352548628672,390.38064598063534
4980,-612.0038646682171,390.1503756621219
4981,-611.971822563755,389.9201964697857
4982,-611.9391265511913,389.6901107569627
4983,-611.9057748752114,389.46012084699987
4984,-611.8717659651637,389.23022904331157
4985,-611.8370983899472,389.00043763678326
4986,-611.8017771070257,388.77079416330446
4987,-611.7657983691349,388.5412816658081
4988,-611.7291611299484,388.31190221762483
4989,-611.6918643694328,388.08265770477107
4990,-611.6539071072102,387.8535500231801
4991,-611.6152883917758,387.6245810784109
4992,-611.5760072927069,387.3957527869762
4993,-611.5360628948806,387.1670670773544
4994,-611.4954542941938,386.9385258907727
4995,-611.4541805944093,386.7101311818125
4996,-611.4123080341053,386.48186904248854
4997,-611.3698306625946,386.2537430170921
4998,-611.3267432825378,386.02575608553707
4999,-611.2830415525762,385.7979108946872
5000,-611.2387219092034,385.57020986478744
5001,-611.1937814372116,385.3426552579739
5002,-611.1482177384693,385.11524922444244
5003,-611.1020288171762,384.88799383482
5004,-611.0552129859796,384.6608911035192
5005,-611.0077687918184,384.43394300592036
5006,-610.9596949585235,384.2071514911767
5007,-610.9109903429251,383.9805184918376
5008,-610.8616539015446,383.75404593111944
5009,-610.8116846654431,383.527735728419
5010,-610.7610817212912,383.3015898035036
5011,-610.7098441971605,383.07561007970185
5012,-610.6579712518791,382.8497984863359
5013,-610.6054620670778,382.6241569605782
5014,-610.5523158412605,382.3986874488705
5015,-610.498531785399,382.17339190800874
5016,-610.4441091196784,381.94827230597366
5017,-610.3891333778205,381.7233050295769
5018,-610.3335971955167,381.4984944852041
5019,-610.277494148557,381.2738443031422
5020,-610.22081891429,381.0493576169084
5021,-610.1635671793995,380.825037202713
5022,-610.1057354747136,380.6008855763618
5023,-610.047321005465,380.3769050625391
5024,-609.9883215021295,380.1530978454528
5025,-609.9287350981454,379.9294660063821
5026,-609.8685602332594,379.7060115517615
5027,-609.8077955786982,379.48273643430247
5028,-609.7464399799528,379.25964256893167
5029,-609.6844301060357,379.03649504129896
5030,-609.621790660155,378.81339648799155
5031,-609.558520224165,378.59034995307974
5032,-609.4946176553904,378.36735947500136
5033,-609.430081816314,378.14442906707995
5034,-609.3649115770643,377.9215627287108
5035,-609.2991058148918,377.6987644459906
5036,-609.2326634136577,377.4760381923821
5037,-609.1655832633768,377.2533879293242
5038,-609.0978642598354,377.0308176068017
5039,-609.029613689589,376.80829244190676
5040,-608.9608222241226,376.58581984438695
5041,-608.89148175932,376.36340616615126
5042,-608.8215855896254,376.1410570307869
5043,-608.7511282781124,375.91877751396726
5044,-608.6801054439532,375.69657227700657
5045,-608.6085135482946,375.47444566646476
5046,-608.536349707652,375.2524017889269
5047,-608.46361154158,375.0304445673655
5048,-608.3902970525378,374.8085777837305
5049,-608.3164045329839,374.58680511119246
5050,-608.2417409788986,374.3645353987931
5051,-608.1663844839579,374.1420252916802
5052,-608.0903327364315,373.91928128847314
5053,-608.013584221139,373.69631235820617
5054,-607.9361373989626,373.47312737729357
5055,-607.8579907215665,373.2497351555372
5056,-607.7791426352738,373.02614443625936
5057,-607.6995915836378,372.8023638969868
5058,-607.6193360091104,372.5784021503445
5059,-607.5383743541043,372.35426774510796
5060,-607.4568321501603,372.12991682122953
5061,-607.374698586155,371.90536215761955
5062,-607.2919645891418,371.68061512462276
5063,-607.2086227710477,371.455686102872
5064,-607.1246671786669,371.2305847230345
5065,-607.0400930170962,371.00532004134726
5066,-606.954896399644,370.7799006692269
5067,-606.8690741397431,370.55433486978166
5068,-606.782623584935,370.3286306301423
5069,-606.6955424874695,370.1027957159584
5070,-606.6078289048036,369.87683771265125
5071,-606.5191521860021,369.6498952241438
5072,-606.4296480835992,369.4223453112758
5073,-606.3393140971417,369.1941996162919
5074,-606.2481490442743,368.96547336523236
5075,-606.1561516565421,368.73618162191656
5076,-606.0633206084036,368.50633932413416
5077,-605.9696545271896,368.27596128263417
5078,-605.8751520001971,368.04506218140074
5079,-605.7798115796345,367.8136565786218
5080,-605.6836317860033,367.5817589081974
5081,-605.5867563707661,367.34931622711525
5082,-605.4891741834148,367.116347642765
5083,-605.3908766844604,366.88287034726574
5084,-605.2918573379277,366.6489002425376
5085,-605.1921111091465,366.4144522922747
5086,-605.0916340822145,366.1795407585888
5087,-604.9904231719888,365.9441793648783
5088,-604.8884759083916,365.7083814104967
5089,-604.7857902751244,365.4721598531073
5090,-604.6823645890141,365.2355273688736
5091,-604.5779085336686,364.99782435421395
5092,-604.4724150663792,364.7590552037142
5093,-604.3658768772165,364.51922445322896
5094,-604.2582864281338,364.27833677466185
5095,-604.1496359829806,364.0363969698168
5096,-604.0399176303195,363.79340996480687
5097,-603.9291233004743,363.5493808056305
5098,-603.8172447779497,363.30431465508195
5099,-603.7042737101456,363.0582167909531
5100,-603.5903652265056,362.8110288839876
5101,-603.4755099994753,362.56277914672364
5102,-603.3597023383517,362.31349322064796
5103,-603.2429388915085,362.0631951143193
5104,-603.1252177954236,361.81190771508494
5105,-603.0065381332759,361.55965311008697
5106,-602.8868995870528,361.30645279032785
5107,-602.7663022115768,361.05232778264497
5108,-602.6447462859376,360.7972987367516
5109,-602.5221534396727,360.5412191781671
5110,-602.3985163376773,360.2840937000406
5111,-602.2738276178461,360.025926940381
5112,-602.148079862687,359.7667235996659
5113,-602.0212655802032,359.5064884530354
5114,-601.8933771904296,359.2452263592207
5115,-601.7644070153855,358.98294226753296
5116,-601.634347271052,358.7196412237343
5117,-601.5031900605039,358.45532837530527
5118,-601.3710849228479,358.1899244424288
5119,-601.238016148656,357.9234388468493
5120,-601.1039725309876,357.65587843464453
5121,-600.9689455077357,357.38724853490606
5122,-600.8329280198495,357.11755361139615
5123,-600.6959138155497,356.84679766167164
5124,-600.5578970312357,356.57498445962824
5125,-600.4188719430615,356.3021177012508
5126,-600.2788328229274,356.02820109086883
5127,-600.137773857614,355.7532383911767
5128,-599.9956891054596,355.47723345148916
5129,-599.8525724748048,355.2001902232004
5130,-599.7084177145671,354.92211276796564
5131,-599.5632184111344,354.6430052619715
5132,-599.4169679881303,354.36287199832145
5133,-599.2696597070616,354.0817173887324
5134,-599.1212866677395,353.79954596523146
5135,-598.9719886204183,353.5162802256809
5136,-598.8217525039174,353.23192813180026
5137,-598.6705699549876,352.9464949441032
5138,-598.5184353213411,352.65998434972903
5139,-598.3653444117641,352.372399175353
5140,-598.2112937241576,352.08374183082583
5141,-598.0562799807931,351.7940145792791
5142,-597.900299858784,351.50321969648706
5143,-597.7433498426785,351.2113595605163
5144,-597.5854261517981,350.91843669833224
5145,-597.4265247118932,350.62445380656453
5146,-597.26664115181,350.329413757414
5147,-597.1057708131137,350.03331959661483
5148,-596.9439087653171,349.73617453772016
5149,-596.7810498223672,349.4379819552742
5150,-596.6173122167594,349.13867467607525
5151,-596.4526861700044,348.8382586471042
5152,-596.2871661246119,348.5367373762357
5153,-596.1207489692364,348.23411294585026
5154,-595.9534328896211,347.93038667173266
5155,-595.7852166410506,347.625559522615
5156,-595.6160991017382,347.31963237981364
5157,-595.4460790109345,347.0126061913919
5158,-595.2751548263413,346.70448205790905
5159,-595.1033246567254,346.395261274793
5160,-594.9305862403033,346.0849453480896
5161,-594.7569369495301,345.77353599465846
5162,-594.5823738097578,345.4610351340126
5163,-594.4068935238531,345.14744487638404
5164,-594.2305888429091,344.83271191962024
5165,-594.0534532040274,344.5168402093499
5166,-593.8754834605278,344.19983171347775
5167,-593.696678467272,343.8816872344267
5168,-593.5170381395031,343.5624069509327
5169,-593.3365628415884,343.2419907710971
5170,-593.1552530029583,342.92043855524633
5171,-592.9731088882681,342.597750250259
5172,-592.7901304703263,342.27392596476466
5173,-592.6063173698374,341.9489660057807
5174,-592.421668837122,341.6228708910172
5175,-592.2361837588827,341.29564134656545
5176,-592.0498606786755,340.9672782964943
5177,-591.862697823659,340.6377828486447
5178,-591.6747632830908,340.30711571846143
5179,-591.4860531372923,339.9752792247596
5180,-591.2965660250201,339.64227420663116
5181,-591.1063021105989,339.3081006181933
5182,-590.9152623779203,338.9727579356443
5183,-590.7234481596486,338.6362454290917
5184,-590.5308608336122,338.29856233818055
5185,-590.3375016362827,337.9597079803033
5186,-590.1433715567623,337.6196818124177
5187,-589.9484712848318,337.278483461683
5188,-589.7528011941533,336.9361127357871
5189,-589.5563613472971,336.5925696206369
5190,-589.3591515133462,336.24785427073346
5191,-589.1612143959773,335.9019420896381
5192,-588.9625484448394,335.5548339804437
5193,-588.7631536750738,335.20652994409704
5194,-588.563031041712,334.8570294394829
5195,-588.3621820037049,334.50633163443035
5196,-588.1606082279413,334.1544355761486
5197,-587.9583113952635,333.8013403029496
5198,-587.7552930796627,333.44704491384664
5199,-587.5515546790094,333.09154860849515
5200,-587.3470973812325,332.73485070673587
5201,-587.1419221541345,332.3769506545384
5202,-586.9360297502923,332.01784802126514
5203,-586.7294397259418,331.6575315839637
5204,-586.5221521431655,331.29600130658986
5205,-586.3141677078486,330.9332567838115
5206,-586.1054875050015,330.56929739298727
5207,-585.8961128130131,330.20412240079094
5208,-585.6860449771542,329.8377310357898
5209,-585.4752853269293,329.4701225358351
5210,-585.2638351253453,329.10129617712596
5211,-585.0516955409566,328.73125129020167
5212,-584.8388676357687,328.3599872668404
5213,-584.6253523638275,327.9875035608329
5214,-584.4111505766933,327.61379968481623
5215,-584.1962656084237,327.23887373169975
5216,-583.9806980752791,326.86272534914036
5217,-583.764448634077,326.4853541617499
5218,-583.5475179550507,326.10675978662783
5219,-583.3299067045874,325.72694184323274
5220,-583.1116155352138,325.34589995910386
5221,-582.8926450807886,324.9636337726014
5222,-582.6729959553444,324.5801429335598
5223,-582.4526687544062,324.19542710252557
5224,-582.2316640579177,323.8094859490775
5225,-582.0099824341462,323.4223191495893
5226,-581.7876175736862,323.03393030913236
5227,-581.5645700701535,322.6443190893224
5228,-581.3408402106987,322.2534853269218
5229,-581.1164280796627,321.8614289745621
5230,-580.8913336368462,321.46815005599643
5231,-580.6655567754419,321.07364863298665
5232,-580.4390973639033,320.6779247813782
5233,-580.211955275312,320.2809785743227
5234,-579.9841304071771,319.88281007097163
5235,-579.755622694046,319.48341930927927
5236,-579.5264321148331,319.082806301825
5237,-579.2965478677279,318.6809772245223
5238,-579.0659700939685,318.2779319965578
5239,-578.8346984912855,317.8736707907163
5240,-578.6027324681763,317.46819394520867
5241,-578.3700712599878,317.06150189732534
5242,-578.1367140141714,316.6535951347011
5243,-577.9026598510231,316.2444741605848
5244,-577.6679079052274,315.834139470076
5245,-577.4324573526246,315.4225915348067
5246,-577.1963074258204,315.00983079400146
5247,-576.9594574215537,314.5958576502503
5248,-576.7218958986005,314.1806786637159
5249,-576.4836223632184,313.764294117179
5250,-576.2446358851049,313.3467045439033
5251,-576.0049352459649,312.92791064264463
5252,-575.7645190516685,312.5079132134633
5253,-575.5233858146279,312.0867131105522
5254,-575.2815340121825,311.6643112087787
5255,-575.0389621259507,311.2407083811122
5256,-574.7956686663289,310.8159054845515
5257,-574.5516521856086,310.38990335257427
5258,-574.306903724216,309.96270714640457
5259,-574.06142204266,309.5343175814605
5260,-573.8152055958826,309.1047355497167
5261,-573.5682526358022,308.67396206091036
5262,-573.3205612877352,308.2419981986941
5263,-573.0721296053456,307.80884508908287
5264,-572.8229556081994,307.37450387887
5265,-572.5730373054397,306.9389757220081
5266,-572.3223727085482,306.5022617722605
5267,-572.070959835664,306.0643631807147
5268,-571.818794073095,305.62528262425116
5269,-571.565873617706,305.1850211532434
5270,-571.3121965451637,304.7435798893598
5271,-571.0577608437301,304.3009600061463
5272,-570.8025644371592,303.8571627158751
5273,-570.546605198696,303.41218926152027
5274,-570.2898809578936,302.96604091287884
5275,-570.0323895016888,302.51871896601597
5276,-569.7741285709255,302.0702247453545
5277,-569.5150958532739,301.6205596078671
5278,-569.2552922462842,301.1697230413368
5279,-568.9947155646544,300.7177163310252
5280,-568.733363715323,300.26454071009607
5281,-568.4712346531977,299.81019738527874
5282,-568.2083263423117,299.35468755944464
5283,-567.9446367219105,298.8980124513766
5284,-567.6801636768632,298.44017331307725
5285,-567.414905011729,297.9811714450005
5286,-567.1488584277813,297.521008209608
5287,-566.8820304328873,297.0596798119994
5288,-566.6144188021711,296.59718757167514
5289,-566.3460216122072,296.13353263345846
5290,-566.0768371231941,295.6687160360253
5291,-565.806863681472,295.2027387687245
5292,-565.5360996398833,294.735601818111
5293,-565.2645432934306,294.2673062056514
5294,-564.9921928277437,293.7978530180343
5295,-564.7190462779945,293.3272434314495
5296,-564.4451014960677,292.85547873110846
5297,-564.1703711342199,292.3825514917736
5298,-563.8948530676424,291.90846298221965
5299,-563.6185456920018,291.4332141668827
5300,-563.3414477338574,290.9568058166214
5301,-563.0642714480609,290.4804620968482
5302,-562.7865033931782,290.00330494025
5303,-562.5081551065645,289.52535651044946
5304,-562.2292325763367,289.046629722704
5305,-561.9497415676693,288.56713751407074
5306,-561.6697068750836,288.0868813616537
5307,-561.3891340831076,287.6058738458686
5308,-561.1080293720656,287.1241269704868
5309,-560.8263992743757,286.6416523102567
5310,-560.5452000716837,286.1600842075329
5311,-560.264232832913,285.679082221501
5312,-559.9834955971313,285.19864249726277
5313,-559.7029843656703,284.718757922209
5314,-559.4226950496792,284.23942161659994
5315,-559.1426457396999,283.76061374677244
5316,-558.8628323915242,283.2823276636298
5317,-558.5832518111432,282.8045563435472
5318,-558.3039013775758,282.32729255084075
5319,-558.0250080822,281.85091996748645
5320,-557.7465735374535,281.37543765257556
5321,-557.4685993400617,280.9008446737786
5322,-557.1910869691304,280.42714016738455
5323,-556.9140377136395,279.95432338104837
5324,-556.6374761169085,279.48237988748076
5325,-556.3614032056663,279.0113090848765
5326,-556.0858208214739,278.5411098925266
5327,-555.8107313313578,278.0717809211072
5328,-555.5361373960504,277.60332060903846
5329,-555.2620417896392,277.1357273285379
5330,-554.9884472640545,276.66899946523955
5331,-554.7153564518103,276.2031354752746
5332,-554.4427718006588,275.7381339235647
5333,-554.1707180881901,275.2739803305598
5334,-553.8991973288408,274.8106735171336
5335,-553.6282123203373,274.34821184764326
5336,-553.3577663636518,273.88659339441125
5337,-553.0878630423496,273.4258160671799
5338,-552.8185060542248,272.96587771173745
5339,-552.5496990879788,272.5067761820143
5340,-552.2814457378809,272.04850938984214
5341,-552.0137494497781,271.5910753363167
5342,-551.7466289155441,271.13446320153804
5343,-551.480087025566,270.6786713183765
5344,-551.2141271728141,270.22369773181236
5345,-550.9487530592804,269.7695403120114
5346,-550.6839685484905,269.31619684031836
5347,-550.4197775576461,268.8636650719962
5348,-550.1561839831635,268.411942779414
5349,-549.8931916537753,267.9610277791445
5350,-549.6308043058995,267.51091794610534
5351,-549.3690255765923,267.0616112175108
5352,-549.1078578108373,266.61310627550864
5353,-548.8473041038445,266.1654013771412
5354,-548.5873674107255,265.71849486421735
5355,-548.3280505702655,265.2723851494394
5356,-548.069356332139,264.8270707006208
5357,-547.8112873858389,264.3825500239955
5358,-547.55384639005,263.9388216473531
5359,-547.297036001586,263.49588410350685
5360,-547.0408589033318,263.0537359144147
5361,-546.785317830893,262.61237557612355
5362,-546.5303920526418,262.17181491213205
5363,-546.2760840798426,261.73205254148536
5364,-546.0223954612459,261.2930876337954
5365,-545.7693270923622,260.8549197316105
5366,-545.5168794667987,260.41754860643147
5367,-545.2650528760491,259.98097414455106
5368,-545.0138475645167,259.545196258726
5369,-544.763263846537,259.11021482173237
5370,-544.5133021918759,258.676029618049
5371,-544.2639191608966,258.24266534351824
5372,-544.0151155361227,257.8101215855149
5373,-543.7668903988603,257.378398898081
5374,-543.5192417194552,256.9474984653253
5375,-543.2721668216416,256.5174218369423
5376,-543.02566273819,256.08817072580746
5377,-542.77972647474,255.65974685792304
5378,-542.53435519773,255.23215186561245
5379,-542.2895463609551,254.8053872156817
5380,-542.0452977836712,254.3794541651921
5381,-541.8016076914653,253.95435373845683
5382,-541.5584089119518,253.53012438554947
5383,-541.3157007381628,253.1067665040078
5384,-541.0734799734441,252.6842819179506
5385,-540.8317417954058,252.2626733860197
5386,-540.5904804266179,251.84194421905713
5387,-540.3496896406227,251.42209799113675
5388,-540.1093631305648,251.00313832849474
5389,-539.8694947656078,250.58506876218783
5390,-539.6300787576815,250.16789263180414
5391,-539.3911097582542,249.7516130291387
5392,-539.1525043804764,249.336278713402
5393,-538.9142591076436,248.92189173299448
5394,-538.6763675103317,248.50845585126837
5395,-538.4388213095899,248.0959759360352
5396,-538.201611185933,247.68445749310428
5397,-537.9647273757558,247.27390632043912
5398,-537.7281600936296,246.86432826147075
5399,-537.4918998149573,246.4557290383554
5400,-537.2559374491134,246.0481141483456
5401,-537.0202644287926,245.64148880882874
5402,-536.7847892842004,245.23590860594666
5403,-536.549506105635,244.83137726770983
5404,-536.314405941948,244.4279004040284
5405,-536.0794779502388,244.02548483220727
5406,-535.8447102558579,243.6241380683262
5407,-535.6100905740865,243.22386795582116
5408,-535.3756066397278,242.82468240550958
5409,-535.141246485126,242.42658922441245
5410,-534.9069986012912,242.02959601385433
5411,-534.6728520111778,241.63371012034324
5412,-534.4387962789408,241.23893862555968
5413,-534.2047422994868,240.84533918871225
5414,-533.9706828531259,240.45291708023083
5415,-533.7366078103837,240.06167951175973
5416,-533.502505239237,239.67163496116973
5417,-533.2683622221399,239.2827926685585
5418,-533.0341654376251,238.89516227231357
5419,-532.7999015547531,238.50875355788912
5420,-532.565557481907,238.1235762955881
5421,-532.3311205048371,237.73964014718828
5422,-532.0965783427039,237.3569546245919
5423,-531.8619191453228,236.9755290867364
5424,-531.6270693222833,236.59541556916747
5425,-531.3920204815759,236.21662144221918
5426,-531.1567619722746,235.8391557633551
5427,-530.9212817851201,235.46302869627522
5428,-530.6855672023094,235.08825108514756
5429,-530.4496052477965,234.7148341540625
5430,-530.2133829821039,234.34278930579285
5431,-529.9768876785571,233.97212799782153
5432,-529.7401069112933,233.60286167724126
5433,-529.5030285794976,233.23500175945975
5434,-529.2656408871787,232.8685596386087
5435,-529.0278945140122,232.50357499944627
5436,-528.7897810142738,232.14005722541995
5437,-528.551290595888,231.7780168984642
5438,-528.3124126999162,231.41746539683797
5439,-528.0731364053569,231.0584146089519
5440,-527.8334506983269,230.7008767390519
5441,-527.5933446381423,230.34486418434557
5442,-527.3528074468356,229.99038946661747
5443,-527.1118285433569,229.6374652045095
5444,-526.8703975391335,229.28610411540552
5445,-526.6285042078113,228.93631903824823
5446,-526.3861268541355,228.58813247556662
5447,-526.1432581315532,228.24155543580562
5448,-525.8998903009357,227.89659948553336
5449,-525.6560154500703,227.55327658287987
5450,-525.4116256344081,227.2115989689634
5451,-525.1667129592427,226.87157910365886
5452,-524.9212696194119,226.5332296346106
5453,-524.6752879091173,226.196563390625
5454,-524.4287602115247,225.86159339249707
5455,-524.1816789754062,225.52833287594015
5456,-523.9340366841401,225.19679532262452
5457,-523.6858258208524,224.86699449641756
5458,-523.4370537863847,224.5389308242218
5459,-523.1877151902862,224.21261662633805
5460,-522.9378051707599,223.8880639987042
5461,-522.6873192382171,223.56528494366648
5462,-522.4362531507501,223.24429147833828
5463,-522.184602816395,222.92509572379362
5464,-521.9323642174545,222.60770997824955
5465,-521.6795333526535,222.2921467771724
5466,-521.4261061934573,221.97841894295175
5467,-521.1720786514319,221.666539626465
5468,-520.9174465540459,221.3565223425342
5469,-520.6622056267852,221.0483810009697
5470,-520.4063514798662,220.7421299346193
5471,-520.149920238544,220.43774193778864
5472,-519.892908763731,220.13523047831924
5473,-519.6353153381281,219.8346078098925
5474,-519.3771391333736,219.53588547727415
5475,-519.118379829019,219.23907469035962
5476,-518.8590373472476,218.94418659598054
5477,-518.5991116743252,218.65123247139417
5478,-518.3386027458175,218.36022385887583
5479,-518.0775103776839,218.0711726569262
5480,-517.8158342295263,217.7840911802893
5481,-517.5535737896556,217.49899219822115
5482,-517.2907283743257,217.21588895819906
5483,-517.0273536001263,216.93472959438142
5484,-516.7634490717579,216.6555273191059
5485,-516.4990163200644,216.3782932948176
5486,-516.2340580257705,216.1030374691151
5487,-515.9685774847808,215.82976917090824
5488,-515.7025782517476,215.55849752596848
5489,-515.4360639128587,215.28923173822565
5490,-515.169037950359,215.02198127311513
5491,-514.9015036705977,214.75675597098024
5492,-514.6334641747118,214.49356611180372
5493,-514.364922356757,214.232422447172
5494,-514.095880918466,213.97333621115592
5495,-513.8263423931163,213.71631911852563
5496,-513.5563091734385,213.4613833562294
5497,-513.2858563585065,213.20844394756693
5498,-513.0149857121518,212.9575141338809
5499,-512.7437014424994,212.708603956218
5500,-512.4720091739822,212.46172154529825
5501,-512.1999152599852,212.21687401693052
5502,-511.92742633952554,211.97406807740765
5503,-511.65454906556715,211.7333104192297
5504,-511.38128995142637,211.49460796805224
5505,-511.1076552962449,211.25796802636202
5506,-510.8336511615578,211.0233983473767
5507,-510.55928337927924,210.79090716343336
5508,-510.2845575775726,210.56050318612813
5509,-510.0094792155511,210.33219559023203
5510,-509.734053620966,210.10599398954713
5511,-509.45836515584233,209.88178548431657
5512,-509.1824176640274,209.6595821050257
5513,-508.9062174994299,209.43939185883454
5514,-508.6297724146413,209.22122038120625
5515,-508.35309084186486,209.00507204871417
5516,-508.07618144595364,208.79095070787898
5517,-507.79905286256553,208.57886013485034
5518,-507.5217135592878,208.3688043099727
5519,-507.24417177598855,208.16078756792527
5520,-506.9664355141313,207.95481466662915
5521,-506.68851255453575,207.75089080516204
5522,-506.4104104900226,207.54902161145398
5523,-506.1321367642615,207.34921311370795
5524,-505.8536987115069,207.15147170463626
5525,-505.5751792929431,206.9556672851444
5526,-505.2965838375707,206.76180995595467
5527,-505.0179198999371,206.56990542107656
5528,-504.7391962285832,206.37995682959405
5529,-504.4604221209792,206.19196598002944
5530,-504.1816070375185,206.00593408503403
5531,-503.90276038562365,205.8218622376886
5532,-503.6238914126955,205.63975167916405
5533,-503.34500916634204,205.4596039372701
5534,-503.06612249420294,205.2814208836632
5535,-502.78724006533685,205.10520474199188
5536,-502.5083704017551,204.93095806835592
5537,-502.22952191314783,204.7586837178848
5538,-501.9507029307976,204.58838480605823
5539,-501.67192173858103,204.42006466990682
5540,-501.3931866001488,204.25372683193535
5541,-501.1145749701823,204.0892245605402
5542,-500.8360929112504,203.92656637414328
5543,-500.5577483050508,203.76575610659063
5544,-500.27954997661533,203.60679489350304
5545,-500.001507167307,203.44968243040833
5546,-499.7236292322789,203.29441774719274
5547,-499.44592547926044,203.1409996662177
5548,-499.1684050938443,202.98942705740285
5549,-498.8910771156991,202.8396989660675
5550,-498.6139504430772,202.69181466353328
5551,-498.33703385157287,202.54577365293179
5552,-498.0603360186977,202.40157565083865
5553,-497.78386554944274,202.25922055749672
5554,-497.5076310002579,202.118708423242
5555,-497.2316409002578,201.98003941543462
5556,-496.9559037692741,201.843213788115
5557,-496.68048411363475,201.7080835334792
5558,-496.4053883533553,201.57465486297346
5559,-496.130624113973,201.44292964955167
5560,-495.85619962110184,201.3129072832911
5561,-495.58212335223953,201.18458580785648
5562,-495.3084038463968,201.05796259883297
5563,-495.03504960825563,200.93303475429457
5564,-494.7620690671855,200.8097993077462
5565,-494.48947056669584,200.6882533338642
5566,-494.21726236961985,200.56839399148234
5567,-493.9454526704262,200.45021853143172
5568,-493.67404960982174,200.3337242860385
5569,-493.40306128908696,200.21890865023659
5570,-493.1324957829289,200.10576905997468
5571,-492.8623611503979,199.9943029709747
5572,-492.5926654438255,199.8845078393279
5573,-492.3234167159452,199.7763811045049
5574,-492.0546641188378,199.66978249647053
5575,-491.78641397537467,199.56471596176925
5576,-491.51867320801534,199.46118177134164
5577,-491.25144902868044,199.35917806565143
5578,-490.98474876943294,199.25870177247734
5579,-490.71856733010844,199.15974435145506
5580,-490.4528986234047,199.06229665367562
5581,-490.1877366851898,198.96634954789823
5582,-489.9231279662005,198.871913379839
5583,-489.6590676277235,198.77897933598686
5584,-489.39554934495743,198.68753814181275
5585,-489.13256693566115,198.59758068666224
5586,-488.87011433997293,198.50909803030484
5587,-488.60818561803717,198.42208141014714
5588,-488.34677494810836,198.3365222449379
5589,-488.08587662507676,198.25241213627766
5590,-487.8254850592743,198.16974286871377
5591,-487.56559477547376,198.08850640891123
5592,-487.30622812340135,198.00857054847822
5593,-487.0473788531439,197.9299346942861
5594,-486.7890407977923,197.8525955357058
5595,-486.53120796492215,197.77654822125564
5596,-486.27387451300376,197.70178702466745
5597,-486.01703473879786,197.62830573911376
5598,-485.76068306933456,197.556097912396
5599,-485.5048140561098,197.48515698882832
5600,-485.2494223704429,197.41547639598832
5601,-484.9946140347876,197.34708113160102
5602,-484.74033683046184,197.2799509214208
5603,-484.4865854452939,197.21407877875603
5604,-484.2333542200042,197.14945764555875
5605,-483.9806376220324,197.08608054735873
5606,-483.72843023566014,197.02394060712336
5607,-483.47672675813044,196.9630310561886
5608,-483.22552199652694,196.90334524193983
5609,-482.9748108652678,196.84487663303904
5610,-482.7245883840659,196.78761882278567
5611,-482.47486716033467,196.73144887424
5612,-482.22564189207793,196.6763682041041
5613,-481.97690703519316,196.62237607965307
5614,-481.7286570747224,196.56947038645507
5615,-481.48088659553656,196.51764808961704
5616,-481.23359031216756,196.46690553331237
5617,-480.98676307729716,196.4172386423945
5618,-480.7403998801119,196.36864306246852
5619,-480.49449584043333,196.32111425968392
5620,-480.24904620162005,196.27464759314503
5621,-480.0040477056603,196.2292386467621
5622,-479.7594952372673,196.18488258727146
5623,-479.51538436774655,196.14157471273876
5624,-479.27171076370405,196.09931035576818
5625,-479.02847018946903,196.05808490069484
5626,-478.7856585041561,196.01789379524791
5627,-478.54327165931863,195.9787325589363
5628,-478.3013056970157,195.94059678893288
5629,-478.05975674819985,195.9034821640544
5630,-477.81863027076554,195.86727336951995
5631,-477.5779225286333,195.8319742088602
5632,-477.3376293295883,195.7975867764602
5633,-477.0977464069751,195.76411184460022
5634,-476.85826954290684,195.73154916437454
5635,-476.6191946196221,195.69989770874645
5636,-476.38051763624713,195.6691558662889
5637,-476.14223471007796,195.63932159380093
5638,-475.9043420716832,195.61039253529907
5639,-475.66683605818673,195.58236611398902
5640,-475.42971310663336,195.55523960283153
5641,-475.192969748156,195.52901017833855
5642,-474.95660260311763,195.50367496134456
5643,-474.7206083771693,195.4792310477286
5644,-474.4849838580842,195.4556755314207
5645,-474.24972591321546,195.43300552150683
5646,-474.01483148743927,195.41121815483257
5647,-473.7802976014683,195.3903106051801
5648,-473.546121350444,195.37028008984066
5649,-473.3122999027371,195.35112387420898
5650,-473.0788304989017,195.3328392748764
5651,-472.84571210653354,195.31531142090947
5652,-472.6129426357106,195.2985464068982
5653,-472.3805193574614,195.28254894567107
5654,-472.1484393635766,195.2673223782631
5655,-471.91669972439126,195.25286884805553
5656,-471.68529755614793,195.23918952016987
5657,-471.45423004668885,195.22628479117938
5658,-471.22349446287046,195.21415446934432
5659,-470.99308815049693,195.2027979214164
5660,-470.7630085316167,195.19221418859712
5661,-470.5332531012468,195.18240207641404
5662,-470.30381942432064,195.17336022352393
5663,-470.074503637443,195.1650764456648
5664,-469.8453889621288,195.15755460644274
5665,-469.61647394257744,195.150794012069
5666,-469.38775802642925,195.1447940301671
5667,-469.15924069602147,195.1395540469306
5668,-468.93092147714015,195.135073468832
5669,-468.7027999386909,195.13135172365295
5670,-468.4748756923887,195.12838826118693
5671,-468.24714839241835,195.1261825536228
5672,-468.01961773508333,195.1247340956543
5673,-467.7922774938114,195.12392718511973
5674,-467.56512860506183,195.12377065390137
5675,-467.33817122684553,195.12427215450376
5676,-467.1114052170605,195.12543785535763
5677,-466.8848303054636,195.12727253256995
5678,-466.6584461738488,195.12977979017435
5679,-466.4322524938488,195.13296229640645
5680,-466.2062489453143,195.13682199416138
5681,-465.98043522571504,195.14136027429214
5682,-465.7548110553128,195.14657811268478
5683,-465.5293761802711,195.1524761762568
5684,-465.3041303746902,195.15905490382545
5685,-465.0788046175775,195.16631878434086
5686,-464.85351291874287,195.17426730441431
5687,-464.628256263216,195.18290160374087
5688,-464.40303679253753,195.1922227869367
5689,-464.1778566464138,195.2022319463589
5690,-463.9527179749665,195.212930164168
5691,-463.7276229389137,195.2243185143394
5692,-463.5025737097771,195.23639806426434
5693,-463.2775724700367,195.2491698759603
5694,-463.0526214132541,195.26263500694614
5695,-462.82770935676746,195.27667710315063
5696,-462.60284026732245,195.29130677783226
5697,-462.3780172493682,195.3065335120074
5698,-462.15324298742956,195.3223652158331
5699,-461.92851991800495,195.33880829624738
5700,-461.703850321546,195.3558678865544
5701,-461.47923637502083,195.37354809980738
5702,-461.2546801842794,195.39185225552325
5703,-461.0301838053813,195.41078306614207
5704,-460.8057492594351,195.4303427841133
5705,-460.5813785433347,195.45053331531375
5706,-460.35707363773054,195.47135630536997
5707,-460.13251429733236,195.49283900079266
5708,-459.907839411048,195.51497301672626
5709,-459.68305235723363,195.5377606649727
5710,-459.4581578646771,195.56120411507152
5711,-459.23316062491324,195.58530551037992
5712,-459.0080653074406,195.6100669693235
5713,-458.78287656049554,195.6354905876609
5714,-458.55759901185246,195.66157844038622
5715,-458.3322372695456,195.68833258327584
5716,-458.10679592253797,195.71575505412406
5717,-457.8812795413506,195.74384787372307
5718,-457.6556714443645,195.77249239231193
5719,-457.4299784841994,195.80170022057084
5720,-457.20420657034015,195.83148171667668
5721,-456.97836106786394,195.8618456081176
5722,-456.75244697017564,195.8927990881782
5723,-456.52646900505346,195.92434805768164
5724,-456.30043170372016,195.95649738337707
5725,-456.07433944822833,195.98925112669207
5726,-455.84819650523673,196.0226127310634
5727,-455.6220070507372,196.056585169475
5728,-455.39577518848637,196.0911710582032
5729,-455.1691286699626,196.12642588444572
5730,-454.9422314565615,196.16233056313968
5731,-454.7150892250986,196.19888817135825
5732,-454.4877091975911,196.23610150309597
5733,-454.26009852228464,196.27397330857664
5734,-454.03226429255903,196.3125062981453
5735,-453.804213548827,196.35170314753026
5736,-453.5759532803402,196.39156650207335
5737,-453.3474904268051,196.43209898010738
5738,-453.11883187986075,196.47330317564757
5739,-452.8899844844511,196.51518166054623
5740,-452.66093025021297,196.55763064066917
5741,-452.43167831409414,196.60066072797017
5742,-452.20223690295427,196.6442812202299
5743,-451.97261366681977,196.68849997785122
5744,-451.74281583780464,196.73332357584331
5745,-451.5128503352554,196.77875752695508
5746,-451.28272383815005,196.8248065000594
5747,-451.05244283666303,196.87147450782913
5748,-450.8220136698037,196.91876505870184
5749,-450.59144255338055,196.96668127613302
5750,-450.3603065896709,197.01531066611201
5751,-450.12879422264723,197.06462124788737
5752,-449.8969134198007,197.11461648018482
5753,-449.6646738876728,197.1652994106905
5754,-449.4320852270367,197.21667305122784
5755,-449.19915695502874,197.2687403798467
5756,-448.9658985078654,197.32150434585475
5757,-448.73231924343014,197.37496787394605
5758,-448.4984284436286,197.42913386758846
5759,-448.2642353165752,197.4840052118115
5760,-448.0297489986546,197.53958477552325
5761,-447.79495801086057,197.59580413800327
5762,-447.55987309301605,197.6526711056192
5763,-447.32450426621057,197.71019241077292
5764,-447.088861077836,197.76837382188256
5765,-446.8529527248085,197.82722031102205
5766,-446.6167881354766,197.8867362163278
5767,-446.38037602593585,197.94692538160638
5768,-446.1437249399923,198.00779126976948
5769,-445.9068432782614,198.06933705227866
5770,-445.66973931980397,198.1315656784897
5771,-445.4329035413155,198.19435788110823
5772,-445.1961389041607,198.2577667309114
5773,-444.959451079576,198.3217938221634
5774,-444.72284362842845,198.3864410893552
5775,-444.48632009121434,198.45171032386875
5776,-444.2498839763479,198.51760321476743
5777,-444.01353876774897,198.58412137526867
5778,-443.77728793063767,198.65126636270838
5779,-443.5411349161016,198.7190396935989
5780,-443.3050831647119,198.78744285500798
5781,-443.06912679658654,198.8564502634657
5782,-442.8332699231343,198.92606500453144
5783,-442.59751638008015,198.99628974619978
5784,-442.36186983086,199.06712681291285
5785,-442.12633381934774,199.1385782577457
5786,-441.89091180447883,199.21064592317262
5787,-441.6556071837633,199.28333149022274
5788,-441.4204233097838,199.35663651730704
5789,-441.18536350208996,199.43056247044055
5790,-440.9504310559671,199.5051107465505
5791,-440.71562924901895,199.58028269134866
5792,-440.48148082128665,199.6559183086751
5793,-440.2477680079519,199.73208584577452
5794,-440.01449145114304,199.80878561837096
5795,-439.7816495885286,199.88601849157138
5796,-439.5492409018773,199.96378521830684
5797,-439.31726390258143,200.04208647549717
5798,-439.0857171381769,200.12092288564187
5799,-438.85459919708177,200.20029503301808
5800,-438.6239087121189,200.28020347578513
5801,-438.39364436309063,200.36064875501552
5802,-438.1638100718028,200.44164409555518
5803,-437.93440405164495,200.52318880630753
5804,-437.7054247206585,200.60528239681804
5805,-437.47687064678234,200.68792455178792
5806,-437.24874051912235,200.7711151006926
5807,-437.0210331285924,200.85485399018586
5808,-436.7937473544081,200.93914126070086
5809,-436.5668821543579,201.0239770273722
5810,-436.34043655761576,201.1093614648414
5811,-436.11440965932167,201.19529479532974
5812,-435.8893679530585,201.28156788645947
5813,-435.6650691039946,201.36826812122146
5814,-435.4415093763222,201.45539478183636
5815,-435.2186826753907,201.54294792452694
5816,-434.9965830026543,201.63092750804617
5817,-434.7752044391269,201.7193334299162
5818,-434.55454115166543,201.80816554612196
5819,-434.3345873972577,201.89742368566573
5820,-434.11533752596057,201.98710766125885
5821,-433.8967859827961,202.07721727714485
5822,-433.67893923098234,202.16777730520457
5823,-433.46179073000155,202.25878541746292
5824,-433.2453343446241,202.35023958415303
5825,-433.0295642482458,202.44213809488838
5826,-432.8144748691735,202.53447952744798
5827,-432.600060851026,202.62726270306993
5828,-432.3863170229815,202.72048664173906
5829,-432.17323837708886,202.81415052276785
5830,-431.9608200507903,202.9082536520952
5831,-431.74905731335343,203.00279543604708
5832,-431.537945555263,203.09777536068057
5833,-431.32779763368904,203.19305458536496
5834,-431.1184738977219,203.2886903104994
5835,-430.9099682531576,203.38468157899894
5836,-430.702273350895,203.4810279868479
5837,-430.49538195907513,203.57772909998516
5838,-430.289286952558,203.67478447184087
5839,-430.08398131512894,203.77219365123895
5840,-429.87945814061777,203.86995618796925
5841,-429.6757106333122,203.96807163665574
5842,-429.4727321078432,204.06653955939123
5843,-429.2705159886742,204.1653595274669
5844,-429.069064662155,204.26454696941522
5845,-428.86837085230906,204.36410006249437
5846,-428.66842758600393,204.46401710440222
5847,-428.4692281542474,204.5642966057297
5848,-428.2707660828246,204.66493729403953
5849,-428.07303510447395,204.76593808840107
5850,-427.87602913496096,204.86729806677135
5851,-427.6797422534071,204.96901643512433
5852,-427.48416868648155,205.07109250123585
5853,-427.28930279583,205.1735256535243
5854,-427.0951390681031,205.27631534441022
5855,-426.90167210702424,205.3794610774002
5856,-426.7088966270328,205.48296239711743
5857,-426.5168074481352,205.5868188816105
5858,-426.3253994916758,205.69103013640134
5859,-426.1346677768071,205.79559578984941
5860,-425.9446074174893,205.9005154895078
5861,-425.75521361989144,206.0057888992241
5862,-425.5664816800962,206.11141569679953
5863,-425.37840698203433,206.21739557206564
5864,-425.1909849955931,206.32372822527287
5865,-425.0042112748561,206.43041336571187
5866,-424.81808145644237,206.53745071050776
5867,-424.63258933431166,206.64483702117514
5868,-424.44773086849784,206.75257223466232
5869,-424.2635020720947,206.86065630187358
5870,-424.07989900799413,206.96908915166952
5871,-423.89691779033143,207.0778706839737
5872,-423.7145545880025,207.1870007726428
5873,-423.5328056281877,207.2964792709575
5874,-423.35166719921375,207.40630601706104
5875,-423.17113565263077,207.51648083850182
5876,-422.9912074045777,207.62700355574466
5877,-422.8118789365628,207.7378739847614
5878,-422.6331467957847,207.84909193887216
5879,-422.4548537552454,207.96074976601977
5880,-422.27706225047274,208.0728086856363
5881,-422.09977004467936,208.18526877528035
5882,-421.92297561434617,208.29812973566922
5883,-421.74667748221884,208.41139128481927
5884,-421.5708742207626,208.5250531495701
5885,-421.39556444949847,208.63911506234234
5886,-421.22074683288986,208.75357675863785
5887,-421.0464200785804,208.86843797510443
5888,-420.8725829358893,208.9836984480095
5889,-420.699234194496,209.09935791201224
5890,-420.52635256245026,209.21538911814082
5891,-420.35393897373336,209.33179416723414
5892,-420.18199413161983,209.44857524037653
5893,-420.0105184182152,209.5657341611396
5894,-419.83951191440383,209.68327232642426
5895,-419.66897445776925,209.8011907527574
5896,-419.49890570289136,209.91949014955284
5897,-419.32930517297723,210.03817098875717
5898,-419.16017230082804,210.1572335623801
5899,-418.9915064601829,210.27667802730346
5900,-418.82330698923744,210.39650443919976
5901,-418.65557320808546,210.51671277782322
5902,-418.48830443154736,210.63730296570736
5903,-418.321226930586,210.75846532917038
5904,-418.15445689336644,210.88012012240304
5905,-417.9879955913276,211.00226753764886
5906,-417.82184546152473,211.1249069577374
5907,-417.6560089280432,211.2480377761352
5908,-417.49048841216535,211.37165938607487
5909,-417.32528633091147,211.4957711786994
5910,-417.16040509603175,211.6203725415628
5911,-416.9958471132456,211.74546285747383
5912,-416.8316147816649,211.87104150359562
5913,-416.6677104933507,211.9971078507333
5914,-416.50409123227274,212.12360799798842
5915,-416.3407640090149,212.2505459979109
5916,-416.17773529735473,212.37792611051998
5917,-416.0150107456748,212.50575186035206
5918,-415.85259520836485,212.63402589346262
5919,-415.69049288016487,212.7627500774518
5920,-415.5287074391247,212.89192565546014
5921,-415.3672421694052,213.02155339079454
5922,-415.2061000587119,213.1516336854329
5923,-415.0452838728643,213.28216667180033
5924,-414.8847962118591,213.41315228196672
5925,-414.7246395516375,213.5445902991162
5926,-414.56481627505167,213.67648039555692
5927,-414.4050438928666,213.80905009930285
5928,-414.24544664256484,213.94220342851997
5929,-414.08602883504,214.07594008517523
5930,-413.92679594646614,214.2102587914434
5931,-413.76775339304345,214.34515827548492
5932,-413.60890654463606,214.4806372620038
5933,-413.45026072566776,214.61669447270148
5934,-413.2918212160175,214.75332862647846
5935,-413.1335932518217,214.89053843953624
5936,-412.9755820262057,215.02832262540758
5937,-412.8177926899596,215.1666798949332
5938,-412.66015508908475,215.30553092487764
5939,-412.502681659435,215.44488110517096
5940,-412.3453839236502,215.58473600901067
5941,-412.1882720548502,215.72510016072877
5942,-412.031354932316,215.86597685757687
5943,-411.874640354792,216.00736831240502
5944,-411.7181352672088,216.1492758682146
5945,-411.5618459560724,216.29170019978565
5946,-411.4057782051012,216.43464147946202
5947,-411.24993741481615,216.57809950602942
5948,-411.0943286928135,216.72207380223225
5949,-410.93895692130496,216.86656368754444
5950,-410.7838268074306,217.0115683320755
5951,-410.62850066988705,217.15748917323984
5952,-410.473172400119,217.3041561300516
5953,-410.3178496711746,217.4515681254489
5954,-410.1625419530789,217.59972238698217
5955,-410.0072586081139,217.7486161819305
5956,-409.852008910609,217.89824679799787
5957,-409.696802047643,218.04861154244006
5958,-409.5416471201474,218.19970774129476
5959,-409.38655314411994,218.35153273877313
5960,-409.23152905190085,218.5040838967467
5961,-409.0765836934836,218.6573585942954
5962,-408.921617998415,218.81125442197006
5963,-408.76665041949127,218.96577684102448
5964,-408.6116978702561,219.12093112459976
5965,-408.45677541380593,219.27672127717278
5966,-408.30189640562605,219.4331499161456
5967,-408.1470727817118,219.5902184468465
5968,-407.99231534940736,219.74792730273995
5969,-407.8376340361014,219.90627616982587
5970,-407.6830380879583,220.06526417233346
5971,-407.52853622364734,220.22489001836928
5972,-407.37413675131035,220.3851521111171
5973,-407.2198476568155,220.54604863251765
5974,-407.06496352209103,220.7083050245939
5975,-406.90978661861965,220.8716235286639
5976,-406.75432984213586,221.03600109375077
5977,-406.59860889350017,221.20143177990172
5978,-406.4426393111318,221.3679097719422
5979,-406.2864364970992,221.5354293400783
5980,-406.13001571539,221.70398483460406
5981,-405.97339209193314,221.8735706819703
5982,-405.8165806155289,222.0441813818738
5983,-405.6595961393851,222.21581150500396
5984,-405.5023161673658,222.38833995958055
5985,-405.34476625499485,222.56176988988827
5986,-405.1869693707827,222.73610341900786
5987,-405.0289461740011,222.9113412428629
5988,-404.87071538858544,223.08748273215153
5989,-404.71229418176597,223.26452616148705
5990,-404.55369849118944,223.4424689490817
5991,-404.3949432894172,223.62130786639568
5992,-404.2360427909346,223.80103920837695
5993,-404.07701061146105,223.9816589266449
5994,-403.9178598895108,224.16316273157634
5995,-403.7581624315902,224.34604104523822
5996,-403.59792547718337,224.53029862155913
5997,-403.4371564527405,224.71594035124753
5998,-403.27586294530107,224.90297122245687
5999,-403.1140526873193,225.09139629878905
6000,-402.9517335476919,225.28122070636394
6001,-402.78891352652687,225.47244962591535
6002,-402.6256007523627,225.66508828785956
6003,-402.4618105255717,225.85913378104254
6004,-402.297564081222,226.05457636501714
6005,-402.13271672547097,226.2512770526505
6006,-401.9673003608186,226.4492346259278
6007,-401.80134280170785,226.6484456704467
6008,-401.63486900153663,226.84890510842564
6009,-401.4679018446023,227.05060667291818
6010,-401.30046269307996,227.25354326181557
6011,-401.1325717689626,227.45770719845558
6012,-400.96424842410937,227.66309042232623
6013,-400.7955113336135,227.8696846284469
6014,-400.6263786360056,228.07748136935314
6015,-400.4571080686157,228.28618001533732
6016,-400.2876145860069,228.4958956266889
6017,-400.11791370859055,228.7066204191474
6018,-399.94801965416667,228.91834784135474
6019,-399.7779464149297,229.13107134626813
6020,-399.6077077819892,229.34478442838395
6021,-399.43731737309645,229.55948064197295
6022,-399.266788654667,229.7751536148833
6023,-399.096134959555,229.99179705889898
6024,-398.925182446809,230.20926576189066
6025,-398.7539550529207,230.42756144616123
6026,-398.5824716308489,230.64668268632414
6027,-398.41074788471366,230.86662609433557
6028,-398.23879752010123,231.0873870938333
6029,-398.0666329530004,231.30896039985703
6030,-397.89426574999135,231.53134031763955
6031,-397.7217069039755,231.75452092974913
6032,-397.54896700862935,231.97849621405246
6033,-397.3762998372941,232.2029460225283
6034,-397.2036118063607,232.42799738818644
6035,-397.03091146597717,232.6536452798469
6036,-396.85820617943403,232.87988600874166
6037,-396.68550320122904,233.10671589389014
6038,-396.5128096890709,233.33413129065775
6039,-396.3401327210361,233.56212860130356
6040,-396.1674793086659,233.79070428275247
6041,-395.9948564072385,234.01985485227686
6042,-395.82207692400704,234.24943577493596
6043,-395.64915821375394,234.47945133476543
6044,-395.47611224506886,234.70990221494117
6045,-395.30294779140223,234.94078696667225
6046,-395.12967173542324,235.17210292379556
6047,-394.95628985282167,235.40384675214372
6048,-394.7828072797832,235.63601477632565
6049,-394.60922878895263,235.8686031714992
6050,-394.43581051230353,236.10127165528223
6051,-394.26244997241866,236.3341590618696
6052,-394.0891503591972,236.5672628051493
6053,-393.91591376245685,236.8005817518933
6054,-393.74274227254034,237.03411478230797
6055,-393.56963797839273,237.26786081024167
6056,-393.39660297202266,237.5018187852637
6057,-393.22363935028517,237.7359876931535
6058,-393.0507492153553,237.9703665555212
6059,-392.87774955597104,238.20481878009397
6060,-392.70465235126323,238.4393508702667
6061,-392.53146450891734,238.67396564757982
6062,-392.3581899818366,238.90866378652973
6063,-392.1848310377349,239.14344474639975
6064,-392.0113890141662,239.37830732759306
6065,-391.8378647608203,239.61324999839147
6066,-391.6642588931187,239.8482710826015
6067,-391.4908374284316,240.08300932364324
6068,-391.3174882033455,240.31761564401648
6069,-391.14421070096085,240.55208984283593
6070,-390.97100333714087,240.78643326553146
6071,-390.797864606773,241.02064725638073
6072,-390.62479306824446,241.25473317194474
6073,-390.4517873372078,241.48869237676521
6074,-390.2788460796001,241.72252623872896
6075,-390.1059680049635,241.9562361246301
6076,-389.9329832652039,242.1896957703526
6077,-389.75989980869,242.42291379428607
6078,-389.5867211537441,242.65589524240477
6079,-389.4134482552557,242.8886430802878
6080,-389.24008063066276,243.1211590776215
6081,-389.066617023939,243.35344433510346
6082,-388.8930557905542,243.58549959305188
6083,-388.7193951152408,243.81732540811927
6084,-388.54563313071,244.04892225123177
6085,-388.37205536240407,244.27990654782664
6086,-388.1985382360244,244.51044189263078
6087,-388.0250791107479,244.74053046698097
6088,-387.8516742320751,244.9701760734276
6089,-387.6783199600862,245.19938247519173
6090,-387.5050127442982,245.42815340542552
6091,-387.3317491119725,245.65649255978335
6092,-387.15852565764936,245.88440359000083
6093,-386.985201772097,246.11178040871852
6094,-386.81178198583814,246.33863321721986
6095,-386.6382674727608,246.56496912216127
6096,-386.4646574591355,246.79079341289994
6097,-386.29095007761833,247.01611030022465
6098,-386.11714286726874,247.24092335545132
6099,-385.94323306250993,247.4652357681771
6100,-385.7692177569987,247.68905049530102
6101,-385.59509399404635,247.91237034543116
6102,-385.4211310353871,248.13484713606024
6103,-385.24721078398437,248.35663274157898
6104,-385.0733297205095,248.57773150875093
6105,-384.89948328133835,248.7981492232403
6106,-384.7256670207529,249.01789159205688
6107,-384.55187658602847,249.23696425154105
6108,-384.37810770597144,249.45537276048654
6109,-384.20435618100845,249.67312259443713
6110,-384.0305333937878,249.89014688891106
6111,-383.85664047672003,250.10645572056313
6112,-383.68267670531367,250.32205713731753
6113,-383.5086402569761,250.53695796192963
6114,-383.3345286757738,250.75116424686078
6115,-383.16033914516953,250.96468154513101
6116,-382.98606864799746,251.1775150713713
6117,-382.8117140601732,251.38966979765695
6118,-382.63727220550527,251.60115051066876
6119,-382.4627398876938,251.81196184595302
6120,-382.28811390896044,252.0221083086314
6121,-382.1133910808473,252.23159428609497
6122,-381.93856823042756,252.4404240559543
6123,-381.76364220382715,252.64860179117713
6124,-381.58860986816796,252.8561315635538
6125,-381.41346811258273,253.0630173461637
6126,-381.23821384868313,253.26926301523955
6127,-381.06284401070405,253.4748723516648
6128,-380.887331385256,253.67982674884092
6129,-380.7116747262438,253.88413154807625
6130,-380.53587230437165,254.08779141881396
6131,-380.3599220920001,254.29081059186444
6132,-380.1838218806883,254.49319299141024
6133,-380.0075693525525,254.69494231536376
6134,-379.83116212436175,254.89606208502457
6135,-379.6545977753035,255.0965556763794
6136,-379.47787386482076,255.29642634030074
6137,-379.3009879443064,255.49567721593618
6138,-379.1238445256491,255.6944171659352
6139,-378.9464804646844,255.89260403550625
6140,-378.7688934760089,256.09024004831986
6141,-378.59108165159995,256.28732688109915
6142,-378.4130430663746,256.4838661261703
6143,-378.2347757880391,256.679859292568
6144,-378.05627788142823,256.8753078106162
6145,-377.8775474118143,257.07021303552096
6146,-377.6985824473883,257.26457625022266
6147,-377.519409798205,257.45842728694583
6148,-377.3400260104797,257.65176562606
6149,-377.16042816254327,257.8445913589952
6150,-376.9806136936757,258.03690493426416
6151,-376.8005802887216,258.22870701313724
6152,-376.62032580467996,258.4199983802258
6153,-376.4398482226858,258.6107798868926
6154,-376.25914561576286,258.8010524145861
6155,-376.0782161266224,258.99081685052226
6156,-375.8970579520311,259.1800740711972
6157,-375.71468704617905,259.3698618956562
6158,-375.53151668236757,259.5597390749813
6159,-375.34754689215276,259.7497000981597
6160,-375.16278162495007,259.9397349148668
6161,-374.97722455596823,260.1298334395445
6162,-374.79087916848164,260.31998553919266
6163,-374.6037487834288,260.51018105905365
6164,-374.41583658238886,260.70040984155423
6165,-374.2271456250907,260.8906617402641
6166,-374.03773529637783,261.0809869897071
6167,-373.84760533199085,261.27137190996297
6168,-373.6567565448171,261.4618044023917
6169,-373.46519044065514,261.65227337363575
6170,-373.2729089587892,261.8427683996979
6171,-373.0799143073466,262.03327951576296
6172,-372.88620885712356,262.2237970824597
6173,-372.6917950720189,262.4143116990584
6174,-372.4966754627007,262.60481414588395
6175,-372.30020731261527,262.79593080830773
6176,-372.1023865656919,262.987656001652
6177,-371.9032088485102,263.1799836877033
6178,-371.7026695191615,263.37290751041564
6179,-371.5007637089829,263.56642082982313
6180,-371.29748635677964,263.76051675136097
6181,-371.09283223605877,263.95518814974935
6182,-370.88679597616533,264.1504276875558
6183,-370.6793720782945,264.3462278289682
6184,-370.4706192804444,264.54265429561224
6185,-370.26052875010936,264.7396955442645
6186,-370.04909838509036,264.937337183357
6187,-369.83633643605145,265.1355571772675
6188,-369.6222514516487,265.33433449200294
6189,-369.40685213761964,265.53364869350384
6190,-369.1901472120093,265.73347975933103
6191,-368.97214531965005,265.93380796257037
6192,-368.75285498202607,266.13461380033385
6193,-368.53253406729175,266.3356482698021
6194,-368.311085185898,266.5369900373119
6195,-368.0885157560588,266.73862141998995
6196,-367.8648320220697,266.9405258587324
6197,-367.640040120485,267.14268691210276
6198,-367.41414606055235,267.3450882509412
6199,-367.1871557176818,267.5477136450346
6200,-366.95907482822156,267.7505469514382
6201,-366.72997028616714,267.9536464005092
6202,-366.49984507666335,268.15699285668325
6203,-366.26870381206055,268.3605696329167
6204,-366.03655200900687,268.5643615014169
6205,-365.8033956238342,268.7683540978362
6206,-365.5692407722201,268.97253355542904
6207,-365.33409356390933,269.17688628407694
6208,-365.0979600086299,269.38139883964925
6209,-364.8611134106116,269.58582554153026
6210,-364.6234461957859,269.79025196003295
6211,-364.38496314591987,269.9946661067054
6212,-364.14566778924143,270.1990570092196
6213,-363.90556354919954,270.4034136999107
6214,-363.6646537295568,270.6077252171274
6215,-363.4229415129809,270.8119805985526
6216,-363.180429960348,271.01616887576864
6217,-362.9371733398437,271.2203447267204
6218,-362.69317265406704,271.42449472658313
6219,-362.44843034127734,271.6286076071846
6220,-362.20294963334277,271.8326733529493
6221,-361.95673413907787,272.0366826474974
6222,-361.7097875914857,272.2406265317216
6223,-361.46211369925356,272.4444961977802
6224,-361.21371606371224,272.6482828692364
6225,-360.9648855017417,272.8517416017861
6226,-360.7155035560591,273.0549640363235
6227,-360.4655725179925,273.2579425693972
6228,-360.2150933589904,273.4606705483442
6229,-359.9640669692424,273.66314124948275
6230,-359.71249414515466,273.86534788487637
6231,-359.460375590584,274.0672836002501
6232,-359.207711918262,274.2689414735793
6233,-358.9545424591028,274.47036688692043
6234,-358.7008664525277,274.67155108354336
6235,-358.4466842437562,274.8724869840219
6236,-358.1919967917636,275.0731684622442
6237,-357.93680534719675,275.2735898977108
6238,-357.68111125602957,275.47374589751627
6239,-357.4249158440885,275.673631128693
6240,-357.16852878968285,275.87299933143777
6241,-356.9118205240998,276.0719475873588
6242,-356.65479113346646,276.27047171247443
6243,-356.397439335161,276.4685684582177
6244,-356.13976380444427,276.66623446631223
6245,-355.8817631595804,276.86346627485307
6246,-355.6234359625144,277.0602603166351
6247,-355.36478072024596,277.25661291893425
6248,-355.1058202706382,277.4525549572934
6249,-354.84655241775556,277.6480816399721
6250,-354.586975658259,277.8431892204124
6251,-354.32708887709447,278.0378745257214
6252,-354.066891147477,278.2321346644289
6253,-353.8063816089948,278.4259668449831
6254,-353.545559396042,278.6193682664686
6255,-353.2844235981702,278.81233605563426
6256,-353.02330514552614,279.0046217118111
6257,-352.76206234450507,279.1963266697211
6258,-352.50069308477225,279.38744915226425
6259,-352.23919385284375,279.5779883402756
6260,-351.9775611599345,279.76794331014855
6261,-351.7157915237695,279.9573130391902
6262,-351.4538814659776,280.14609640138957
6263,-351.19182750989046,280.3342921640437
6264,-350.92964056522,280.52192069648623
6265,-350.66731696621883,280.7089802188688
6266,-350.40485346682317,280.89546953985695
6267,-350.14224706796784,281.08138777081393
6268,-349.8794949032935,281.2667341486874
6269,-349.6165941693439,281.4515079259031
6270,-349.35354208435007,281.63570830389426
6271,-349.0906938009526,281.8190833820265
6272,-348.82789484910376,282.00173907900495
6273,-348.5651413484508,282.183675816774
6274,-348.3024279620372,282.3648950098768
6275,-348.0397494322052,282.54539797464093
6276,-347.77710055759155,282.72518593050376
6277,-347.5144761874703,282.9042599923826
6278,-347.25187121705585,283.08262116471303
6279,-346.98929038844017,283.2602860680207
6280,-346.7267286413617,283.4372553768812
6281,-346.46418122402395,283.61353013371144
6282,-346.2016435810304,283.7891115495711
6283,-345.9391112789481,283.96400088168957
6284,-345.67657996094863,284.1381993578316
6285,-345.4140453199516,284.3117081309026
6286,-345.1515030833703,284.48452825275916
6287,-344.88921114019575,284.65648768511045
6288,-344.6270541958342,284.8276609668766
6289,-344.36502727242544,284.9980499061533
6290,-344.103124360257,285.1676569620847
6291,-343.84133954214957,285.33648449299875
6292,-343.5796669758443,285.5045347564363
6293,-343.3181008889527,285.6718099028596
6294,-343.0566355745898,285.838311970532
6295,-342.7952753529241,286.0040600399043
6296,-342.53401454162037,286.1690556983223
6297,-342.2728477728536,286.33330092285064
6298,-342.01176988493296,286.49679786821633
6299,-341.7507758505783,286.65954873846096
6300,-341.4898607338293,286.82155570885357
6301,-341.2290196648417,286.9828208797204
6302,-340.968247825706,287.14334625022707
6303,-340.70754044291294,287.30313370440126
6304,-340.44689278370834,287.4621850044757
6305,-340.18630015462674,287.6205017884516
6306,-339.92575790116257,287.7780855699607
6307,-339.6652614079608,287.9349377392586
6308,-339.40480609917466,288.09105956466027
6309,-339.14438743879845,288.24645219402663
6310,-338.8840009308836,288.40111665609487
6311,-338.6236421195994,288.55505386155363
6312,-338.3633192376507,288.7082882104588
6313,-338.1030276355498,288.8608197863587
6314,-337.84276301229596,289.01264923983234
6315,-337.5825212874019,289.163777504414
6316,-337.32229851658445,289.3142056274783
6317,-337.0620908421783,289.4639346688512
6318,-336.8018944647777,289.6129656416002
6319,-336.5417056276948,289.76129947871544
6320,-336.28142876293,289.9089896533437
6321,-336.0210990926817,290.0560144210073
6322,-335.76071322792575,290.2023740180913
6323,-335.5002681795537,290.3480683307714
6324,-335.2397609651722,290.4930971258881
6325,-334.97918861610447,290.6374600535871
6326,-334.7185481798872,290.78115665176193
6327,-334.45783672232096,290.924186349753
6328,-334.19706657971324,291.06657932343006
6329,-333.93623440289156,291.2083337467734
6330,-333.6753372221695,291.34944857147644
6331,-333.41437230148085,291.48992316126976
6332,-333.1533370418006,291.6297570758278
6333,-332.8922289248773,291.76894994188456
6334,-332.63104548130104,291.9075013780398
6335,-332.3697842731093,292.045410952202
6336,-332.1084428849067,292.1826781585662
6337,-331.84687977758813,292.31937596705814
6338,-331.5851515251203,292.45547226140354
6339,-331.323256182657,292.59096570148847
6340,-331.06119238512196,292.7258545171674
6341,-330.798958751477,292.86013683126254
6342,-330.53655389494975,292.99381066299225
6343,-330.2739764263832,293.1268739335583
6344,-330.01122495697007,293.25932447056186
6345,-329.7483162873476,293.39120032223974
6346,-329.4852483999563,293.52249754991004
6347,-329.22201969469467,293.6532132670071
6348,-328.95862882342044,293.7833451666204
6349,-328.6950745788953,293.912891242677
6350,-328.431355830256,294.04184962363024
6351,-328.1674714864044,294.17021847503366
6352,-327.9034204760112,294.297995943833
6353,-327.63920173723244,294.42518012759206
6354,-327.37465342328886,294.5518470328553
6355,-327.10984261268874,294.677961269431
6356,-326.8447687475814,294.8035200861991
6357,-326.57943192482855,294.9285202929926
6358,-326.3138322073698,295.05295860283286
6359,-326.0479696358172,295.17683163558326
6360,-325.7818442321793,295.30013592385257
6361,-325.5154560029478,295.4228679176024
6362,-325.2488253052506,295.54507373082873
6363,-324.9819513592743,295.6667475579909
6364,-324.71483382825676,295.787884923566
6365,-324.44747263880834,295.9084820999351
6366,-324.1798678584189,296.0285357631435
6367,-323.91201962433945,296.1480427872534
6368,-323.64392810324676,296.2670001234668
6369,-323.3755934692211,296.3854047305836
6370,-323.10701589243587,296.5032535361741
6371,-322.83801282695856,296.6206242269837
6372,-322.5686618542691,296.7374790278367
6373,-322.29896368923914,296.8538139958669
6374,-322.02891977836833,296.96962474109426
6375,-321.75853151706036,297.08490678118824
6376,-321.48780026257265,297.19965554553164
6377,-321.21672733810186,297.3138663815603
6378,-320.94531403621846,297.42753455967147
6379,-320.6735832542164,297.54071388079234
6380,-320.40153540384813,297.65339693790116
6381,-320.12917135198626,297.7655779262801
6382,-319.8564922314481,297.87725195127143
6383,-319.5834993100054,297.9884146171299
6384,-319.3101939144098,298.0990617809204
6385,-319.03657738743277,298.20918940760095
6386,-318.76265106457726,298.3187934865277
6387,-318.48841626230774,298.42786998479596
6388,-318.2136693327734,298.5364970029872
6389,-317.93849841151086,298.6446352032212
6390,-317.6629054042206,298.7522796476041
6391,-317.38689302642706,298.8594249421717
6392,-317.1104639253899,298.9660655981947
6393,-316.83362069448856,299.07219603704385
6394,-316.5563658777318,299.17781059725917
6395,-316.27870197359607,299.282903540009
6396,-316.0006534693066,299.3875357059206
6397,-315.7222219462244,299.4916983490365
6398,-315.44340944041056,299.59538458945804
6399,-315.16421824782236,299.698588611098
6400,-314.88465078744014,299.8013051822423
6401,-314.60470952199597,299.9035293678516
6402,-314.32439691340414,300.00525636002203
6403,-314.04371539893236,300.1064813804985
6404,-313.7626673795334,300.20719962655204
6405,-313.4810275375821,300.307488484073
6406,-313.1988947161603,300.40730778581786
6407,-312.91627195264977,300.50665177173323
6408,-312.63316317413006,300.6055142139897
6409,-312.3495722218767,300.70388877969003
6410,-312.0655028673023,300.8017690370661
6411,-311.7809588169813,300.8991484636936
6412,-311.4959437169712,300.9960204528508
6413,-311.2104828482268,301.09245219305063
6414,-310.92457895045146,301.1884338410005
6415,-310.6382352065208,301.2839576752234
6416,-310.3514550456713,301.379017184157
6417,-310.0642420031757,301.47360651677445
6418,-309.77659963916113,301.56772015169906
6419,-309.48853149327925,301.6613527020306
6420,-309.20004106091193,301.754498803498
6421,-308.91088080851983,301.847234678957
6422,-308.62116053799997,301.93951986012723
6423,-308.33088443248846,302.03134800314484
6424,-308.0400576437687,302.12271227889846
6425,-307.74868521684033,302.2136057326702
6426,-307.45677210763427,302.30402129163616
6427,-307.16432318888985,302.3939517749388
6428,-306.8713432553414,302.48338990199056
6429,-306.5778572895626,302.5724059821639
6430,-306.28386923120917,302.6609894449029
6431,-305.9893834308283,302.7491320152317
6432,-305.6944044587806,302.8368267256837
6433,-305.398936967242,302.92406731541263
6434,-305.10298561036717,303.0108478664785
6435,-304.8065549999995,303.09716258889836
6436,-304.5096496828766,303.18300569783327
6437,-304.21199877869117,303.2684514606076
6438,-303.9137234594353,303.35345957784534
6439,-303.61482901130233,303.43802320210864
6440,-303.31532177436725,303.5221349803372
6441,-303.0152079628299,303.6057874089654
6442,-302.7144936845013,303.68897284383667
6443,-302.41318494734094,303.771683512465
6444,-302.11128766526963,303.85391152422295
6445,-301.8088262815231,303.9357299758741
6446,-301.505805921218,304.0171277064108
6447,-301.20223208378087,304.0980960240919
6448,-300.89811045992064,304.1786276428546
6449,-300.59344679727116,304.25871602787527
6450,-300.28824682246176,304.33835499639525
6451,-299.98251619804716,304.41753848068174
6452,-299.67626050072266,304.4962603925674
6453,-299.36918386077247,304.57459238963946
6454,-299.0614194880091,304.65249476867297
6455,-298.7529737580595,304.72996027444606
6456,-298.4438541924534,304.8069811194381
6457,-298.13406816752683,304.88354933135264
6458,-297.823622935736,304.9596567658155
6459,-297.5125256328584,305.0352951211956
6460,-297.2007832844488,305.1104559510323
6461,-296.8884196789324,305.1852150843776
6462,-296.57544112364775,305.2595608773175
6463,-296.2618542589288,305.33348433178224
6464,-295.9476658857983,305.40697795680427
6465,-295.6328828367539,305.4800350580449
6466,-295.31751190044326,305.5526492999275
6467,-295.0015597800661,305.62481444353574
6468,-294.6850330726251,305.69652419619985
6469,-294.36760877484517,305.7678469970204
6470,-294.04943303179186,305.8387441189314
6471,-293.73051330895976,305.909207973509
6472,-293.41085831885573,305.97923040558413
6473,-293.0904766093077,306.0488030302265
6474,-292.7693765866597,306.11791724848877
6475,-292.44756652361895,306.1865642650869
6476,-292.1250545663553,306.2547351033705
6477,-291.8018638679864,306.32250881606603
6478,-291.4780019235399,306.3898733347713
6479,-291.15347651661034,306.4568194320939
6480,-290.828295559878,306.5233395029183
6481,-290.5024669721244,306.5894267917889
6482,-290.17599860600063,306.65507491045025
6483,-289.8488982080368,306.72027754572184
6484,-289.520812627085,306.78510023639706
6485,-289.19190241854596,306.84950551266337
6486,-288.8621762846842,306.91348575830335
6487,-288.53164428352426,306.9770327425783
6488,-288.2003162822104,307.0401379388867
6489,-287.86820198216446,307.1027925406434
6490,-287.53531092791354,307.1649874819169
6491,-287.20165251535826,307.22671345667777
6492,-286.8672491977855,307.28805087168405
6493,-286.5321097685043,307.3489874732382
6494,-286.1962432541455,307.40951397334635
6495,-285.85965877192257,307.4696227829554
6496,-285.5223654162602,307.52930719575124
6497,-285.18437219166964,307.5885608713165
6498,-284.845687975456,307.64737751814204
6499,-284.50592491662945,307.70581939568046
6500,-284.16525987318033,307.76385035557007
6501,-283.8237027773898,307.8214626597619
6502,-283.4812650496894,307.8786479069832
6503,-283.1379578980804,307.9353973378149
6504,-282.7937923452827,307.9917018528726
6505,-282.4487792380406,308.0475520362674
6506,-282.10294050167994,308.10302778910983
6507,-281.75628640476646,308.1581169001744
6508,-281.40882738590085,308.2128101700593
6509,-281.0605739298355,308.26710013090167
6510,-280.71153646609224,308.32098020828295
6511,-280.3617253084693,308.3744441829888
6512,-280.01115062132277,308.4274858564328
6513,-279.6593253662288,308.4801735802927
6514,-279.3064702894652,308.5324686174309
6515,-278.95259695558906,308.58436308502587
6516,-278.5977188158045,308.6358483428778
6517,-278.2418490749435,308.6869153252619
6518,-277.8850007235811,308.7375545616901
6519,-277.5271865479091,308.7877562037982
6520,-277.1684287417094,308.837600881287
6521,-276.80873951989673,308.8870761392807
6522,-276.44813120597905,308.93617265288225
6523,-276.08661612473844,308.98488291397086
6524,-275.72420651099117,309.0332003550639
6525,-275.36091445450666,309.0811187763
6526,-274.9967518690229,309.1286319824581
6527,-274.6311397817736,309.17580978812236
6528,-274.264239565869,309.22262559874815
6529,-273.89606728329284,309.26907090653435
6530,-273.5266401751156,309.31513646578554
6531,-273.15597518532564,309.3608124962911
6532,-272.78408898752036,309.40608870863366
6533,-272.41099799616705,309.4509543358029
6534,-272.03672655764575,309.49549170636556
6535,-271.661290463633,309.5396876448966
6536,-271.2847055334796,309.58353227652293
6537,-270.90698752266604,309.62701766690185
6538,-270.52815204110834,309.67013689478114
6539,-270.14821450322046,309.7128834319991
6540,-269.76719009955957,309.75525074136266
6541,-269.3847243154216,309.7972723990542
6542,-269.0008172727924,309.8389423842894
6543,-268.61546904529774,309.8802540124869
6544,-268.2286796618609,309.9211999026444
6545,-267.84044911262293,309.96177197520706
6546,-267.45077735589166,310.00196146662216
6547,-267.0596711190501,310.0418526992928
6548,-266.6671301565027,310.0814345108382
6549,-266.2731544711446,310.1206989921265
6550,-265.87774420194336,310.15964012894113
6551,-265.480899549373,310.1982528532268
6552,-265.08262072777916,310.2365323950029
6553,-264.68290793666347,310.2744738521093
6554,-264.2817613450303,310.312071915327
6555,-263.87918108454375,310.3493207022147
6556,-263.4751672484406,310.38621366515247
6557,-263.06971989403803,310.42274354835183
6558,-262.66283904733353,310.45890237560053
6559,-262.25452470868123,310.49468145576105
6560,-261.84478252487617,310.53016709265046
6561,-261.43361233389885,310.5653485565609
6562,-261.02101419338254,310.60021853184605
6563,-260.60698828339525,310.6347717383683
6564,-260.1915348404964,310.66900394443024
6565,-259.7746541145614,310.702911275178
6566,-259.356346342002,310.7364897409831
6567,-258.9366117306134,310.76973492704394
6568,-258.51545045249463,310.8026417989357
6569,-258.0928626424195,310.8352045896002
6570,-257.66884839974546,310.8674167417679
6571,-257.243412303235,310.89935972787083
6572,-256.816554296774,310.93102501132455
6573,-256.38827449381057,310.9624071501415
6574,-255.95857310015796,310.99350253117944
6575,-255.5274503610532,311.0243084535164
6576,-255.09490652613766,311.0548224797147
6577,-254.6609418275445,311.08504198968996
6578,-254.2255564674302,311.1149638853126
6579,-253.78875061217175,311.1445844049875
6580,-253.35052439113832,311.17389901655906
6581,-252.91087789848424,311.2029023642495
6582,-252.46981119682695,311.2315882512225
6583,-252.02732798927318,311.2600349108386
6584,-251.58342821661566,311.2882344936573
6585,-251.13811196335828,311.316182176738
6586,-250.69137939493027,311.34387497567036
6587,-250.24323071359836,311.3713108651506
6588,-249.79366612847653,311.39848814204925
6589,-249.34268583608025,311.4254049762436
6590,-248.89029000866967,311.45205910446344
6591,-248.43647878824518,311.4784476310122
6592,-247.9812522845475,311.50456690653795
6593,-247.52461057580425,311.5304124621387
6594,-247.06655661703286,311.55605539423397
6595,-246.60709038300635,311.5814897834817
6596,-246.14621195862836,311.6067123692302
6597,-245.68392149040145,311.6317215008744
6598,-245.2202191518208,311.6565163526599
6599,-244.75510511943313,311.6810963488053
6600,-244.28857955700843,311.7054607539377
6601,-243.8206426058118,311.7296083912753
6602,-243.35129437938537,311.75353745762993
6603,-242.88053496159029,311.77724541009934
6604,-242.40836440693258,311.80072890429176
6605,-241.93478507811773,311.824051252077
6606,-241.45979694844235,311.84720789606104
6607,-240.98340007827332,311.87019660689543
6608,-240.50559457759684,311.89301657951165
6609,-240.02638057875487,311.9156677467276
6610,-239.54575821712743,311.93815026943116
6611,-239.0637276179771,311.9604641679056
6612,-238.58028888802286,311.9826090640318
6613,-238.09544211058832,312.0045840089099
6614,-237.60918734339526,312.02638737478844
6615,-237.12152645686135,312.0480723167412
6616,-236.63245944507378,312.069636186352
6617,-236.14198636663934,312.09107819400316
6618,-235.6501073165758,312.11239867080405
6619,-235.15682240553966,312.1335985048779
6620,-234.66213174486984,312.15467872075993
6621,-234.16603543621366,312.1756401743129
6622,-233.6685335647248,312.19648333923874
6623,-233.16962619500288,312.21720816478336
6624,-232.66931336909275,312.2378139874935
6625,-232.16759656789378,312.2583443377169
6626,-231.66447578620276,312.2787976982118
6627,-231.15995106837528,312.29917402527286
6628,-230.65402248734262,312.319474167908
6629,-230.14669012880202,312.3396994199588
6630,-229.63795407958767,312.35985118278313
6631,-229.12781441939674,312.3799307183214
6632,-228.61627121517833,312.39993897472294
6633,-228.10332451760303,312.41987646907154
6634,-227.58897435912522,312.4397432140119
6635,-227.0732219078268,312.4595738860721
6636,-226.5560671634525,312.4793678441737
6637,-226.03751016415848,312.49912559699095
6638,-225.51755097088892,312.51884835714594
6639,-224.9961896553826,312.5385376941857
6640,-224.47342629117253,312.55819527081627
6641,-223.94926094703246,312.57782264808066
6642,-223.4236936824005,312.5974211465942
6643,-222.89672454437522,312.6169917524597
6644,-222.36835356593704,312.63653505799414
6645,-221.8385816192774,312.6560767191097
6646,-221.30740871573,312.67561684240286
6647,-220.77483489407396,312.6951563466445
6648,-220.2408602096563,312.7146966488288
6649,-219.70548472592347,312.73423941826087
6650,-219.16870850797773,312.75378638863896
6651,-218.63053161781679,312.7733392186853
6652,-218.09095411095504,312.7928993926746
6653,-217.54997603415936,312.81246815310647
6654,-217.00759791796435,312.8320607810573
6655,-216.46381979511156,312.8516781611447
6656,-215.91864171198688,312.8713215738516
6657,-215.37206372247542,312.890992518765
6658,-214.82408588321744,312.9106925781267
6659,-214.27477717082618,312.93042085738904
6660,-213.72407543356042,312.95018104194423
6661,-213.17200160246415,312.9699737131393
6662,-212.61857547190846,312.98979931676786
6663,-212.06381671045278,313.0096624463752
6664,-211.50774455428146,313.02956327179976
6665,-210.95037796803527,313.0495019921087
6666,-210.3917356471212,313.0694787909273
6667,-209.83183602039702,313.08949380480044
6668,-209.27090215055506,313.10953979671706
6669,-208.70886497381082,313.1296198534261
6670,-208.1457413177558,313.1497339047458
6671,-207.58154690634848,313.1698818236764
6672,-207.01629709985295,313.19005924778406
6673,-206.45000718179023,313.21026587600534
6674,-205.88269220908984,313.23050113060066
6675,-205.31436701733352,313.25076421847484
6676,-204.74504622566272,313.271054183695
6677,-204.1749520043263,313.29136255699257
6678,-203.60401036796117,313.31169132147096
6679,-203.03223448054098,313.3320392981365
6680,-202.45963644373424,313.35240530698195
6681,-201.88622782651487,313.3727774073684
6682,-201.31202039514451,313.3931543513301
6683,-200.73702573074058,313.4135343701946
6684,-200.16125523653366,313.4339153144951
6685,-199.5849308890033,313.4542873423263
6686,-199.00797430370346,313.47465102294484
6687,-198.43039554189372,313.49500370300217
6688,-197.85220363327238,313.5153427101652
6689,-197.2734074874105,313.5356653576927
6690,-196.6940154069806,313.5559539568634
6691,-196.11403605151446,313.5762058628111
6692,-195.53347793546428,313.5964177360359
6693,-194.9523494361659,313.61658573089915
6694,-194.37087264020303,313.6366983297781
6695,-193.7889649070956,313.65675421683017
6696,-193.2066333850552,313.67674886193777
6697,-192.6238842193989,313.6966776851472
6698,-192.04072303020175,313.7165203011255
6699,-191.45715580534363,313.73627225912236
6700,-190.87318842829873,313.7559283593896
6701,-190.28882668545586,313.7754828582657
6702,-189.70407627288205,313.794929630101
6703,-189.1191598611343,313.8142553003142
6704,-188.53399085016406,313.833456298125
6705,-187.94857382444718,313.85252601683277
6706,-187.36291239241575,313.87145780098507
6707,-186.77700986351746,313.89023345071956
6708,-186.1908697728707,313.9088466773874
6709,-185.60449559768233,313.92729060104057
6710,-185.01789076146298,313.9455578905244
6711,-184.43127905420093,313.9636343794983
6712,-183.84457024910728,313.98151489232714
6713,-183.2577667494647,313.9991913214654
6714,-182.6708700023686,314.01665538307384
6715,-182.08388141855502,314.0338966674866
6716,-181.4968024404123,314.05090735807573
6717,-180.90963449606667,314.0676793854301
6718,-180.32237900075546,314.0842044585969
6719,-179.7350373581746,314.100474075715
6720,-179.14761096152978,314.116479516877
6721,-178.56010119441686,314.13221182171475
6722,-177.97250943164053,314.14766175382397
6723,-177.38483704007024,314.16281975372823
6724,-176.7970854758757,314.1776876112559
6725,-176.2092560983394,314.1922563603143
6726,-175.6213502640868,314.2065172357531
6727,-175.0333693275417,314.2204615337856
6728,-174.4446333386194,314.23409442333383
6729,-173.85543282208272,314.2474009427146
6730,-173.26577184710533,314.26037153090596
6731,-172.67565730797364,314.2729960982358
6732,-172.08509601252405,314.28528911240477
6733,-171.49409465863798,314.2972410171479
6734,-170.90265986661845,314.30884288224576
6735,-170.3107981827927,314.3200860970648
6736,-169.71851607924395,314.3309620999776
6737,-169.124830346408,314.34147644533914
6738,-168.52974123196424,314.35161968501546
6739,-167.9332490031151,314.36138165536846
6740,-167.33535395011629,314.3707513053847
6741,-166.7360560821165,314.3797580406161
6742,-166.13535568190923,314.38839106523926
6743,-165.53325305137858,314.3966406110749
6744,-164.92974850991217,314.40449744449666
6745,-164.3248423948212,314.4119524378042
6746,-163.71853506347333,314.4189961998781
6747,-163.1108268969358,314.4256187595491
6748,-162.50171830500494,314.4318092941947
6749,-161.89120898000115,314.4376094437379
6750,-161.27929930106393,314.4430088664486
6751,-160.66598965364102,314.44799873727476
6752,-160.05128043101516,314.45257108965626
6753,-159.43517203782588,314.45671824724457
6754,-158.81766489517486,314.4604323388312
6755,-158.19875944706283,314.46370488791666
6756,-157.5784561680329,314.4665264671157
6757,-156.95675432596352,314.46894990233125
6758,-156.33365434037,314.47096622536657
6759,-155.70915661942,314.47256830195585
6760,-155.0832615662085,314.47375005705084
6761,-154.45596958646232,314.47450580858737
6762,-153.8272810972213,314.47482970201696
6763,-153.19719653626353,314.47471523565764
6764,-152.5657163722064,314.4741548654386
6765,-151.9328394616499,314.4732090911135
6766,-151.29856620255285,314.47187076116415
6767,-150.66289696498842,314.4701347209659
6768,-150.0258321022062,314.4679969781522
6769,-149.38737196224824,314.46545398583913
6770,-148.74751689969756,314.4625020358052
6771,-148.10626728739487,314.45913675124274
6772,-147.46362352814344,314.4553526670281
6773,-146.81958417250755,314.45121421989256
6774,-146.17414954780878,314.44671628318724
6775,-145.52731994142792,314.44185576721117
6776,-144.879095615503,314.43663077592703
6777,-144.2294768212628,314.43103988268206
6778,-143.57846381265009,314.4250815175379
6779,-142.92605685915512,314.4187534562059
6780,-142.27225625796757,314.41205239878764
6781,-141.61706040496878,314.4050434579113
6782,-140.96046952648877,314.39772364794754
6783,-140.30248380251908,314.39009197212783
6784,-139.64310338331236,314.3821486121346
6785,-138.9823284048384,314.37389423166155
6786,-138.3201590028425,314.3653293875157
6787,-137.65659532550512,314.3564540392169
6788,-136.99163591389825,314.3473275993657
6789,-136.32528085544158,314.3379505343144
6790,-135.6575301918323,314.3283251116209
6791,-134.98838393589767,314.3184546471718
6792,-134.31784208648804,314.30834286479893
6793,-133.64590464130518,314.2979933617281
6794,-132.97257160777298,314.2874091708943
6795,-132.29784301219152,314.2765924095797
6796,-131.6217175356358,314.265598186315
6797,-130.9441951746874,314.25442855585766
6798,-130.26527589012287,314.24308703786903
6799,-129.58495962052416,314.231578016785
6800,-128.90324629398714,314.21990623189276
6801,-128.2201358379102,314.20807635279374
6802,-127.53562818698757,314.1960926335291
6803,-126.84972234384769,314.1840009001414
6804,-126.16241822633839,314.1718055984786
6805,-125.47371572436658,314.159512456915
6806,-124.78361471114073,314.1471279852666
6807,-124.0921150524782,314.134659053913
6808,-123.39921661422761,314.1221125490566
6809,-122.70491926795677,314.10949509850826
6810,-122.00922233104191,314.0968431222744
6811,-121.31212567897583,314.0841632117731
6812,-120.61362917253365,314.07146287709276
6813,-119.91373266532501,314.0587501928142
6814,-119.212436009747,314.0460335086775
6815,-118.50973906145163,314.0333212215498
6816,-117.80564168249134,314.02062160419905
6817,-117.10014348145438,314.0079610800032
6818,-116.39324433864964,313.99534767264714
6819,-115.68494413121948,313.9827900002133
6820,-114.97524273720141,313.9702970749367
6821,-114.26414003857123,313.95787815014455
6822,-113.55163592339504,313.9455426116905
6823,-112.83773028723357,313.93329991082146
6824,-112.12242297092278,313.92116626766926
6825,-111.40571389399322,313.909150767292
6826,-110.68760298165529,313.89726282110706
6827,-109.9680901663398,313.88551211170216
6828,-109.24717538885146,313.87390856829774
6829,-108.52485859925187,313.86246237103256
6830,-107.80113975759195,313.8511839824278
6831,-107.07601885397538,313.840079541146
6832,-106.34949587157834,313.829159056289
6833,-105.6215708058335,313.8184326195254
6834,-104.89224366457448,313.8079104861544
6835,-104.16151446840114,313.7976031724478
6836,-103.4293832513662,313.7875215680956
6837,-102.69585006209043,313.77767706332173
6838,-101.96091494502744,313.7680659504475
6839,-101.2245779656819,313.75869906072944
6840,-100.48683920611805,313.7495870732884
6841,-99.74769876487522,313.7407407261655
6842,-99.00715675766983,313.7321710313421
6843,-98.26521331896735,313.7238894929805
6844,-97.52186860453446,313.71590832946083
6845,-96.77712261282733,313.7082142414644
6846,-96.0309755050291,313.7008187516502
6847,-95.28342746069119,313.69373300584175
6848,-94.53447867863417,313.6869681085653
6849,-93.78412937914698,313.68053545212126
6850,-93.0323798075522,313.6744470387176
6851,-92.27923023926832,313.6687157971136
6852,-91.52468052526987,313.6633190982955
6853,-90.76873092969707,313.6582690060866
6854,-90.01138173429752,313.6535769967478
6855,-89.25263324153578,313.649254413119
6856,-88.49248577944962,313.64531290373645
6857,-87.73093970831026,313.6417648466343
6858,-86.96799472953907,313.6385821144525
6859,-86.20365117427721,313.6357758626089
6860,-85.43790938446936,313.6333564278461
6861,-84.67076971838695,313.6313338798108
6862,-83.90223255797127,313.62971854500313
6863,-83.13229831798989,313.6285215027446
6864,-82.36096745715572,313.62775505571494
6865,-81.58823937988004,313.6273826790582
6866,-80.81411449761205,313.62741571839706
6867,-80.03859323045292,313.6278647137066
6868,-79.26167601645058,313.6287400106259
6869,-78.48336332288316,313.63005234210385
6870,-77.70365565956902,313.6318133805894
6871,-76.92255224236334,313.6339835247011
6872,-76.14005351542635,313.6365730807996
6873,-75.35615992169598,313.6395913380399
6874,-74.57087191531792,313.6430472492862
6875,-73.78418997587326,313.6469500738872
6876,-72.9961146243768,313.65130998210077
6877,-72.2066464412715,313.6561386245234
6878,-71.41578426635398,313.6613893823638
6879,-70.6235286006428,313.66707283974927
6880,-69.82987994236203,313.6731986238746
6881,-69.03483880328211,313.679776115523
6882,-68.23840572697226,313.68681512468805
6883,-67.44058130901288,313.6943265315623
6884,-66.64136422417593,313.70226262035237
6885,-65.84075496861935,313.7106326767962
6886,-65.03875402312676,313.7194448138094
6887,-64.23536187274564,313.7287067363717
6888,-63.43057902796198,313.7384264650298
6889,-62.624406047380255,313.7486130176341
6890,-61.8168414466703,313.7592175419001
6891,-61.00788567808943,313.77024750684785
6892,-60.19753917272858,313.7817092624531
6893,-59.385802362634585,313.79360881076184
6894,-58.572675703909326,313.80595253071914
6895,-57.758159700767145,313.81874785669294
6896,-56.9422527497199,313.83194571143383
6897,-56.12495525210898,313.8455522054089
6898,-55.30626758625349,313.8595724408983
6899,-54.486190130721006,313.87401125746146
6900,-53.66472328812691,313.8888739307283
6901,-52.84186750947332,313.90416682480355
6902,-52.01762112217329,313.9198416002782
6903,-51.19198448055934,313.9359034594391
6904,-50.36495791458835,313.9523566683991
6905,-49.53654175338441,313.96920526649535
6906,-48.706736349006334,313.9864537314892
6907,-47.87554210046117,314.00410760083946
6908,-47.04295730960316,314.0221199216313
6909,-46.20898228418718,314.0404951338808
6910,-45.37361730582425,314.0592367762562
6911,-44.53686265334323,314.0783481585466
6912,-43.69871862614674,314.0978329932077
6913,-42.85918556757665,314.1176959860666
6914,-42.01826178897917,314.13789196078585
6915,-41.17594754740343,314.1584245450765
6916,-40.33224307217321,314.17929649247355
6917,-39.487148587726665,314.20051031712023
6918,-38.64066433624396,314.22206889074715
6919,-37.79279060006824,314.2439760017342
6920,-36.9435257306088,314.2661885408677
6921,-36.09286992963342,314.2887092388925
6922,-35.24082337043292,314.31153998970046
6923,-34.3873862197491,314.3346824440809
6924,-33.53255865930035,314.3581385685296
6925,-32.67634090690298,314.3819111688791
6926,-31.818731383069892,314.4059594910824
6927,-30.95973023202993,314.43028532006304
6928,-30.09933756976296,314.4548896529687
6929,-29.23755350458313,314.4797732469413
6930,-28.374378157155448,314.50493713469746
6931,-27.509811679938828,314.5303831076137
6932,-26.64385259039783,314.5560730751703
6933,-25.77650097547553,314.58200785789575
6934,-24.907756894901137,314.6081875441504
6935,-24.037620400012926,314.6346119867414
6936,-23.16609155188323,314.66128127002355
6937,-22.293170438733668,314.6881961471248
6938,-21.41885570161394,314.71532153582825
6939,-20.54314737208962,314.7426572786193
6940,-19.666045456206188,314.7702025448669
6941,-18.787549951185984,314.79795627119694
6942,-17.907660861328786,314.82591757482965
6943,-17.026377078427835,314.85405715996336
6944,-16.143698552383256,314.88237306105185
6945,-15.259625207033253,314.91086263115557
6946,-14.374156955076803,314.9395229384447
6947,-13.487293711863524,314.9683511320792
6948,-12.599035408004097,314.99734477652777
6949,-11.709381067734002,315.0264775222414
6950,-10.818330595636972,315.055746453098
6951,-9.92588388142191,315.0851482541027
6952,-9.032040810913163,315.114679509439
6953,-8.136801275958456,315.14433697293725
6954,-7.2401651832609275,315.17411781081245
6955,-6.3421317377939,315.20399988688166
6956,-5.442700832842439,315.23398009355674
6957,-4.541872350245985,315.26405499980416
6958,-3.639646168030411,315.2942210633887
6959,-2.736022167158765,315.32447482077055
6960,-1.8309997709437118,315.3547996259712
6961,-0.9245788473812911,315.3851916399992
6962,-0.016759253277384478,315.41564668413275
6963,0.8924591600812856,315.44616039952075
6964,1.8030765421013217,315.4767283850996
6965,2.715093038924268,315.507346312903
6966,3.6285090722307363,315.53800146551754
6967,4.543324788977403,315.5686894128988
6968,5.459540342207289,315.59940550586646
6969,6.37715588824293,315.6301449555477
6970,7.296171584596108,315.66090289272006
6971,8.216587691830627,315.69167110671754
6972,9.138404364234853,315.7224447144657
6973,10.061621759391006,315.7532186731289
6974,10.98624003725959,315.7839878023632
6975,11.912259359858092,315.81474678770235
6976,12.8396798915377,315.8454901639871
6977,13.768501752390417,315.8762138968161
6978,14.698725096962045,315.906912710914
6979,15.630350079982293,315.9375812412648
6980,16.56337685771643,315.9682139802309
6981,17.497805589757824,315.99880520634076
6982,18.433636283080162,316.02935460514846
6983,19.370869084259596,316.0598567890553
6984,20.30950413739957,316.0903063529769
6985,21.24954158694942,316.1206977683521
6986,22.190981580805627,316.15102526058996
6987,23.133824036293866,316.18129174430595
6988,24.078069086291286,316.21149191156866
6989,25.023716859203148,316.2416204994537
6990,25.970767482966547,316.271672136393
6991,26.919221089180724,316.3016411741573
6992,27.86907781733792,316.3315215040274
6993,28.820337485659014,316.3613201264699
6994,29.773000221083727,316.39103141773177
6995,30.727066146158247,316.4206497705091
6996,31.682535384041284,316.45016938639196
6997,32.63940806353157,316.47958405188785
6998,33.59768395485429,316.5089030722195
6999,34.55736317105027,316.53812092931975
7000,35.51844581827472,316.56723221874364
7001,36.48093200160594,316.59623140137654
7002,37.444821830763864,316.6251125399698
7003,38.4101150370093,316.65388706099475
7004,39.37681171423885,316.6825498361634
7005,40.34491194877436,316.71109589335805
7006,41.31441582567004,316.7395201352803
7007,42.285323434825884,316.7678170450911
7008,43.257634479584866,316.7959998562613
7009,44.23134835648837,316.824063865609
7010,45.20644442558281,316.85200399606987
7011,46.18290254375147,316.87981504364404
7012,47.16070285845561,316.90749135774485
7013,48.13982541338193,316.9350470709899
7014,49.12025090297084,316.96247736928416
7015,50.10196029187153,316.9897775976482
7016,51.08493481578967,317.0169429445303
7017,52.0691559838471,317.0439681169984
7018,53.054605186700535,317.0708683201135
7019,54.04126444374178,317.09763907314056
7020,55.02911602622165,317.12427604569996
7021,56.01814245813084,317.1507747360135
7022,57.00832651865255,317.17713014072064
7023,57.99965085900974,317.2033582030836
7024,58.99209873402558,317.22945472007063
7025,59.985653633113316,317.2554156375604
7026,60.98029928117039,317.28123672600645
7027,61.976019641075155,317.3069132479774
7028,62.97279891585717,317.33243961506105
7029,63.970621134651346,317.357834378577
7030,64.96947094135925,317.38309261227016
7031,65.96933319651956,317.4082094402645
7032,66.97019297776532,317.43317970365973
7033,67.97203558225087,317.4579976110298
7034,68.97484613414898,317.48268151446155
7035,69.97861033421037,317.5072266410938
7036,70.98331408205186,317.53162843169366
7037,71.98894347705384,317.5558821893023
7038,72.9954848212008,317.5799827110927
7039,74.00292425015763,317.60394857330164
7040,75.01124843927957,317.6277757423061
7041,76.02044424865493,317.65146044118234
7042,77.03049872429234,317.6749987853851
7043,78.04139878713754,317.698407269194
7044,79.05313183117683,317.72168336121007
7045,80.06568542358838,317.7448248937539
7046,81.07904730643422,317.7678297048601
7047,82.09320539979315,317.79069527498143
7048,83.10814750492138,317.81343870877583
7049,84.12386187400351,317.83605834912373
7050,85.14033692443122,317.8585526602841
7051,86.15756124014361,317.8809198984993
7052,87.17552357427552,317.90315778059124
7053,88.19421256357384,317.9252829701723
7054,89.21361727501974,317.94729372930124
7055,90.23372693119208,317.96918832217995
7056,91.25453091121946,317.99096472196055
7057,92.27601875293081,318.0126203143044
7058,93.29817987979965,318.03417078804557
7059,94.32100412244434,318.0556139956422
7060,95.34448145624455,318.0769477885299
7061,96.3683603004629,318.09816512429217
7062,97.39273351369725,318.1192650043559
7063,98.41759222120918,318.1402621274791
7064,99.44292893299023,318.16115411378956
7065,100.46873625468939,318.1819386308887
7066,101.49354584770683,318.2025859290525
7067,102.51735773564022,318.22309317814836
7068,103.54017170696092,318.2434744694438
7069,104.56198778065479,318.2637276232021
7070,105.58280597281303,318.28385056187807
7071,106.60262630005829,318.30384107231225
7072,107.62144878286755,318.32369655924236
7073,108.63927322286825,318.34343050766387
7074,109.65609963533356,318.3630409993944
7075,110.67192803272259,318.3825262281695
7076,111.68675842797734,318.40188426644363
7077,112.70059083771903,318.42111282482125
7078,113.71342507278703,318.44022502058687
7079,114.72526114500961,318.45921920874395
7080,115.7360990637582,318.4780938464414
7081,116.74593883906817,318.4968472681805
7082,117.75478048466132,318.51547745513534
7083,118.76262380203606,318.5339984535261
7084,119.76946879991313,318.55240892364816
7085,120.77531548384216,318.5707076958545
7086,121.7801638592381,318.58889355228865
7087,122.78401393433715,318.6069650040696
7088,123.78686548029741,318.624938323651
7089,124.78871849786564,318.6428128943857
7090,125.78957298238491,318.6605884547779
7091,126.78942892691325,318.67826487930404
7092,127.78828632528733,318.69584195742453
7093,128.78614489687624,318.7133390636229
7094,129.78300462276948,318.7307571654434
7095,130.77886547503437,318.748097850605
7096,131.77372741992434,318.76536310254187
7097,132.76759042103592,318.78255508028343
7098,133.76045412089093,318.7996966414157
7099,134.75231846162146,318.8167914206911
7100,135.74318337074695,318.8338439565496
7101,136.73304876412112,318.8508594681572
7102,137.72191454875906,318.8678436472924
7103,138.70978026062178,318.88482258535976
7104,139.69664577126784,318.90180363169145
7105,140.68251092825457,318.9187952950553
7106,141.6673755570194,318.93580704247194
7107,142.6512394623884,318.9528491273164
7108,143.6341020421147,318.96994994447755
7109,144.61596304431794,318.98712141713366
7110,145.59682217724546,319.00437683573165
7111,146.5766791087252,319.0217307094793
7112,147.55553346460948,319.0391986641736
7113,148.5333845775501,319.0568063925645
7114,149.5102319963737,319.0745708185405
7115,150.4860752110305,319.09251018748415
7116,151.4609136479615,319.1106440220503
7117,152.43474666322373,319.1289931422208
7118,153.40757399357145,319.1475661051827
7119,154.37939494526157,319.16638360663717
7120,155.35020877086984,319.18546677932005
7121,156.32001465999105,319.20483735758967
7122,157.28881172593574,319.22451791966625
7123,158.25660073308217,319.2444874417648
7124,159.22338086799795,319.2647657404777
7125,160.1891513226277,319.2853713582014
7126,161.1539112785315,319.30632205426275
7127,162.11765988567177,319.32763536807187
7128,163.0803994109808,319.3492521725991
7129,164.04212927477977,319.37118409613055
7130,165.00284901054053,319.39343938779507
7131,165.96255823645575,319.41602379319784
7132,166.92125662250243,319.438941466731
7133,167.87894785192003,319.4620910612612
7134,168.83563200335558,319.48546805615115
7135,169.79130936093003,319.5090624869709
7136,170.74598036420787,319.5328601621348
7137,171.6996455586192,319.55684385081315
7138,172.65230554917397,319.5809944169737
7139,173.603964560066,319.60515743003816
7140,174.55462341671355,319.6293040720714
7141,175.50428309486372,319.65339846917436
7142,176.45294464368504,319.67739901080313
7143,177.40060911598468,319.7012595477672
7144,178.34727826834114,319.7247933474767
7145,179.29295277325758,319.74794233162396
7146,180.2376331514528,319.77063902554994
7147,181.18131963752325,319.79280790356586
7148,182.1240120526953,319.81436651026974
7149,183.06570657390677,319.8351095147905
7150,184.00640137358286,319.8549426537002
7151,184.94609369552626,319.87376115149607
7152,185.88477963564526,319.8914508350311
7153,186.8224539154277,319.9078889095673
7154,187.75910480653954,319.9228756013814
7155,188.69472367084268,319.9362793387356
7156,189.62929970710712,319.94795855225357
7157,190.56281962459238,319.9577622242496
7158,191.49526726897275,319.965530008726
7159,192.4266231717172,319.9710918670259
7160,193.3568661980693,319.97428331312614
7161,194.28597169119615,319.9749324097841
7162,195.21391091421745,319.972858766718
7163,196.14065046403795,319.96787278310535
7164,197.06615152373294,319.9597743930277
7165,197.99039049765094,319.9484569626384
7166,198.91332284014504,319.9337242297902
7167,199.8348984113635,319.91537399210324
7168,200.75506063022968,319.89319639294075
7169,201.6737453720787,319.86697176267427
7170,202.59087954424297,319.83646800703343
7171,203.50645058612386,319.80167475831144
7172,204.42038061182646,319.7623703187054
7173,205.332584148781,319.7183299780304
7174,206.24296672032108,319.6693229625685
7175,207.15142302082828,319.61510904674117
7176,208.0578346077094,319.5554348625387
7177,208.9622222423424,319.49040486660783
7178,209.86446607814108,319.41978279756756
7179,210.76443747279166,319.34333408803195
7180,211.6619968992818,319.26082162374166
7181,212.55699132930104,319.17200136034097
7182,213.4492510312854,319.0766178871251
7183,214.33885496630245,318.97489405519536
7184,215.2256380781108,318.866597385265
7185,216.10942712360594,318.7515032983311
7186,216.99003788551306,318.62938983219556
7187,217.86727181402705,318.5000324795996
7188,218.74091208840554,318.3631992828637
7189,219.61111858487197,318.2192223546917
7190,220.47768697735347,318.0678955004316
7191,221.34040778869127,317.9090268393212
7192,222.19906288736374,317.7424326177095
7193,223.05342146743757,317.5679314330587
7194,223.90323556729854,317.3853390215021
7195,224.7482351628481,317.1944637474433
7196,225.5887311937347,316.99577213919144
7197,226.42447330871374,316.78909200802036
7198,227.2552098243677,316.5742709408976
7199,228.0806832960241,316.3511695885022
7200,228.90062567155434,316.1196556427593
7201,229.71475314718083,315.87959865399506
7202,230.5227608191783,315.6308658164434
7203,231.32511646044807,315.3740025944705
7204,232.12154198186136,315.10889062428924
7205,232.911765663505,314.8354370146712
7206,233.69551661357696,314.55356689445426
7207,234.47251897167897,314.2632169007662
7208,235.24248603922427,313.96432973098587
7209,236.0051144796661,313.65684985401236
7210,236.76007869899985,313.34072045144796
7211,237.50806505845455,313.01653997550716
7212,238.2487750720132,312.6842518521761
7213,238.9819246059091,312.3438276560656
7214,239.70723703092625,311.99525948483216
7215,240.4244363393851,311.6385534852896
7216,241.13324045349614,311.2737246063679
7217,241.833354896476,310.9007926266937
7218,242.52446695277095,310.5197794788715
7219,243.20743851943857,310.13126394844994
7220,243.88198311114226,309.7352587150043
7221,244.54783803911846,309.3318044709919
7222,245.20475580533883,308.92096213585774
7223,245.85249577082084,308.50280641322485
7224,246.490816348059,308.0774207027937
7225,247.11946789307476,307.64489335820554
7226,247.7381864124643,307.20531526204627
7227,248.3466881551646,306.7587786685402
7228,248.9460353362645,306.305791164415
7229,249.53595859160558,305.84642251564946
7230,250.11621931015554,305.3807674560953
7231,250.6865995605864,304.9089386293467
7232,251.24689262061312,304.4310609534306
7233,251.79689435166824,303.94726735351907
7234,252.33639557623064,303.4576957993079
7235,252.8651755470678,302.9624875735228
7236,253.38299654601073,302.4617866857292
7237,253.8910578290781,301.95598535177743
7238,254.38912941077504,301.4451998847657
7239,254.87701909215946,300.929566748208
7240,255.35456045101145,300.4092362951325
7241,255.8216018599126,299.88436798218436
7242,256.27799674798285,299.3551269343993
7243,256.7235952247315,298.8216817458614
7244,257.1582371088145,298.28420340561036
7245,257.5817463485111,297.74286523716313
7246,257.9954214879662,297.19792770879263
7247,258.39908593544277,296.64953295111115
7248,258.792604303451,296.0978366638869
7249,259.1758687427572,295.54300316248737
7250,259.54878678656286,294.9852018328683
7251,259.9112708537884,294.4246048159011
7252,260.2632294598322,293.86138577148444
7253,260.60456010803557,293.29571959195715
7254,260.9351437820384,292.72778294447085
7255,261.25634118426575,292.15770126102666
7256,261.56802497606236,291.58561938627486
7257,261.8701102070295,291.0116895342261
7258,262.1625394900976,290.43606786104596
7259,262.4452701180772,289.85891226677506
7260,262.71826318606975,289.2803812164125
7261,262.98147468819474,288.7006334187878
7262,263.23484848871686,288.11982823357994
7263,263.4797167674364,287.53800082894503
7264,263.71601546069525,286.95528076165317
7265,263.94372112335276,286.37179927698253
7266,264.16283525757814,285.7876873253405
7267,264.37337103418645,285.20307453229555
7268,264.57534235921383,284.6180889161853
7269,264.76875515430567,284.03285720847015
7270,264.95360066418374,283.44750567085714
7271,265.1298505723112,282.8621613257321
7272,265.29883401975644,282.27675928074945
7273,265.460503691145,281.6914010047663
7274,265.61485024459955,281.10618679402216
7275,265.76188742320534,280.52121504078696
7276,265.90163958872137,279.93658215268425
7277,266.0341315682815,279.3523829450955
7278,266.15938063833033,278.7687113907205
7279,266.277390428896,278.18566164964005
7280,266.3894049277916,277.6031300705369
7281,266.4954147899606,277.0211895981071
7282,266.5954468416267,276.4399094930289
7283,266.68954922454833,275.85935553146885
7284,266.7777791598265,275.27959055922196
7285,266.860193145966,274.70067526058875
7286,266.9368393538621,274.12266906466226
7287,267.0077519532319,273.5456311490035
7288,267.07406975428916,272.969446658459
7289,267.13581138305585,272.3941592286833
7290,267.1930264104989,271.819808314594
7291,267.2457819660369,271.2464299057995
7292,267.2941518814935,270.67405733985856
7293,267.3382081349494,270.102722130345
7294,267.3780143302547,269.5324547760972
7295,267.4136209339751,268.9632855450635
7296,267.44603974824736,268.39447722002075
7297,267.47529660817906,267.8266882472485
7298,267.5014515461627,267.25993575974184
7299,267.5245793664766,266.6942342510551
7300,267.5447604353414,266.12959633284737
7301,267.5620735073416,265.5660334024394
7302,267.5765903324802,265.0035562165139
7303,267.5883717832406,264.44217538406895
7304,267.59824758931495,263.88182422218273
7305,267.6062635214799,263.32250861856716
7306,267.6124865498194,262.7642322986122
7307,267.6169954878594,262.20699748777145
7308,267.61987357940626,261.6508054578157
7309,267.62120280575783,261.0956569508779
7310,267.62105968090964,260.54155249526906
7311,267.61951230418765,259.9884926351805
7312,267.61661845008217,259.43647809724655
7313,267.6130347958048,258.8854770305775
7314,267.6088040796979,258.3354890108784
7315,267.6039857684635,257.7865128191809
7316,267.5986491228139,257.2385468186534
7317,267.5928677326617,256.69158923359123
7318,267.58671534758435,256.14563833669695
7319,267.580262823242,255.60069256036115
7320,267.57357600787736,255.05675055064842
7321,267.56710212496154,254.51381011353013
7322,267.5608955113016,253.97187050158055
7323,267.5550210076611,253.4309312575392
7324,267.549549188131,252.89099235481046
7325,267.5445428338807,252.35109158554917
7326,267.54007950155864,251.81166186487837
7327,267.5362299211708,251.2726933600688
7328,267.5330612861017,250.734181272105
7329,267.53063656341925,250.19612123516336
7330,267.52921102717175,249.65851996226385
7331,267.5288365827326,249.12137399617515
7332,267.5295699008939,248.58468083642356
7333,267.53147021493925,248.0484387851315
7334,267.5346201880367,247.51083603180356
7335,267.53907629935,246.97237095608483
7336,267.5449013216153,246.4330579220423
7337,267.5521572880012,245.89291663027984
7338,267.5609054977299,245.35196714615557
7339,267.5712318183126,244.81023274652046
7340,267.5831912107203,244.26773379468798
7341,267.5968392834875,243.72449119187684
7342,267.6122320799705,243.1805263485175
7343,267.6294260233087,242.63586119921757
7344,267.6485059557572,242.08992969482546
7345,267.6695314077937,241.542744758903
7346,267.69256324705236,240.99432021959265
7347,267.71766402791457,240.44467089912698
7348,267.74478293206744,239.89379361524726
7349,267.773979070034,239.34170350792164
7350,267.8053080737191,238.78841594248024
7351,267.8388236151302,238.23394667141164
7352,267.8745787324406,237.67831200870862
7353,267.91262697837465,237.1215290137301
7354,267.95302341000996,236.5636156831953
7355,267.99582544155004,236.00459115133359
7356,268.0410935828328,235.44447589943547
7357,268.0886699444376,234.88324359439363
7358,268.13861293392233,234.32091435961257
7359,268.19097396220224,233.75750770859392
7360,268.2458002817072,233.19304295841872
7361,268.303137379973,232.62753963440574
7362,268.3630309726377,232.06101786037885
7363,268.4255286443997,231.49349873316947
7364,268.4906811882745,230.92500468307253
7365,268.55854369322935,230.35555982425404
7366,268.6288791127133,229.7851111982215
7367,268.701741677341,229.2136819346076
7368,268.77717636183183,228.64129363178543
7369,268.85522262114847,228.06796706619866
7370,268.9359175172206,227.49372285670373
7371,269.0192982969265,226.9185820782389
7372,269.10540448754796,226.34256682573275
7373,269.1942795778941,225.76570073372199
7374,269.2859723526451,225.1880094602214
7375,269.38019052291145,224.6094137628795
7376,269.4769829235436,224.0299378370201
7377,269.5763877556364,223.44960348264183
7378,269.67843687637395,222.868431101699
7379,269.7831593889167,222.2864406100487
7380,269.89058459935995,221.70365225963647
7381,270.0007444146741,221.12008737505994
7382,270.11367525840456,220.53576901438737
7383,270.2294195807726,219.95072256779164
7384,270.34764899073156,219.36484548416317
7385,270.4684063821188,218.77816131968825
7386,270.59172325377284,218.19069049774825
7387,270.71762429521505,217.60245155542577
7388,270.8461312369255,217.01346226721688
7389,270.97726603146094,216.42374064320526
7390,271.1110534400119,215.83330580901378
7391,271.24752310312925,215.24217878151995
7392,271.3863453758525,214.65024822726014
7393,271.5275498125115,214.057532976648
7394,271.6711550177912,213.4640483674151
7395,271.81717325061487,212.86980764885763
7396,271.9656142741118,212.2748232212903
7397,272.11648852034745,211.67910771304636
7398,272.26980964650755,211.08267490741142
7399,272.4255965631805,210.4855405382606
7400,272.5835303434254,209.8875904657852
7401,272.7436309638047,209.28883875942753
7402,272.90590865954204,208.6892961020659
7403,273.0703681648413,208.08897119063172
7404,273.2370122601593,207.48787195743043
7405,273.405844688067,206.88600661806316
7406,273.57687250710853,206.28338456076608
7407,273.7501079571761,205.68001709754938
7408,273.9252526648579,205.07579318643602
7409,274.1023201847779,204.47072289277108
7410,274.2813153127628,203.86481307318556
7411,274.46223790022594,203.25806870482592
7412,274.6450860575553,202.6504940373415
7413,274.82985879738203,202.04209357450668
7414,275.01655817647725,201.43287290021397
7415,275.2051909996151,200.82283936850632
7416,275.3954851786724,200.21188934759462
7417,275.5874485737922,199.60002922579451
7418,275.7810812361379,198.9872624357262
7419,275.97637877406146,198.37359067131865
7420,276.17333519234035,197.759014937903
7421,276.3719452448537,197.14353644223928
7422,276.57220634886613,196.52715733610685
7423,276.77412011399144,195.90988133140132
7424,276.9774446082231,195.29161539991526
7425,277.18218216741565,194.67236253615837
7426,277.38832835389377,194.05212312774222
7427,277.5958748443442,193.4308960241335
7428,277.80481187407355,192.8086794548304
7429,278.01513026868065,192.18547180335872
7430,278.22682310156546,191.5612722491052
7431,278.43988702057834,190.93608129262333
7432,278.6541134122266,190.3098189061618
7433,278.8694993809423,189.68248511413202
7434,279.08603636618886,189.05407775669968
7435,279.3029076590697,188.42685439714745
7436,279.5201004113927,187.80081115088015
7437,279.73760178543534,187.17594409423197
7438,279.95540026523736,186.55224976540333
7439,280.17333085383694,185.92966592226716
7440,280.3913814929109,185.30818855961707
7441,280.609535784129,184.68781201340622
7442,280.82777487273245,184.06852966879475
7443,281.0460790273445,183.45033455419374
7444,281.2644289308486,182.8332198258178
7445,281.4828067038744,182.2171791509421
7446,281.7011966871284,181.60220700041359
7447,281.919470965497,180.98825610377983
7448,282.13761575842636,180.37532151263267
7449,282.35561480609095,179.76339736193762
7450,282.5734505838877,179.15247732025503
7451,282.79110529657345,178.54255495675704
7452,283.0085616668508,177.9336240306285
7453,283.22580353696173,177.32567871021558
7454,283.44274734894196,176.71868888975743
7455,283.65937852449906,176.11264932007842
7456,283.8756810531958,175.50755424996453
7457,284.091638270111,174.90339770964795
7458,284.3072334725145,174.30017373400563
7459,284.52245038911656,173.69787653083975
7460,284.7372735173426,173.09650060039107
7461,284.95168834502067,172.49604081256004
7462,285.1656479165887,171.8964807416113
7463,285.3791397003234,171.2978160103646
7464,285.5921507125904,170.70004210446433
7465,285.8046678253026,170.10315448189965
7466,286.0166779896993,169.50714865213044
7467,286.2281683855999,168.91202022838985
7468,286.43912650553244,168.31776495679958
7469,286.6495401829589,167.72437872583015
7470,286.8593898236256,167.13185493700527
7471,287.0686646978348,166.540190023431
7472,287.27735401428475,165.94938042083584
7473,287.4854469579258,165.35942258133113
7474,287.6929326946832,164.7703129757909
7475,287.89980034791665,164.18204808669566
7476,288.1060389509999,163.59462439309922
7477,288.31163737981416,163.00803834915925
7478,288.51659221952013,162.42228896837764
7479,288.72089334610075,161.83737307925162
7480,288.92453075874744,161.25328757789424
7481,289.12749446734205,160.67002939090574
7482,289.32977437603006,160.08759543759714
7483,289.5313601649747,159.50598259231907
7484,289.73224117154575,158.9251876473694
7485,289.932406271436,158.34520727670585
7486,290.1318596089381,157.766043039956
7487,290.3305908204846,157.1876918933352
7488,290.52858970575335,156.6101508776062
7489,290.7258460426648,156.03341705852466
7490,290.9223494135305,155.45748747204743
7491,291.11808904272436,154.882359074406
7492,291.31305364530016,154.30802869685513
7493,291.5072312852028,153.73449300467564
7494,291.7005996539753,153.16174553641758
7495,291.8931471346764,152.58978314301942
7496,292.084860849113,152.0186023292251
7497,292.2757267740751,151.44819929871568
7498,292.4657298297969,150.87856999025033
7499,292.65485394009556,150.3097101048804
7500,292.8430820642832,149.74161512453955
7501,293.0303962013466,149.1742803224712
7502,293.2167773670731,148.6077007660412
7503,293.4020992485063,148.04184160487094
7504,293.58634239302575,147.47669816005384
7505,293.76948138787344,146.91226416323164
7506,293.9514861319178,146.34853218922467
7507,294.13232289759674,145.78549401590246
7508,294.31195518822415,145.22314091416814
7509,294.4903444011025,144.66146387323025
7510,294.6674503103667,144.1004537677751
7511,294.84297876599965,143.54004253944004
7512,295.0168888966782,142.98022239644544
7513,295.1891272393939,142.42098292025813
7514,295.3596308474025,141.86231208912525
7515,295.5283298570527,141.30419710810492
7516,295.6951495409917,140.7466250593915
7517,295.8600118855487,140.18958339275673
7518,296.02283673643774,139.6330602790762
7519,296.1831600444551,139.07698650727676
7520,296.3409037834004,138.52135518991818
7521,296.49597198812637,137.96615789131212
7522,296.64825556321364,137.41138608448594
7523,296.7976361935498,136.85703228521814
7524,296.9439894203534,136.30309090107176
7525,297.08718695886944,135.74955884136025
7526,297.2270983408529,135.19643593657588
7527,297.36326940526294,134.64371343514347
7528,297.4955797749429,134.09140105473548
7529,297.62389500996045,133.5395111664632
7530,297.7480710186396,132.98805981462922
7531,297.867957520476,132.4370674451947
7532,297.9834006577795,131.8865594035847
7533,298.0942448593501,131.3365662621172
7534,298.20033406068,130.78712403318247
7535,298.3014269288418,130.23828292798493
7536,298.397386641145,129.69008918749068
7537,298.48807424470715,129.14259450823803
7538,298.5733503234214,128.5958561748048
7539,298.65307612608314,128.04993712609587
7540,298.7271142484763,127.50490599294544
7541,298.7953289559085,126.96083713750136
7542,298.8575862247592,126.41781071822761
7543,298.91375357277235,125.87591279848496
7544,298.9636997386595,125.33523551170728
7545,299.00752820067663,124.79581131981729
7546,299.04512860385614,124.25773526887377
7547,299.0764020000053,123.72110535051779
7548,299.1012582537722,123.18602254011616
7549,299.11961377252214,122.65259097143945
7550,299.1313895696478,122.12091821771949
7551,299.13650965578967,121.59111565323731
7552,299.1348997415945,121.06329887393089
7553,299.12648622839845,120.5375881596453
7554,299.11119545895224,120.01410896444509
7555,299.0889531984147,119.49299242480738
7556,299.060177354613,118.9741345603249
7557,299.0248036241679,118.45766298959484
7558,298.9827886452877,117.94370130778012
7559,298.9341038196383,117.43237039364122
7560,298.8787303331116,116.92378974845043
7561,298.8166552545194,116.41807879760081
7562,298.7478685810881,115.91535811041494
7563,298.67236109758227,115.41575051204454
7564,298.5901229198502,114.91938207475617
7565,298.50114260180464,114.42638298547459
7566,298.40540669587546,113.93688829313606
7567,298.3035106193056,113.45060886885531
7568,298.1954374661704,112.96767602918985
7569,298.08119509631985,112.48820892542314
7570,297.9608077210407,112.0123179915657
7571,297.8343093993434,111.54010800638962
7572,297.7017391673555,111.07168073061486
7573,297.5631375357958,110.60713711837931
7574,297.41854411003635,110.14657912579501
7575,297.2679961112131,109.690111152976
7576,297.1115276031465,109.23784116263741
7577,296.94916925686215,108.78988152053684
7578,296.7809485110096,108.34634960228297
7579,296.60689001154,107.90736820847779
7580,296.42767899375093,107.47240930902744
7581,296.2433265400637,107.04159740740283
7582,296.0538706166515,106.61503533948698
7583,295.8593661512449,106.1928107302126
7584,295.6598776140154,105.77500134108047
7585,295.4554736528287,105.36167937903646
7586,295.2462233844065,104.95291487573634
7587,295.032193993777,104.54877826232367
7588,294.8134493440519,104.14934226678315
7589,294.5900493457542,103.75468325447402
7590,294.36204987868564,103.36488212144393
7591,294.1295030989912,102.98002483705577
7592,293.8924579992464,102.60020271886545
7593,293.65158255513774,102.22469569506796
7594,293.4069060453561,101.8536044570282
7595,293.15848180044094,101.48700136079582
7596,292.90637730228315,101.12493975652441
7597,292.65066705527545,100.76746130644989
7598,292.3914276417231,100.41460156975198
7599,292.1287344695616,100.06639413997597
7600,291.8626598048315,99.72287360472207
7601,291.5932717556354,99.38407756948287
7602,291.32063393920333,99.05004795497058
7603,291.04480561982956,98.72083174426808
7604,290.7658421533458,98.39648132502107
7605,290.4837956140157,98.07705454384514
7606,290.19924946567704,97.76172518215179
7607,289.91223482699104,97.4505677922105
7608,289.6228022447046,97.14362589481267
7609,289.33101298220873,96.84092310052121
7610,289.03693295229635,96.54247146609215
7611,288.74062866261943,96.24827759640384
7612,288.4421646677887,95.95834695424462
7613,288.14160212560597,95.67268677812805
7614,287.83899814070605,95.39130794345714
7615,287.53440564993224,95.1142260410237
7616,287.22787366230176,94.84146189195914
7617,286.91944771414694,94.57304167092656
7618,286.60917043839487,94.30899676959606
7619,286.29752028778614,94.04847904570677
7620,285.9845209434092,93.79154135099118
7621,285.6702110539386,93.5382059839729
7622,285.3529134930538,93.28715764979769
7623,285.0337400482035,93.03920218062858
7624,284.7127188365205,92.79432329884918
7625,284.38988634721125,92.55251415099383
7626,284.06527538852737,92.31377148885623
7627,283.7389148957731,92.07809720460888
7628,283.4108300050692,91.84549905256645
7629,283.08104236183596,91.61599087812576
7630,282.74957055794005,91.38959252788656
7631,282.4164306251378,91.16632956838086
7632,282.08198685439567,90.94541187488828
7633,281.74624359038626,90.72688944202744
7634,281.4092155329031,90.51078293268912
7635,281.07040226031455,90.29677491062426
7636,280.7300483747209,90.08499685487585
7637,280.3881785700926,89.87544307599472
7638,280.04481816598445,89.66810981334554
7639,279.6999900639006,89.46299619492193
7640,279.35371444673444,89.26010560336191
7641,279.00600875652236,89.05944635654909
7642,278.6568878600151,88.86103193788584
7643,278.30636432090046,88.66488093834003
7644,277.9547193122188,88.47032549715026
7645,277.6019559379763,88.27740503299314
7646,277.2480853974663,88.08613466684695
7647,276.8931237858998,87.8965153831
7648,276.53710591636764,87.70854945182589
7649,276.18004298942884,87.52222416444192
7650,275.8219522366865,87.33753083161584
7651,275.4628491688018,87.15446308706969
7652,275.1027473420771,86.97301805475485
7653,274.7416582849987,86.79319691218491
7654,274.3795915736689,86.61500507399961
7655,274.01655499455546,86.43845213241002
7656,273.6525547519944,86.2635516532845
7657,273.28780842888676,86.08974400125926
7658,272.9223153956259,85.91705882203306
7659,272.5560818225595,85.74550523823125
7660,272.189188560249,85.57511236580832
7661,271.8216179287713,85.40585704079298
7662,271.45338236116294,85.23772704229074
7663,271.0844934749204,85.07071013060872
7664,270.7149618098284,84.90479584764672
7665,270.3447965306668,84.73997648757867
7666,269.97400531884904,84.5762475869583
7667,269.60259438547314,84.41360808972469
7668,269.23056855893145,84.25206030282757
7669,268.8580897891068,84.09117754299997
7670,268.4851574583857,83.93097513176741
7671,268.11177602120586,83.77145348685502
7672,267.7379529625527,83.61260428673546
7673,267.36380845978965,83.45446115764878
7674,266.9893045127284,83.29699003818293
7675,266.61444957018597,83.14017667022401
7676,266.23925083441173,82.98400814825052
7677,265.8637145162038,82.82847379949227
7678,265.48784574077416,82.67356550361295
7679,265.11164854813836,82.51927777330374
7680,264.7351259491859,82.36560768104994
7681,264.35839299930325,82.21225291553245
7682,263.98144873039786,82.05922025016842
7683,263.604295884188,81.90650619850346
7684,263.22693940402127,81.75410126583577
7685,262.8493853082774,81.60199291472239
7686,262.4717715076589,81.45022007698277
7687,262.0940482866161,81.29874723957462
7688,261.7162207792859,81.14756203432306
7689,261.3382929200204,80.99665344250862
7690,260.96026793950625,80.84601222622956
7691,260.5821483516574,80.69563096396855
7692,260.203935986677,80.5455039817882
7693,259.82570688662474,80.39543454976288
7694,259.4474601483496,80.24542374340466
7695,259.069197382772,80.09546616953591
7696,258.6909216885946,79.94555265805741
7697,258.3126369193975,79.79567214625679
7698,257.93498426973724,79.64606442835029
7699,257.5576973066163,79.49661146068172
7700,257.1807772044656,79.34730160566333
7701,256.80422211310326,79.19812317977004
7702,256.4280298540306,79.0490656552576
7703,256.05219788562556,78.9001196594475
7704,255.67672332362898,78.75127691708694
7705,255.30164599730222,78.60242409846684
7706,254.92696137447788,78.45355737863585
7707,254.55266642673953,78.30466951732271
7708,254.1787590305196,78.15575132305186
7709,253.80523755483972,78.00679267292135
7710,253.43210058204392,77.85778319585232
7711,253.05996678126994,77.70896058021128
7712,252.68875685146995,77.56028431798904
7713,252.31846205127744,77.41174281392058
7714,251.9490728519626,77.26332490510705
7715,251.58057966055844,77.11502013775582
7716,251.2129728274564,76.96681871415959
7717,250.8462602173976,76.81867000283896
7718,250.48043147849188,76.67056684688862
7719,250.11547696732598,76.5225009416883
7720,249.75138750454752,76.37446339002918
7721,249.38815421342937,76.22644507879176
7722,249.0257684136088,76.07843692133702
7723,248.66422155513513,75.93043000286
7724,248.3037240367959,75.78250555053565
7725,247.94422926119563,75.63463962258292
7726,247.5857266406224,75.48682337127077
7727,247.22820532182672,75.3390481044525
7728,246.87165456397196,75.19130540394013
7729,246.51606374764043,75.04358708471608
7730,246.16142095033942,74.89588840910609
7731,245.8077155909353,74.74820209276739
7732,245.45493718861064,74.60052110013363
7733,245.10307538500464,74.4528385873886
7734,244.75211996171228,74.30514785504664
7735,244.402060854339,74.15744230914284
7736,244.0528881636116,74.00971542972341
7737,243.7047822361848,73.8620414579399
7738,243.35773023909502,73.714412726039
7739,243.01172008507902,73.56682186674217
7740,242.6667398900928,73.41926156563835
7741,242.32277798226878,73.27172454913783
7742,241.9798229049009,73.12420357122282
7743,241.63784897694973,72.97672291540718
7744,241.29684533684713,72.82927502038434
7745,240.9568007975228,72.68185346902034
7746,240.61770405578136,72.53445254019725
7747,240.2795438309057,72.38706689767456
7748,239.94230895772927,72.23969138170544
7749,239.60598844675744,72.09232087435218
7750,239.2707321221702,71.94502080903064
7751,238.93654050492128,71.79779096664092
7752,238.6034141737739,71.65063100885332
7753,238.27134891294207,71.50353832077883
7754,237.94033202481933,71.35650635901796
7755,237.6103511603002,71.20952856123795
7756,237.28139422489676,71.06259831061666
7757,236.95342502089616,70.91576038132874
7758,236.62643252506132,70.76900686441896
7759,236.30040506960958,70.62233161070185
7760,235.97533069492718,70.47572950710743
7761,235.65119737724336,70.32919598884538
7762,235.327993176836,70.18272672331165
7763,235.00570633036938,70.03631741375439
7764,234.68446608344402,69.89002777174296
7765,234.36427243169967,69.74385855294602
7766,234.04512545530918,69.59781033001265
7767,233.72702532141773,69.45188349126516
7768,233.40997228085357,69.30607825091892
7769,233.09396270408797,69.16039284240819
7770,232.77898366128025,69.01482102551037
7771,232.46498613209792,68.86943178949016
7772,232.15195898355844,68.72421638931374
7773,231.83989005908032,68.57916857003221
7774,231.52876670328308,68.43428351595492
7775,231.21857609439598,68.28955716055128
7776,230.90930545474404,68.14498575098499
7777,230.60094217796586,68.00056558553854
7778,230.29347390057853,67.85629286602727
7779,229.98701626979573,67.71222361681065
7780,229.68156887490457,67.5683591250865
7781,229.37713141311625,67.42470044762818
7782,229.07370368251568,67.28124842860862
7783,228.77128557151823,67.13800372397911
7784,228.46987704712734,66.9949668277557
7785,228.16947814335984,66.85213809748817
7786,227.8700305785414,66.7096168281366
7787,227.57152334402932,66.56739279886246
7788,227.27394407328535,66.42545908911244
7789,226.97727969188261,66.28381064681113
7790,226.68151685667186,66.14244339086157
7791,226.38664222546154,66.00135365887473
7792,226.0926426150864,65.86053788274076
7793,225.79950508727543,65.7199924113536
7794,225.50732447511047,65.57976497590225
7795,225.21610005555053,65.43985718733835
7796,224.92583122515575,65.30027040451881
7797,224.63651749054225,65.16100575584117
7798,224.34815845508294,65.02206416810348
7799,224.06075380458802,64.8834463970691
7800,223.77430329351193,64.74515305664282
7801,223.488745265582,64.60731128603585
7802,223.20408237316647,64.46991557953552
7803,222.9203130550043,64.3329630141863
7804,222.63742391946357,64.19644751270668
7805,222.35540137035971,64.06036418871956
7806,222.07423178916517,63.92470867407579
7807,221.79390170359304,63.78947676478043
7808,221.51439787535455,63.654664231250706
7809,221.23578584702759,63.52030461633882
7810,220.95806498782045,63.38639923271396
7811,220.6812347778452,63.25294916423456
7812,220.4052947982255,63.11995528598496
7813,220.13024471790052,62.98741829131829
7814,219.85608427980017,62.855338720317036
7815,219.58281328781757,62.72371698668028
7816,219.31043159524668,62.592553401627896
7817,219.03887698946448,62.46197998692048
7818,218.76815259983675,62.331989894238525
7819,218.4982599003159,62.20257990785444
7820,218.22919945782374,62.07374883325986
7821,217.96097137823045,61.94549652694339
7822,217.69356386897275,61.8178177237831
7823,217.42696373237146,61.69070669092793
7824,217.16115798040985,61.56415779636755
7825,216.89613385106938,61.43816541824218
7826,216.631941581094,61.31275381126672
7827,216.36858121103512,61.18792311897746
7828,216.10605284392867,61.063673356633124
7829,215.84435663748036,60.940004425944835
7830,215.58349279570172,60.816916131611684
7831,215.32346156102844,60.69440819726382
7832,215.0642632073785,60.57248027969814
7833,214.80589803428708,60.45113198101559
7834,214.5483188167483,60.33046883683679
7835,214.2915286569229,60.210483970497286
7836,214.03552956876177,60.091173147110304
7837,213.780322957461,59.97253363667013
7838,213.52590989740384,59.85456354473465
7839,213.2722912911078,59.73726142349208
7840,213.01946795845896,59.6206260494343
7841,212.76743608711354,59.50465416765364
7842,212.51618314121816,59.389338537852375
7843,212.2657278125679,59.27468635398457
7844,212.01606644454162,59.16069446330716
7845,211.76718650479344,59.04735561798802
7846,211.51907574002553,58.93466269951446
7847,211.27172207796133,58.82260867878452
7848,211.0251136233642,58.71118661983313
7849,210.7792386534231,58.6003896828218
7850,210.5340856135449,58.49021112644319
7851,210.2896431135405,58.380644309665335
7852,210.04587457411853,58.271742869168605
7853,209.8027705556135,58.163496219659706
7854,209.56032132036003,58.055895214440305
7855,209.31851698850355,57.94893163012184
7856,209.07734764006682,57.84259786574218
7857,208.8368033756972,57.73688676099969
7858,208.59687435364927,57.63179148400754
7859,208.35755081277614,57.52730546009094
7860,208.11882308708985,57.42342232522343
7861,207.8806816151004,57.320135894571585
7862,207.64311694582094,57.21744014054038
7863,207.4061197425773,57.11532917696188
7864,207.16968078532815,57.01379724737307
7865,206.9337909719489,56.912838716092764
7866,206.69844131877917,56.81244806126378
7867,206.46362296063973,56.71261986930553
7868,206.2293271504629,56.61334883039694
7869,205.9955452586409,56.51462973472277
7870,205.7622687721677,56.416457469291515
7871,205.52948490537565,56.318838190018674
7872,205.29718573057946,56.22176600284077
7873,205.06536337124766,56.12523532572556
7874,204.83401001209882,56.029240820181336
7875,204.60311790910268,55.933777346796376
7876,204.37267939677878,55.83883993433166
7877,204.14268689354634,55.744423757434284
7878,203.9131329055882,55.65052412009006
7879,203.68401002956003,55.55713644305669
7880,203.4553109543976,55.464256254148815
7881,203.227028462421,55.371879180615345
7882,202.99795960302393,55.27951133142722
7883,202.76860427134497,55.18735799112676
7884,202.5389596185827,55.09541877397384
7885,202.3090278072242,55.00369553369614
7886,202.07881087200045,54.91219021871062
7887,201.84831078521793,54.8209048635376
7888,201.61752946591335,54.729841566228274
7889,201.38646878715363,54.63900247164612
7890,201.1551305815667,54.5483897589763
7891,200.92352574973492,54.457980660039176
7892,200.69165550650706,54.36777904345487
7893,200.45952114730818,54.27778833007381
7894,200.22712404145923,54.188011604725894
7895,199.99446561484072,54.09845169781624
7896,199.76154733385255,54.009111246791946
7897,199.52837069180524,53.9199927424867
7898,199.29493719791776,53.83109856411895
7899,199.06124836867542,53.74243100576873
7900,198.82730572116915,53.65399229644789
7901,198.59311076803223,53.565784615348875
7902,198.3575014028682,53.477366547986875
7903,198.12047668870127,53.388741765803424
7904,197.88203553300494,53.29991436128685
7905,197.64217672847118,53.21088875875364
7906,197.40089898128574,53.121669649425314
7907,197.15820093123475,53.032261943682116
7908,196.91408116623236,52.94267073584781
7909,196.6685382329117,52.85290127829479
7910,196.42157064437342,52.76295896256239
7911,196.173193750063,52.67279935010152
7912,195.92340506525258,52.582431014046165
7913,195.67220241683208,52.49186143653918
7914,195.4195838473285,52.40109739212002
7915,195.16554754807896,52.31014519774649
7916,194.91009181282112,52.21901087804327
7917,194.653215005353,52.12770027619607
7918,194.39491553683933,52.03621912963155
7919,194.13519184973993,51.94457312261762
7920,193.87404240630372,51.85276792355276
7921,193.61146568023096,51.760809211974966
7922,193.3474601505491,51.668702698590614
7923,193.08202429704536,51.57645414051849
7924,192.81515659680116,51.48406935323074
7925,192.54685552150917,51.39155422020604
7926,192.2771195353478,51.2989147010014
7927,192.00594709325185,51.20615683824137
7928,191.73333663946354,51.11328676388288
7929,191.4593073523862,51.020244663096655
7930,191.1838566686276,50.92704006455935
7931,190.9069825478388,50.83368068640134
7932,190.62868325952707,50.740173183507714
7933,190.34895725215767,50.64652360687981
7934,190.06780307322424,50.55273768548916
7935,189.78521932077015,50.45882099876694
7936,189.50120461423373,50.36477908184155
7937,189.21575757709897,50.27061748957288
7938,188.92887682670235,50.17634183549633
7939,188.64056096832797,50.08195781563582
7940,188.35080859183017,49.98747122332934
7941,188.0596182697078,49.89288795884505
7942,187.76698855597854,49.79821403610019
7943,187.47291798546203,49.7034555878893
7944,187.17740507324137,49.60861887047057
7945,186.88044831416886,49.513710268017725
7946,186.5820686179944,49.41866000691208
7947,186.28226354517875,49.32347775831135
7948,185.9810313182483,49.22817084104855
7949,185.6783705352946,49.13274522807374
7950,185.37427999247922,49.03720617586615
7951,185.06875857609134,48.94155861248934
7952,184.76180519857613,48.84580737222216
7953,184.45341876202744,48.74995733361525
7954,184.1435981385545,48.65401349758716
7955,183.83234216077855,48.5579810290148
7956,183.5196496182062,48.461865276730975
7957,183.20551925683094,48.365671781315015
7958,182.88994978034367,48.26940627650292
7959,182.5729398519846,48.173074687765826
7960,182.25448809648094,48.07668313016131
7961,181.93461512293248,47.98015905006796
7962,181.61331873773847,47.88351152158001
7963,181.29059746007383,47.78674701038047
7964,180.96645021180035,47.68987048845147
7965,180.64087612012705,47.592886150810635
7966,180.31387439491337,47.49579786743432
7967,179.98544425484533,47.39860946068137
7968,179.65558488515182,47.30132486919049
7969,179.32429541528455,47.20394823917367
7970,178.99157490889786,47.106483970365794
7971,178.65742236111163,47.00893673461506
7972,178.32183669982163,46.911311478833156
7973,177.98481678901078,46.81361341981761
7974,177.64636143280094,46.715848035658226
7975,177.30646937949945,46.61802105659434
7976,176.9651606394302,46.52005861052984
7977,176.62243326347271,46.42196900298449
7978,176.2782860382576,46.32375776164667
7979,175.9327181714478,46.225428801799495
7980,175.58572908500895,46.126985199147356
7981,175.23731828271036,46.028429691253756
7982,174.88748526805878,45.92976499346808
7983,174.53622949598642,45.83099398981253
7984,174.1835503466899,45.732119841103284
7985,173.8294471136229,45.63314603960525
7986,173.4739190001933,45.53407643031536
7987,173.11696512150556,45.43491521248083
7988,172.75858450873633,45.33566693041733
7989,172.39877611459153,45.23633645954152
7990,172.03755852425832,45.1368527140175
7991,171.67493010266446,45.03722276400557
7992,171.31088991866207,44.937450953018995
7993,170.94543745006598,44.83754001966341
7994,170.5785723843275,44.73749186178891
7995,170.21029448713045,44.637308045265
7996,169.84060351865242,44.5369901325814
7997,169.46949918277315,44.43653988619315
7998,169.09698109862143,44.33595938638163
7999,168.7230487868839,44.235251092162564
8000,168.3477016655279,44.134417865485354
8001,167.9709390512148,44.03346297290309
8002,167.59276016385715,43.9323900744904
8003,167.2131814272845,43.8311348617534
8004,166.83220157351414,43.72970282953356
8005,166.44981996069905,43.62809700353528
8006,166.0660363156138,43.526318939866385
8007,165.6808505553987,43.42436942131042
8008,165.29426266718608,43.322248931012375
8009,164.9062726294786,43.2199579648989
8010,164.51688036319229,43.11749722903074
8011,164.1260857033784,43.01486775636547
8012,163.73388838501054,42.912070968400634
8013,163.3402880380237,42.809108700298296
8014,162.94528418815057,42.70598320289958
8015,162.54889064888246,42.60263968548171
8016,162.15110654566138,42.499081915331644
8017,161.75193152364253,42.39531158931606
8018,161.35136553655903,42.29132916458596
8019,160.94940869774084,42.187134447370056
8020,160.54606117759008,42.08272700020855
8021,160.14132313533867,41.97810641477161
8022,159.73519467571737,41.873272486719365
8023,159.32767582338897,41.768225320503724
8024,158.9187665097486,41.6629653852295
8025,158.5084665680638,41.55749353736863
8026,158.09677573398966,41.451811021983104
8027,157.6837053997078,41.345872362706054
8028,157.2692549926814,41.23967998273251
8029,156.8534243684623,41.13323459300975
8030,156.43621364164784,41.02653586278745
8031,156.01762306416205,40.919582903770575
8032,155.59765293974988,40.812374611189526
8033,155.1763035658192,40.704909896578506
8034,154.7535751956212,40.59718783988728
8035,154.32946801528027,40.489207782610464
8036,153.90398213142208,40.38096937875549
8037,153.47711756614592,40.2724726165367
8038,153.04887425688355,40.16371782053694
8039,152.6192613538087,40.05466844714173
8040,152.18827856642173,39.94532570027849
8041,151.75592594546265,39.83568942026963
8042,151.32220375254974,39.725758602783976
8043,150.8871123645727,39.615531779884755
8044,150.45065220528275,39.5050072929326
8045,150.01282369787864,39.394183481908804
8046,149.57362723355277,39.28305881117121
8047,149.13306315195447,39.171631947739115
8048,148.69113173036092,39.05990180488942
8049,148.2478331790402,38.947867561082454
8050,147.80317428968635,38.835502226353015
8051,147.3571550995837,38.72280565524227
8052,146.90977588548614,38.609776751032385
8053,146.46103707256603,38.4964138278916
8054,146.01093916710002,38.38271487854598
8055,145.5594827080178,38.268677766817675
8056,145.1066682332284,38.15430036130603
8057,144.65249625734168,38.03958062370981
8058,144.19696725802126,37.92451666282887
8059,143.74008166873693,37.80910676314806
8060,143.28183987614153,37.69334939508311
8061,142.8222464973873,37.57722636817749
8062,142.36130179722375,37.460736636222244
8063,141.89900619584293,37.34387854231345
8064,141.4353602123217,37.22665004281257
8065,140.97036442253363,37.10904887380472
8066,140.5040194287485,36.991072671131676
8067,140.03632583853633,36.87271905350793
8068,139.56728425096372,36.753985676747035
8069,139.09689524841028,36.63487026577126
8070,138.62515939263346,36.515370629866894
8071,138.15207926070312,36.39547672859818
8072,137.67765533173562,36.27518670390592
8073,137.20188815944152,36.154498410373876
8074,136.7247783457178,36.03340951913561
8075,136.24632652148094,35.91191759316388
8076,135.76653333336898,35.79002013941047
8077,135.28539943513223,35.667714642494
8078,134.80292548271666,35.544998583901354
8079,134.31911213221125,35.42186944999405
8080,133.83396003998314,35.298324731503115
8081,133.34747001645312,35.17436133103183
8082,132.8596426651358,35.04997695399575
8083,132.37047860008937,34.925169270215086
8084,131.87997844482513,34.79993591828981
8085,131.38814283260825,34.674274504597996
8086,130.89497240782973,34.54818259818339
8087,130.4004678281973,34.42165772252933
8088,129.90462976755242,34.294697344982175
8089,129.40745891917194,34.167298864386034
8090,128.90895599945677,34.0394595973185
8091,128.40912029493725,33.91118231308325
8092,127.90795249387686,33.78246444250663
8093,127.40545324307055,33.65330358090738
8094,126.90162316715902,33.523697413678434
8095,126.39646288498493,33.393643653559984
8096,125.88997302335567,33.26313998814433
8097,125.38215422859322,33.13218403610546
8098,124.87300717625044,33.00077331066473
8099,124.36253257935964,32.868905188866066
8100,123.85073119555972,32.73657688532079
8101,123.33760099068964,32.60379613783202
8102,122.82314270952016,32.47056021040194
8103,122.30735701137401,32.33686669669479
8104,121.79024450616689,32.20271338240889
8105,121.27180578428022,32.068098131710975
8106,120.75204144104652,31.933018794628524
8107,120.230952096641,31.79747313228147
8108,119.70853841215506,31.661458756935353
8109,119.18480110258707,31.524973084031373
8110,118.65973720501411,31.3880272662106
8111,118.13334742976717,31.250618730519594
8112,117.6056323735802,31.112745335643687
8113,117.0765925670449,30.97440519227279
8114,116.54622851369552,30.835596515773997
8115,116.01454072176104,30.696317507077065
8116,115.48152972964219,30.556566257654687
8117,114.9471961261486,30.416340674605905
8118,114.41154056647896,30.2756384220766
8119,113.87455939923089,30.134473122804568
8120,113.33625328527806,29.992842408612972
8121,112.7966227539921,29.850744405454297
8122,112.25566825768277,29.70817752899377
8123,111.71339021651198,29.565140316624568
8124,111.16978905499738,29.421631291537476
8125,110.62486523126596,29.277648854365857
8126,110.07861926020887,29.1331911980054
8127,109.53105173164414,28.988256241409278
8128,108.98215851122646,28.842859293628585
8129,108.43194019815915,28.696998224169693
8130,107.88039724795844,28.55067143757392
8131,107.32753003109632,28.40387765481026
8132,106.77333888160085,28.256615732747694
8133,106.21782413670655,28.108884517446405
8134,105.6609861687216,27.960682726799128
8135,105.10282541029254,27.81200885804862
8136,104.54334237421945,27.662861115844485
8137,103.98253263182782,27.51325579806499
8138,103.42039670456636,27.36319106095359
8139,102.85693496430848,27.21266561358367
8140,102.29214769364692,27.061678494518183
8141,101.72603513613099,26.910228886302654
8142,101.15859753745383,26.758315963885757
8143,100.58983517869963,26.605938772749152
8144,100.01974840279937,26.45309613243062
8145,99.44833291520621,26.299803792048532
8146,98.8755890591559,26.146060553716268
8147,98.3015170376541,25.991865734575622
8148,97.72611697219163,25.83721895041341
8149,97.14938895146402,25.68211993656133
8150,96.57133307109106,25.526568402267355
8151,95.9919494654317,25.37056391442022
8152,95.41123833262658,25.214105806409172
8153,94.82919995399368,25.05719310795306
8154,94.24583006964328,24.899841383705354
8155,93.6611289800868,24.74204957876369
8156,93.0750968544876,24.583817119094977
8157,92.487733783873,24.42514371615414
8158,91.89903982575575,24.26602920338395
8159,91.30901504091715,24.10647340172421
8160,90.7176595232234,23.946476010868363
8161,90.12497342340932,23.78603652280813
8162,89.53095286418592,23.625169084198113
8163,88.93559799533381,23.46387317878601
8164,88.33890884605827,23.302148730358233
8165,87.7408853744332,23.139995921718956
8166,87.14152750877437,22.977415043436604
8167,86.54083518162591,22.814406369774527
8168,85.93880835715807,22.650970058842887
8169,85.33544705283603,22.487106073807695
8170,84.73074782456266,22.32282697369053
8171,84.12471069858002,22.15813268107785
8172,83.5173356019191,21.993023480156364
8173,82.9086224042075,21.827499863908308
8174,82.2985709525802,21.66156240662995
8175,81.68718110026374,21.495211659641654
8176,81.07445272950255,21.328448067723844
8177,80.46038576955091,21.16127190362981
8178,79.84497727188459,20.993693922314684
8179,79.22822717820347,20.82571434574879
8180,78.6101353489189,20.657333692231695
8181,77.99070159708795,20.488552652443744
8182,77.36992571674352,20.31937198601306
8183,76.74780750605494,20.149792436985233
8184,76.12434678583811,19.9798146662905
8185,75.49954341398364,19.809439199134
8186,74.87339496528162,19.638674890778475
8187,74.24590130918331,19.467522221508585
8188,73.61706224994394,19.295981909575545
8189,72.98687755299281,19.12405481487186
8190,72.35534696689777,18.95174185870219
8191,71.72247024124009,18.779043958486128
8192,71.08824714078385,18.605961975987714
8193,70.45267584975475,18.43250255240227
8194,69.81575613742615,18.258666532341156
8195,69.17748772603237,18.084454932526214
8196,68.53787031051296,17.909868869631808
8197,67.89690357465038,17.734909501287664
8198,67.25458720387681,17.559577979235577
8199,66.61092089507036,17.38387541347448
8200,65.96590436368459,17.207802846144745
8201,65.31953630004217,17.03136507798161
8202,64.67181644104853,16.854563073213722
8203,64.02274449593801,16.677397897793547
8204,63.37232015717791,16.49987067950078
8205,62.72054310908597,16.32198257639755
8206,62.06741303433492,16.143734753005813
8207,61.41292961853716,15.965128363505263
8208,60.75709207906725,15.78616628370232
8209,60.09990011685069,15.606849612793965
8210,59.44135341740814,15.427179507088692
8211,58.78145165593503,15.247157161413261
8212,58.12019450088538,15.066783795997818
8213,57.45758161618111,14.88606064839998
8214,56.793612662169814,14.704988970023734
8215,56.12828729544759,14.523570026811763
8216,55.46160520755183,14.341804956625653
8217,54.79356607571287,14.15969495076757
8218,54.12416957471595,13.977241210290247
8219,53.45341537537446,13.794444951656121
8220,52.78130314236104,13.61130741477422
8221,52.10783253146131,13.427829873181636
8222,51.43300318629365,13.24401364621583
8223,50.75681521753207,13.059858327506566
8224,50.079268290639945,12.875365156709856
8225,49.40036207949637,12.690535343309993
8226,48.72009625990059,12.50537009059421
8227,48.03847050304902,12.319870619770162
8228,47.35548446902271,12.134038194089266
8229,46.67113780028348,11.947874142987303
8230,45.98543096639557,11.761376731370152
8231,45.29836363485394,11.574547196369714
8232,44.609935490884915,11.387386710480856
8233,43.92014622657351,11.199896421746061
8234,43.22899553049641,11.012077492138975
8235,42.536483077877776,10.823931134083107
8236,41.84260852122848,10.63545864525381
8237,41.14737263573588,10.446657153206946
8238,40.450775100971825,10.257527854814462
8239,39.75281562115706,10.068071856521396
8240,39.05349391075606,9.878290227688145
8241,38.35280968099575,9.68818405059887
8242,37.65076262730969,9.497754467127672
8243,36.94735241763864,9.30700272231985
8244,36.24258008187209,9.115924990804162
8245,35.53644531649858,8.924522410310768
8246,34.82894784782131,8.732796008720616
8247,34.12008741481395,8.540746767675772
8248,33.40986375319835,8.348375681756854
8249,32.69827658073697,8.15568381325003
8250,31.985325583650365,7.962672342837526
8251,31.271011999325438,7.769336664593801
8252,30.555335544385137,7.57567784408105
8253,29.838295969226355,7.381696821992055
8254,29.119893038803674,7.187394485583692
8255,28.400126514829715,6.992771734953213
8256,27.678996139381887,6.797829544189041
8257,26.956503193378133,6.602563139745217
8258,26.232647459218867,6.406973343211843
8259,25.50742875688526,6.211060836680771
8260,24.780846923239864,6.0148262397969185
8261,24.05290179308319,5.818270180371069
8262,23.323593181950073,5.6213933586062
8263,22.59292087053511,5.424196605349557
8264,21.86088459055182,5.226680935105585
8265,21.12748401175197,5.028847594843365
8266,20.392718729755536,4.830698109923011
8267,19.65658825426264,4.632234328769829
8268,18.919091997129293,4.433458468271544
8269,18.18022925967902,4.234373162301605
8270,17.439999218478334,4.03498151633638
8271,16.698400908604874,3.8352871719185444
8272,15.955433203151419,3.635294385849571
8273,15.21109478728706,3.435008130671015
8274,14.465384124558454,3.234434225544311
8275,13.71829941212403,3.033579510614402
8276,12.96983852003877,2.832452084310024
8277,12.219998907126554,2.631061633548034
8278,11.468777501605093,2.429419904796618
8279,10.716170526928375,2.2275413960238577
8280,9.962173239117407,2.0254444096054085
8281,9.206779514247245,1.8231527254388122
8282,8.449981167565019,1.6206984073183024
8283,7.6917667578815125,1.418126845319089
8284,6.932119317965722,1.2155066668599903
8285,6.171011598712299,1.0129517384580127
8286,5.4083948116260725,0.8106793229449708
8287,4.6441690402174975,0.6092123469028082
8288,3.878177457623366,0.41054909524729977
8289,3.1107738980784028,0.2117085734918994
