,0
0,0.0
1,0.14
2,0.28
3,0.42000000000000004
4,0.56
5,0.7000000000000001
6,0.8400000000000001
7,0.9800000000000001
8,1.1200000000000123
9,1.2600000000013738
10,1.4000000001208301
11,1.5400000084951153
12,1.6800004861870306
13,1.8200229924285312
14,1.960907920591712
15,2.1280241043258736
16,2.412867250918628
17,2.392947893330202
18,2.794345885706363
19,2.7887415548038437
20,3.071743677571943
21,3.1168473293389227
22,3.35976791359884
23,3.437458028265863
24,3.6526602571717066
25,3.750587860560603
26,3.9468099248540125
27,4.0567760140974025
28,4.240035251405394
29,4.356854084869524
30,4.531076669854534
31,4.651699388419548
32,4.819310327883828
33,4.94209526439418
34,5.104560219128828
35,5.228713882407663
36,5.386956365029198
37,5.508969293845188
38,5.655742539803992
39,5.781071388910057
40,5.925416939799775
41,6.0524587824629394
42,6.195467462031453
43,6.32402881266974
44,6.466159334968164
45,6.596378771259447
46,6.737935973137602
47,6.870004220800527
48,7.0112316125364345
49,7.145279193301285
50,7.286341895003747
51,7.422334351552671
52,7.563277036461457
53,7.700930293157605
54,7.841685033529025
55,7.98050902254568
56,8.120872421127068
57,8.260452719264501
58,8.40063331220253
59,8.540483595317866
60,8.680558156179636
61,8.820509712135015
62,8.960533895354578
63,9.10052000172882
64,9.240526028769471
65,9.380522346351249
66,9.520523222119813
67,9.660522059684133
68,9.800521752763727
69,9.940521090884529
70,10.080520554424826
71,10.220519961871409
72,10.360521584608957
73,10.500521169790092
74,10.640521191356516
75,10.780520940574178
76,10.920520664691004
77,11.060520334724385
78,11.200519980136391
79,11.340519606538729
80,11.480519219530915
81,11.62051882161232
82,11.760518414194223
83,11.900517997949233
84,12.040517573156666
85,12.180517139867836
86,12.32051669800304
87,12.460516247405472
88,12.600517179303633
89,12.740517148095364
90,12.880517071092354
91,13.02051691171266
92,13.16051669612182
93,13.300516441279857
94,13.44051615873724
95,13.580515855945174
96,13.720515537591586
97,13.860515206571353
98,14.000514864636497
99,14.140514512815843
100,14.280514151681125
101,14.42051378151445
102,14.560513402413394
103,14.700513014357025
104,14.840512617247445
105,14.98051221093601
106,15.12051179523994
107,15.260511369952862
108,15.400510934851528
109,15.540510489700106
110,15.680510034252896
111,15.820509568256092
112,15.960509091448865
113,16.100508603564048
114,16.240508104328544
115,16.380507593463573
116,16.52050707068477
117,16.660506535702222
118,16.80050598822046
119,16.940506616888946
120,17.080506725094732
121,17.22050665440029
122,17.360506492186307
123,17.50050626963065
124,17.64050600281075
125,17.780505702030595
126,17.92050537442233
127,18.06050502500407
128,18.200504657294932
129,18.340504273738425
130,18.480503876007123
131,18.62050346522265
132,18.76050304211353
133,18.90050260712774
134,19.040502160512645
135,19.18050170237155
136,19.320501232703723
137,19.460500751432654
138,19.600500258426003
139,19.740499753509688
140,19.880499236477814
141,20.020498707099666
142,20.160498165124597
143,20.300497610285436
144,20.440497042300855
145,20.580496460876923
146,20.72049682596594
147,20.86049689138952
148,21.00049681021976
149,21.1404966460259
150,21.28049642827665
151,21.42049617238801
152,21.56049588739368
153,21.70049557907303
154,21.840495251338744
155,21.980494906921823
156,22.120494547751445
157,22.260494175188693
158,22.400493790181837
159,22.540493393374742
160,22.680492985184642
161,22.820492565858824
162,22.96049213551628
163,23.100491694178316
164,23.240491241791222
165,23.380490778242898
166,23.520490303375134
167,23.660489816992566
168,23.80048999376121
169,23.940490005441895
170,24.08048992457622
171,24.220489787695367
172,24.36048961421674
173,24.500489415012662
174,24.640489196486005
175,24.780488962587086
176,24.920488715850635
177,25.060488457951056
178,25.20048819001332
179,25.340487912795425
180,25.4804876268008
181,25.620487332350642
182,25.76048702963231
183,25.900486718732733
184,26.040486399662054
185,26.18048607237055
186,26.320485736760965
187,26.46048539269746
188,26.600485469711572
189,26.74048546129709
190,26.880485401785414
191,27.02048531036449
192,27.160485198051674
193,27.3004850713084
194,27.44048493399064
195,27.580484788432123
196,27.720484636059183
197,27.86048447774622
198,28.000484314024643
199,28.140484145207708
200,28.280483971466303
201,28.42048379287577
202,28.560483609445292
203,28.70048342113661
204,28.840483227876156
205,28.980483029562983
206,29.12048306188021
207,29.260483055348992
208,29.40048302502896
209,29.540482979826784
210,29.680482925065874
211,29.820482863941454
212,29.960482798367547
213,30.10048272947996
214,30.240482657939037
215,30.380482584113647
216,30.520482508193638
217,30.660482430258764
218,30.80048235032104
219,30.940482268350554
220,31.08048218429122
221,31.220482098070203
222,31.360482009603437
223,31.500482024004203
224,31.64048202447224
225,31.780482016531877
226,31.920482003521844
227,32.060481987454686
228,32.20048196953443
229,32.34048195047045
230,32.48048193066905
231,32.62048191035107
232,32.7604818896245
233,32.90048186852936
234,33.04048184706553
235,33.18048182520973
236,33.32048180292607
237,33.460481780172096
238,33.60048178360923
239,33.74048178482807
240,33.88048178489588
241,34.02048178440745
242,34.16048178368145
243,34.30048178288097
244,34.44048178208426
245,34.58048178132479
246,34.72048178061325
247,34.8604817799493
248,35.00048177932781
249,35.14048177874178
250,35.28048177818399
251,35.42048177764757
252,35.56048177712631
253,35.700481768834194
254,35.84048176208463
255,35.980481756337795
256,36.12048175117199
257,36.26048174626778
258,36.40048174139258
259,36.54048173638445
260,36.680481731136155
261,36.82048172558097
262,36.960481719680686
263,37.10048171341615
264,37.240481706780095
265,37.380481699771885
266,37.52048167826084
267,37.66048165799526
268,37.80048163825685
269,37.940481618526476
270,38.08048159843463
271,38.2204815777232
272,38.360481556215596
273,38.50048153379331
274,38.640481510377704
275,38.78048148591613
276,38.92048146037164
277,39.06048143371533
278,39.20048140592094
279,39.34048137070022
280,39.480481335029026
281,39.62048129857719
282,39.760481261098036
283,39.9004812224058
284,40.040481182358015
285,40.18048114084189
286,40.32048109776384
287,40.460481053041384
288,40.600481006596986
289,40.7404809583534
290,40.880480908230034
291,41.020480856140196
292,41.16048080907819
293,41.30048075968632
294,41.44048070816845
295,41.58048065464767
296,41.72048059918253
297,41.860480541780234
298,42.00048048240701
299,42.14048042099611
300,42.280480357453705
301,42.42048029166317
302,42.56048022348798
303,42.70048015277341
304,42.84048009912207
305,42.980480041819014
306,43.12047998152276
307,43.26047991867262
308,43.4004798535355
309,43.54047978624484
310,43.680479716831606
311,43.82047964524838
312,43.960479571387495
313,44.10047949509436
314,44.24047941617693
315,44.380479361872204
316,44.520479303507884
317,44.660479241990025
318,44.80047917792823
319,44.94047911169893
320,45.08047904349886
321,45.22047897338817
322,45.36047890132382
323,45.500478827184914
324,45.64047875079116
325,45.78047867191614
326,45.92047862132018
327,46.06047856676981
328,46.20047850926113
329,46.34047844946695
330,46.48047838780412
331,46.620478324492
332,46.76047825959993
333,46.90047819308444
334,47.040478124817234
335,47.18047805460582
336,47.32047798220811
337,47.46047793849797
338,47.60047789128739
339,47.740477841547495
340,47.8804777899353
341,48.02047773685741
342,48.16047768252659
343,48.30047762700838
344,48.44047757025771
345,48.580477512146615
346,48.72047745248439
347,48.8604774177871
348,49.00047738051785
349,49.140477341490964
350,49.28047730124946
351,49.4204772601214
352,49.56047721826985
353,49.70047717573398
354,49.84047713246108
355,49.980477088330524
356,50.12047704317103
357,50.26047699677261
358,50.400476971774246
359,50.54047694477259
360,50.680476916440625
361,50.820476887232644
362,50.96047685742684
363,51.10047682716485
364,51.24047679648504
365,51.380476765348945
366,51.52047673366105
367,51.660476716980774
368,51.80047669928183
369,51.94047668102415
370,52.080476662504104
371,52.22047664389051
372,52.36047662525659
373,52.50047660660615
374,52.640476587893566
375,52.780476569038335
376,52.920476549935145
377,53.0604765408937
378,53.20047653129102
379,53.34047652141507
380,53.48047651145189
381,53.62047650150751
382,53.7604764916281
383,53.90047648181665
384,54.04047647204584
385,54.18047646226737
386,54.32047645809965
387,54.46047645376396
388,54.60047644941592
389,54.740476445150044
390,54.88047644101463
391,55.02047643702506
392,55.16047643317455
393,55.30047642944216
394,55.44047642579841
395,55.580476424597265
396,55.72047642340025
397,55.86047642226648
398,56.000476421226885
399,56.140476420292316
400,56.280476419460534
401,56.42047641872174
402,56.56047641806248
403,56.700476417468224
404,56.840476417344206
405,56.980476417249854
406,57.1204764171893
407,57.26047641715812
408,57.4004764171468
409,57.540476417143665
410,57.680476417137015
411,57.820476417116446
412,57.96047641707353
413,58.10047641655176
414,58.240476415995744
415,58.38047641538397
416,58.520476414695445
417,58.66047641391064
418,58.80047641301197
419,58.94047641198409
420,59.08047641081372
421,59.22047640948928
422,59.36047640755924
423,59.50047640547174
424,59.64047640320136
425,59.78047640072453
426,59.92047639801914
427,60.06047639506394
428,60.200476391837896
429,60.34047638831942
430,60.48047638466717
431,60.62047638072137
432,60.76047637646873
433,60.900476371894136
434,61.04047636697993
435,61.1804763617051
436,61.32047635604454
437,61.460476349968175
438,61.60047634451012
439,61.740476338642964
440,61.8804763323742
441,62.020476325702646
442,62.16047631861798
443,62.300476311100404
444,62.44047630312031
445,62.580476294637826
446,62.72047628761552
447,62.86047628010488
448,63.00047627213428
449,63.14047626371576
450,63.28047625484526
451,63.420476245503
452,63.56047623565382
453,63.700476225247385
454,63.84047621710178
455,63.98047620842109
456,64.12047619925211
457,64.26047618961839
458,64.40047617952106
459,64.54047616894009
460,64.68047615783524
461,64.82047614614687
462,64.9604761373892
463,65.10047612808108
464,65.24047611828409
465,65.38047610803083
466,65.52047609732656
467,65.66047608615104
468,65.80047607446014
469,65.94047606584022
470,66.08047605675326
471,66.22047604727011
472,66.36047603742925
473,66.50047602723947
474,66.6404760166828
475,66.78047600571695
476,66.9204759942772
477,67.06047598618957
478,67.2004759776651
479,67.34047596877078
480,67.48047595954199
481,67.62047594998523
482,67.76047594008065
483,67.90047592978436
484,68.04047592258453
485,68.1804759150449
486,68.32047590723437
487,68.4604758991905
488,68.6004758909225
489,68.74047588241459
490,68.8804758736287
491,69.02047586450652
492,69.16047585841743
493,69.3004758520343
494,69.44047584541643
495,69.58047583859556
496,69.72047583157847
497,69.8604758243495
498,70.00047581687292
499,70.14047581194981
500,70.28047580683084
501,70.42047580157191
502,70.56047579620353
503,70.7004757907337
504,70.84047578515087
505,70.98047577942647
506,71.12047577576082
507,71.26047577199144
508,71.40047576816053
509,71.54047576428982
510,71.68047576038347
511,71.82047575643071
512,71.9604757524082
513,72.1004757499378
514,72.24047574742193
515,72.38047574489032
516,72.52047574235768
517,72.66047573982605
518,72.8004757372871
519,72.94047573472393
520,73.08047573324163
521,73.22047573175
522,73.36047573026906
523,73.50047572880847
524,73.64047572736945
525,73.78047572594647
526,73.92047572452874
527,74.06047572378337
528,74.20047572305027
529,74.34047572234134
530,74.4804757216619
531,74.62047572101221
532,74.76047572038871
533,74.90047572009266
534,75.04047571982245
535,75.18047571958277
536,75.32047571937437
537,75.46047571919532
538,75.60047571904192
539,75.7404757189097
540,75.88047571887418
541,76.02047571885178
542,76.16047571884116
543,76.30047571883979
544,76.44047571884451
545,76.58047571885196
546,76.72047571885905
547,76.86047571881748
548,77.00047571876664
549,77.14047571870229
550,77.28047571861993
551,77.42047571851494
552,77.5604757183828
553,77.70047571816
554,77.84047571790067
555,77.98047571759828
556,78.12047571724614
557,78.26047571683732
558,78.40047571636454
559,78.54047571582322
560,78.68047571521089
561,78.82047571452048
562,78.96047571374433
563,79.10047571287382
564,79.24047571189908
565,79.38047571080845
566,79.52047570974126
567,79.66047570855729
568,79.8004757072494
569,79.94047570580835
570,80.08047570422215
571,80.22047570247531
572,80.36047570087929
573,80.50047569912941
574,80.64047569721994
575,80.78047569514133
576,80.92047569287939
577,81.0604756904144
578,81.20047568825264
579,81.34047568590273
580,81.48047568336034
581,81.62047568061531
582,81.7604756776507
583,81.9004756744418
584,82.04047567170497
585,82.18047566874685
586,82.32047566556432
587,82.46047566214627
588,82.60047565847256
589,82.74047565451285
590,82.88047565120122
591,83.02047564763495
592,83.16047564381185
593,83.3004756397195
594,83.44047563533411
595,83.58047563061922
596,83.72047562673691
597,83.86047562256556
598,84.00047561810386
599,84.14047561333797
600,84.2804756082402
601,84.42047560276745
602,84.5604755983111
603,84.70047559353004
604,84.84047558842349
605,84.98047558297554
606,85.12047557715388
607,85.26047557090796
608,85.4004755658747
609,85.54047556047854
610,85.68047555471897
611,85.82047554857779
612,85.96047554201749
613,86.10047553497913
614,86.24047552935313
615,86.38047552332301
616,86.52047551688788
617,86.66047551002643
618,86.80047550269484
619,86.9404754948243
620,87.08047548858401
621,87.22047548189336
622,87.36047547475074
623,87.50047546713103
624,87.64047545898295
625,87.78047545022616
626,87.920475443336
627,88.0604754359432
628,88.20047542804491
629,88.34047541961108
630,88.48047541058155
631,88.62047540334797
632,88.7604753956391
633,88.90047538746211
634,89.04047537879518
635,89.18047536958515
636,89.32047535974456
637,89.46047535197732
638,89.60047534369596
639,89.74047533489292
640,89.88047532552933
641,90.02047531553198
642,90.1604753047892
643,90.30047529640045
644,90.44047528739834
645,90.58047527776849
646,90.72047526746167
647,90.86047525638948
648,91.00047524758205
649,91.14047523816281
650,91.28047522813169
651,91.42047521745158
652,91.5604752060444
653,91.700475193786
654,91.84047518420779
655,91.98047517394278
656,92.12047516297518
657,92.26047515124758
658,92.40047513865554
659,92.54047512868571
660,92.6804751180344
661,92.82047510669794
662,92.96047509462902
663,93.10047508173172
664,93.24047507146366
665,93.38047506055217
666,93.52047504899512
667,93.66047503674541
668,93.80047502370668
669,93.94047500972755
670,94.0804749988738
671,94.22047498726542
672,94.36047497487482
673,94.5004749616256
674,94.64047494738598
675,94.78047493621064
676,94.92047492425561
677,95.06047491150908
678,95.20047489790834
679,95.34047488333348
680,95.48047487184142
681,95.62047485959869
682,95.76047484659964
683,95.90047483278569
684,96.04047481803946
685,96.18047480640476
686,96.32047479405915
687,96.46047478099501
688,96.60047476715107
689,96.74047475240678
690,96.88047473657488
691,97.02047472444839
692,97.1604747114641
693,97.30047469758362
694,97.44047468270992
695,97.58047466667853
696,97.72047465429044
697,97.86047464101088
698,98.00047462682213
699,98.14047461164527
700,98.28047459533127
701,98.42047458268425
702,98.56047456918847
703,98.70047455483532
704,98.84047453955212
705,98.98047452319366
706,99.1204745105338
707,99.26047449708885
708,99.40047448284818
709,99.54047446773589
710,99.68047445160295
711,99.82047443920018
712,99.96047442606034
713,100.1004744121682
714,100.24047439744378
715,100.38047438173471
716,100.52047437074961
717,100.66047435914517
718,100.56047434709632
719,100.62006133684888
720,100.67696026274689
721,100.73283363464381
722,100.78767964534462
723,100.68767963843996
724,100.58767963172781
725,100.4876796252775
726,100.38767962311276
727,100.28767962144589
728,100.18767962043124
729,100.08767962005128
730,99.98767962012843
731,99.88767960910376
732,99.78767959629332
733,99.68767958049192
734,99.58767956000652
735,99.48767953266479
736,99.38767945413525
737,99.28767935962182
738,99.18767924348893
739,99.08767909892885
740,98.98767891787632
741,98.88767861304083
742,98.78767824976315
743,98.68767781296654
744,98.58767728511137
745,98.48767664576239
746,98.38767584034534
747,98.28767488914328
748,98.18767376459512
749,98.08767243506449
750,97.98767086363824
751,97.88767011795262
752,97.78766918722735
753,97.68766809714204
754,97.58766687264296
755,97.4876655347118
756,97.38766479199545
757,97.28766400392247
758,97.1876632557654
759,97.08766256860346
760,96.98766188879645
761,96.88766181826892
762,96.78766158487035
763,96.68766100325061
764,96.58765987591327
765,96.48765800231523
766,96.38765523100184
767,96.28765167676926
768,96.18764759514782
769,96.08764317080987
770,95.98763840485813
771,95.88763304190557
772,95.78763500769416
773,95.68763664640791
774,95.5876376832285
775,95.48763797502872
776,95.38763748961686
777,95.2873749240103
778,95.18708960648466
779,95.08677339875169
780,94.98641178939376
781,94.88598193673884
782,94.78249543977776
783,94.67859045209633
784,94.57407115857626
785,94.46867102091393
786,94.36204581048845
787,94.24381445264957
788,94.12269859821986
789,93.99764750113171
790,93.86738715211041
791,93.71816972149774
792,93.56057130472665
793,93.3923449748587
794,93.21099236112939
795,93.01378379249226
796,92.79766671952167
797,92.56236305714555
798,92.3052682969559
799,92.02381370028003
800,91.71547834847988
801,91.37778573959996
802,91.03899718340224
803,90.6714880633437
804,90.27492130941646
805,89.84914466523905
806,89.39412389684121
807,88.90988195388064
808,88.39644741762396
809,87.8538143361135
810,87.28191447849238
811,86.76160012667282
812,86.21709582245063
813,85.65131182765732
814,85.0668408086445
815,84.46590621386004
816,83.85034157734843
817,83.22159458126455
818,82.58074979762655
819,81.92856457818293
820,81.2655133826677
821,80.59183676204806
822,79.90759211197584
823,79.21270409261388
824,78.50701322762905
825,77.79032163842693
826,77.06243515886837
827,76.44701165115293
828,75.81850521573718
829,75.18085600027386
830,74.53734195620213
831,73.8905927554619
832,73.24263238900501
833,72.59494068846078
834,71.94852554277598
835,71.30399928888784
836,70.66165443346169
837,70.02153536451172
838,69.38350395311981
839,68.74729789860005
840,68.11258135064813
841,67.47898779192255
842,66.8461554389798
843,66.2137555735028
844,65.5908057402746
845,64.95858515393842
846,64.32618220677598
847,63.69355824890399
848,63.060762629273036
849,62.427929984757924
850,61.79527451119536
851,61.163081864543436
852,60.53169932780962
853,59.90152485005435
854,59.27299551781752
855,58.64657595871287
856,58.0227471050091
857,57.4019956658744
858,56.78821245476995
859,56.18728709786424
860,55.59948577285056
861,55.02507960688172
862,54.4642828332129
863,53.917250325368705
864,53.45085875702882
865,52.989835305291244
866,52.53740729113698
867,52.09519026162223
868,51.66414254445815
869,51.24469979730335
870,50.9230298181646
871,50.604224705591655
872,50.291812132285216
873,50.020409302695725
874,49.74355425177167
875,49.566479075227015
876,49.38988342823413
877,49.21732407275938
878,49.05012545678204
879,48.88877092383679
880,48.811407161339254
881,48.73380256568338
882,48.69484924495368
883,48.644488730316894
884,48.598074472442065
885,48.55528125939472
886,48.56981890289586
887,48.58346278890084
888,48.598140926186694
889,48.6144709230582
890,48.632617494010695
891,48.6524605069633
892,48.7005514603101
893,48.78706615817076
894,48.85738733676357
895,48.928130066772724
896,48.99912783009545
897,49.070254467049054
898,49.14132613633488
899,49.218263324963274
900,49.294347274825505
901,49.36969865000842
902,49.44425387741275
903,49.51789743675384
904,49.59050264015172
905,49.704458015789186
906,49.799134736746964
907,49.88781122835036
908,49.97504131193021
909,50.0605767377504
910,50.14423836892303
911,50.225877318696
912,50.30538024763101
913,50.382669175860016
914,50.45769769625527
915,50.52534348421702
916,50.63782357749469
917,50.72831438789635
918,50.81631813448139
919,50.90153174397189
920,50.9838849523492
921,51.063329529807696
922,51.13983405728063
923,51.21337700133941
924,51.284020295063485
925,51.35191741802377
926,51.41706264842731
927,51.47945372021235
928,51.584899973918645
929,51.68334194974428
930,51.77844423396012
931,51.870139162312796
932,51.95838279487565
933,52.043115507878824
934,52.13192362788633
935,52.21705282751631
936,52.29880654228858
937,52.37734004782968
938,52.45275062605361
939,52.54388261275301
940,52.63309031494311
941,52.72028509176096
942,52.805341525092985
943,52.888100923796415
944,52.98285541920167
945,53.07501906190234
946,53.16496029740032
947,53.25292479893121
948,53.33905164212605
949,53.42338932607524
950,53.505910308277045
951,53.5865234270072
952,53.66508401997246
953,53.741401792239095
954,53.81524660295575
955,53.907081798751996
956,53.995990803003956
957,54.08251093555793
958,54.16700801254612
959,54.249699742320445
960,54.33067928495492
961,54.40993670730604
962,54.487377273374555
963,54.56283625744993
964,54.6360903862869
965,54.72997334677304
966,54.82117035193576
967,54.91028692958606
968,54.99772980445155
969,55.083736771773815
970,55.16840611418025
971,55.251722864439884
972,55.33358075313538
973,55.41379961373295
974,55.49213852189826
975,55.59171340231072
976,55.68893959029323
977,55.7844177178521
978,55.87854823520462
979,55.97156227180265
980,56.06355205888088
981,56.154497955314376
982,56.2442908102194
983,56.33274942784112
984,56.44009785205574
985,56.54575184653179
986,56.650237213372804
987,56.753895190564094
988,56.856913718379026
989,56.95935740736097
990,57.06119354334526
991,57.162313103697045
992,57.26254673940877
993,57.37851353008014
994,57.493308835795624
995,57.60735079336073
996,57.72090677600733
997,57.834119821602606
998,57.94703385373819
999,58.05961540118895
1000,58.17177094312884
1001,58.29540445610066
1002,58.41843738302952
1003,58.54117227244735
1004,58.66379464918173
1005,58.78639612570674
1006,58.90899572614954
1007,59.03155775274159
1008,59.15400567544949
1009,59.27623219947954
1010,59.40667620772328
1011,59.53676105830583
1012,59.666687100271105
1013,59.79657815592433
1014,59.92649629635353
1015,60.05645581748779
1016,60.18643510655831
1017,60.31638591436103
1018,60.45132045792406
1019,60.58616190730386
1020,60.721033149806615
1021,60.85600582536429
1022,60.99111174387431
1023,61.126353391843935
1024,61.261712639741575
1025,61.39715737260496
1026,61.535155424411954
1027,61.67318798072795
1028,61.81130911116805
1029,61.9495460631667
1030,62.08790641387087
1031,62.22638440398091
1032,62.364966006266826
1033,62.50363263700954
1034,62.64321068010472
1035,62.782837723526285
1036,62.92252680714014
1037,63.062280251668284
1038,63.20209334327698
1039,63.34195747129527
1040,63.48186252814813
1041,63.62179855967142
1042,63.76173623159665
1043,63.901680658475186
1044,64.04162381749352
1045,64.1815554542786
1046,64.3214645249431
1047,64.4613403060587
1048,64.60117312189139
1049,64.74095470912236
1050,64.88041922508253
1051,65.01981699870515
1052,65.15913290676082
1053,65.29835248175483
1054,65.43746204479939
1055,65.5764486564887
1056,65.7152998928614
1057,65.85395349631295
1058,65.99246335220127
1059,66.1308174728588
1060,66.26900391380683
1061,66.40701030066938
1062,66.54482328838607
1063,66.68242795721493
1064,66.81980714155762
1065,66.95734697352381
1066,67.09466653149595
1067,67.23176337004585
1068,67.36863153945681
1069,67.5052609320788
1070,67.64163666870235
1071,67.77773846743035
1072,67.91441614154827
1073,68.05083673122168
1074,68.18700900134145
1075,68.32293428135503
1076,68.4586060670268
1077,68.59400972633267
1078,68.72912218236613
1079,68.86391146421398
1080,68.99979515603212
1081,69.13538115156243
1082,69.27068681050598
1083,69.40571795205065
1084,69.54046865872921
1085,69.6749212109437
1086,69.80904594401028
1087,69.94457098047197
1088,70.07980759107002
1089,70.21478337593564
1090,70.34951090090223
1091,70.48398802796137
1092,70.61819839843456
1093,70.75211178885179
1094,70.88761898263988
1095,71.0228721329497
1096,71.15790238510705
1097,71.29272412865181
1098,71.42733580507851
1099,71.56172082072848
1100,71.69584825635954
1101,71.83163624036712
1102,71.96720912508788
1103,72.10259838535156
1104,72.23781855553588
1105,72.37286830026007
1106,72.50773155192537
1107,72.64237840059133
1108,72.77864385954233
1109,72.91473425662653
1110,73.05067984383462
1111,73.18649472689285
1112,73.32217805033653
1113,73.45771522901839
1114,73.59307891739083
1115,73.7299359442276
1116,73.86665888064744
1117,74.00327546539324
1118,74.1397987615503
1119,74.27622837290573
1120,74.41255169191949
1121,74.55005672435684
1122,74.68749194494649
1123,74.8248822772174
1124,74.9622395670488
1125,75.09956416602874
1126,75.23684648558182
1127,75.37406826798961
1128,75.51227470199585
1129,75.65044085976723
1130,75.78858255791728
1131,75.9267062193314
1132,76.06481007888448
1133,76.2028853139416
1134,76.34091692433141
1135,76.47970875511706
1136,76.61847401879594
1137,76.75722534873879
1138,76.89596841770388
1139,77.03470281792877
1140,77.17342291699205
1141,77.31264703672748
1142,77.45187064511587
1143,77.59110358313066
1144,77.73035027506373
1145,77.86961065748268
1146,78.00888107288351
1147,78.14815501144909
1148,78.2877592441998
1149,78.4273718614869
1150,78.5669975059077
1151,78.70663775608907
1152,78.8462917700637
1153,78.9859568770976
1154,79.1257901573726
1155,79.26563566391742
1156,79.40549548312949
1157,79.5453698966869
1158,79.6852578918744
1159,79.82515762319672
1160,79.96511960643822
1161,80.10509060068206
1162,80.24507025148554
1163,80.38505747179963
1164,80.5250507692675
1165,80.66504852012375
1166,80.80504917546256
1167,80.94504627255603
1168,81.0850425960713
1169,81.22503677134006
1170,81.36502731984147
1171,81.50501275948058
1172,81.64499167080393
1173,81.78494556864217
1174,81.92488966772338
1175,82.06482206266904
1176,82.20474080084854
1177,82.34464386813004
1178,82.48452914522825
1179,82.62439772845687
1180,82.76424648893065
1181,82.90407347947408
1182,83.04289656112662
1183,83.18267324807215
1184,83.3224206307531
1185,83.46217963629617
1186,83.60190969138048
1187,83.74160935323164
1188,83.71719006756597
1189,83.82255279548095
1190,83.92486281896933
1191,84.02558433621672
1192,84.12463782010286
1193,84.22204748185729
1194,84.12806811569651
1195,84.11303253559312
1196,84.0971732923491
1197,84.08144314229777
1198,84.0656948197083
1199,84.0499306539879
1200,83.94936386177243
1201,83.8589762640143
1202,83.76953258385689
1203,83.68129830344388
1204,83.59407633605069
1205,83.50785577117864
1206,83.40722717676725
1207,83.30655911912511
1208,83.20584700921201
1209,83.1053065193442
1210,83.00473248298478
1211,82.90412708194026
1212,82.80349039799053
1213,82.70282033536742
1214,82.60211254455186
1215,82.50159810773252
1216,82.4010567903212
1217,82.30049150768372
1218,82.19990298697839
1219,82.09928977528237
1220,81.9986482543445
1221,81.89820733129557
1222,81.79774848591728
1223,81.69727531440107
1224,81.59678926662738
1225,81.49628974965088
1226,81.3957742454641
1227,81.29544639553333
1228,81.19511128961577
1229,81.09477273857962
1230,80.99443258188083
1231,80.89409089306683
1232,80.79374620240029
1233,80.69355293161661
1234,80.59336224133853
1235,80.49317728521658
1236,80.39299957044702
1237,80.29282924953296
1238,80.19266542192483
1239,80.09259477734106
1240,79.9925318255402
1241,79.89247802967084
1242,79.79243365509406
1243,79.69239810041007
1244,79.59237022086135
1245,79.49236222748695
1246,79.39235825273474
1247,79.29235712570508
1248,79.19235695925217
1249,79.0923554493529
1250,78.99235014256513
1251,78.8923386460082
1252,78.7922603344276
1253,78.6921678840511
1254,78.592056733299
1255,78.491921996101
1256,78.39175859402077
1257,78.29156133457742
1258,78.19124930736201
1259,78.09089272118547
1260,77.99048342968166
1261,77.89001298930674
1262,77.7894726161646
1263,77.68885306063083
1264,77.58814438715655
1265,77.48733117461214
1266,77.38642009071685
1267,77.28540078907922
1268,77.1842620399085
1269,77.08299134007476
1270,76.98157442419486
1271,76.88015860461638
1272,76.77859502980112
1273,76.67687487885277
1274,76.57498735418763
1275,76.47291905261962
1276,76.37065326974346
1277,76.26856465743452
1278,76.16628822669105
1279,76.0638200283481
1280,75.96115236442475
1281,75.88668136611629
1282,75.78357409596512
1283,75.68021430539648
1284,75.57733175554144
1285,75.47421832560765
1286,75.37087508696027
1287,75.39887537104057
1288,75.36988795015779
1289,75.34143713176516
1290,75.31290974003552
1291,75.28544088951938
1292,75.25790956854861
1293,75.23033566903308
1294,75.36597757830549
1295,75.4512849563494
1296,75.53540176143339
1297,75.6191655079757
1298,75.70130338143863
1299,75.78186713337715
1300,75.86088206415462
1301,75.99604816749485
1302,76.13095736888089
1303,76.26557357088691
1304,76.40148376358631
1305,76.53714421396514
1306,76.672570705656
1307,76.8077649597937
1308,76.94271455417005
1309,77.07739283936587
1310,77.21175858133672
1311,77.34761394374851
1312,77.48321086293915
1313,77.61856913459408
1314,77.75369306619788
1315,77.88857133228949
1316,78.0231768594603
1317,78.15921451079548
1318,78.29504356858953
1319,78.43068979600973
1320,78.56616239264007
1321,78.70145443392995
1322,78.83654336303975
1323,78.97296982577424
1324,79.10924926083828
1325,79.24540416031313
1326,79.38144141163352
1327,79.51735319000437
1328,79.65311780471245
1329,79.78870018474174
1330,79.92562024168431
1331,80.06240286774947
1332,80.19906368944636
1333,80.33560506508096
1334,80.4720165711845
1335,80.60827539663809
1336,80.74566990877811
1337,80.88295899274628
1338,81.02016056344901
1339,81.1572802458695
1340,81.2943120154009
1341,81.43123880935049
1342,81.56911607691954
1343,81.70692797772571
1344,81.84468930918388
1345,81.98240431709037
1346,82.120067498545
1347,82.25766434036134
1348,82.39602855724479
1349,82.53435562493812
1350,82.67265606382045
1351,82.81093207541299
1352,82.94917831890729
1353,83.08738259480563
1354,83.22618155650949
1355,83.36495942468478
1356,83.50372349672863
1357,83.64247484611711
1358,83.78120896245066
1359,83.91991630259999
1360,84.0590673607471
1361,84.19820674805001
1362,84.3373396291404
1363,84.47646663880298
1364,84.6155843768544
1365,84.7546858326152
1366,84.89410661023418
1367,85.03352197294163
1368,85.1729355407247
1369,85.3123477167005
1370,85.4517560636906
1371,85.59115562803403
1372,85.73077614006537
1373,85.87039536670204
1374,86.01001569718213
1375,86.14963731718994
1376,86.28925849127693
1377,86.42887580528767
1378,86.5686391621025
1379,86.70840349692855
1380,86.84817024184895
1381,86.98793939441542
1382,87.1277097217385
1383,87.26747893400217
1384,87.40733987865482
1385,87.54720261171646
1386,87.68706790555262
1387,87.82693565357896
1388,87.96680500965553
1389,88.10672434935294
1390,88.2466467862602
1391,88.38657272313606
1392,88.52650201006946
1393,88.66643406518357
1394,88.8063679775247
1395,88.94632954160674
1396,89.08629320245038
1397,89.22625891697902
1398,89.36622641393275
1399,89.50619525407973
1400,89.64616487573012
1401,89.78614808516498
1402,89.92613215169992
1403,90.06611702407193
1404,90.20610255858182
1405,90.34608854228964
1406,90.48608034259064
1407,90.62607261977547
1408,90.76606534644242
1409,90.90605844985573
1410,91.04605182433653
1411,91.1860453401567
1412,91.32604140219074
1413,91.46603760407588
1414,91.606033913896
1415,91.74603028362296
1416,91.88602665198077
1417,92.02602399165114
1418,92.16602132441412
1419,92.30601862187154
1420,92.44601584665673
1421,92.58601295224278
1422,92.72601034896098
1423,92.86600760407741
1424,93.00600467713801
1425,93.14600151885571
1426,93.28599806916377
1427,93.42599425446737
1428,93.56599038569604
1429,93.70598608978455
1430,93.84598128513453
1431,93.98597587387692
1432,94.12596973739312
1433,94.26596330171047
1434,94.40595603274225
1435,94.54594779956236
1436,94.68593844596418
1437,94.82592778281443
1438,94.96591682935036
1439,95.1059044308115
1440,95.24589039904826
1441,95.38587450597912
1442,95.52585647061203
1443,95.66583594185863
1444,95.80581597158873
1445,95.94579339238334
1446,96.08576790599317
1447,96.22573913300694
1448,96.36570658572079
1449,96.50567599364445
1450,96.64564162561932
1451,96.78560312724174
1452,96.9255600208164
1453,97.06551166584593
1454,97.20546762098942
1455,97.34541853287958
1456,97.48536400456365
1457,97.62530345833358
1458,97.76523608251136
1459,97.9051763867479
1460,98.04511035467779
1461,98.18503755803862
1462,98.32495731661963
1463,98.46486863086785
1464,98.60479193679144
1465,98.74470764854661
1466,98.88461531866295
1467,99.02451416594211
1468,99.16440299397267
1469,99.30430890129034
1470,99.44420605624659
1471,99.58409400785011
1472,99.72397188260047
1473,99.86383828954457
1474,100.00372740763929
1475,100.14360679068545
1476,100.28347600300016
1477,100.42333409449661
1478,100.56317949359995
1479,100.70305349942055
1480,100.84291704386693
1481,100.9827697262162
1482,101.12261054082786
1483,101.26243776003963
1484,101.40229941952029
1485,101.54215022140576
1486,101.68198981810585
1487,101.82181717322746
1488,101.96163043739928
1489,102.10148355086994
1490,102.24132579725598
1491,102.38115689757544
1492,102.52097581260664
1493,102.66078061537094
1494,102.80062986905925
1495,102.94046866742602
1496,103.08029681266036
1497,103.22011329370625
1498,103.35991615984992
1499,103.49976688813244
1500,103.639608004709
1501,103.77943940257094
1502,103.91926013256837
1503,104.05906828321152
1504,104.19892615714286
1505,104.33877567937327
1506,104.47861683988211
1507,104.61844878664989
1508,104.75826971737298
1509,104.89814036557917
1510,105.03800429185407
1511,105.17786158422395
1512,105.31771152159608
1513,105.45760193562431
1514,105.59748893508117
1515,105.7373730191128
1516,105.87725397594033
1517,106.0171308600411
1518,106.15704544878913
1519,106.29695893338462
1520,106.43687149761361
1521,106.57678275359513
1522,106.71669174410964
1523,106.85663198261605
1524,106.99657212700272
1525,107.13651223937563
1526,107.27645196621576
1527,107.41641232616611
1528,107.55637374656501
1529,107.69633635976874
1530,107.83629999967343
1531,107.97626423564759
1532,108.11624246128574
1533,108.25622192013748
1534,108.15620281114992
1535,108.05618457098153
1536,107.95616687527404
1537,107.8561570578717
1538,107.75614804160713
1539,107.65613975110186
1540,107.55613204140685
1541,107.45612778567002
1542,107.35612411670814
1543,107.25612096463358
1544,107.15611823135295
1545,107.05611580378488
1546,106.95611458684067
1547,106.8561135936812
1548,106.75611276681038
1549,106.65611205049677
1550,106.55611139387199
1551,106.45611100893557
1552,106.35611065002618
1553,106.25611029645853
1554,106.15610993024625
1555,106.05610973695089
1556,105.95610953301946
1557,105.85610931129041
1558,105.75610906336327
1559,105.6561087788171
1560,105.55610875960899
1561,105.45610872230459
1562,105.35610867295574
1563,105.2561086179024
1564,105.1561085629554
1565,105.05610796627677
1566,104.95610729988238
1567,104.8561065445349
1568,104.75610565111774
1569,104.65610453389961
1570,104.55609823492148
1571,104.45609086329173
1572,104.35608193149774
1573,104.25607077424146
1574,104.15604382333909
1575,104.05601173575563
1576,103.95597260898683
1577,103.85592406744922
1578,103.75586320587641
1579,103.65576102924975
1580,103.55563837355521
1581,103.45548957974275
1582,103.35530792529323
1583,103.25508542012294
1584,103.15477874249378
1585,103.054414520542
1586,102.95397997544555
1587,102.85346005915544
1588,102.75283683390607
1589,102.6520679249637
1590,102.55116655850672
1591,102.45010732300057
1592,102.34886004530635
1593,102.24738827544597
1594,102.14570033293488
1595,102.04374176250664
1596,101.94146577403876
1597,101.83881610806968
1598,101.73572385471999
1599,101.63236964606143
1600,101.5285068601094
1601,101.42405541530434
1602,101.31891774594341
1603,101.2129728172288
1604,101.10696078550133
1605,101.00007477202453
1606,100.89219747428943
1607,100.78318301852339
1608,100.67284692713534
1609,100.56319882972164
1610,100.45222650589545
1611,100.33979830650263
1612,100.22574098978782
1613,100.10982500539424
1614,99.99600407719483
1615,99.88047976353074
1616,99.76315428409134
1617,99.64387254187984
1618,99.52240376465288
1619,99.40474581461363
1620,99.28526552025242
1621,99.16393495475693
1622,99.04064953729022
1623,98.91520939731562
1624,98.79497889839492
1625,98.67311398945745
1626,98.54964274735737
1627,98.42449864734904
1628,98.29750572932593
1629,98.17655856641125
1630,98.05432473220905
1631,97.93084880120868
1632,97.80607281596484
1633,97.67982697257406
1634,97.55982426701483
1635,97.43886217571259
1636,97.31697380908173
1637,97.19409378986268
1638,97.07005335130903
1639,96.95192288864574
1640,96.83305325691711
1641,96.71345931075032
1642,96.59306867025734
1643,96.4717191530717
1644,96.35563171085109
1645,96.23891998589828
1646,96.12158442007569
1647,96.00355110277306
1648,95.88466995017188
1649,95.76471056704429
1650,95.64998797660797
1651,95.5344734525063
1652,95.41813274139261
1653,95.300865628042
1654,95.1825004265857
1655,95.06861199163201
1656,94.95391559498995
1657,94.83840648770583
1658,94.72201826443113
1659,94.60461777948079
1660,94.49122336752855
1661,94.37709539296367
1662,94.26224104576265
1663,94.14660870846954
1664,94.03008415243653
1665,93.91248529039191
1666,93.79919106564911
1667,93.68508518817391
1668,93.57015084574093
1669,93.45431347082842
1670,93.33743534424062
1671,93.22446682614
1672,93.11072722499443
1673,92.99622344629836
1674,92.88090639883025
1675,92.76466673100698
1676,92.6520759649317
1677,92.53881780516046
1678,92.42490723814228
1679,92.31030550679564
1680,92.19491744141558
1681,92.07858773621044
1682,91.96624216088168
1683,91.85318686383597
1684,91.73941617662324
1685,91.62487285125555
1686,91.50944436810681
1687,91.39764584177715
1688,91.28519909514898
1689,91.17212219265038
1690,91.05838373980149
1691,90.94390039732758
1692,90.8285335694672
1693,90.71706062428767
1694,90.60493322084454
1695,90.49216122426124
1696,90.3787063351165
1697,90.26447921923959
1698,90.15374332459847
1699,90.04246687065977
1700,89.93068278543576
1701,89.81837762470556
1702,89.70549040115269
1703,89.59191094775554
1704,89.4819500746914
1705,89.37150334569047
1706,89.26059245512388
1707,89.14919608934478
1708,89.03724891446123
1709,88.92463989361194
1710,88.81561446222457
1711,88.70613027924172
1712,88.59621310198769
1713,88.48584855572082
1714,88.37498107897012
1715,88.26711513597103
1716,88.15894150480041
1717,88.05050429037212
1718,88.05694642972868
1719,87.97669739923651
1720,87.89799333539086
1721,87.82311214639236
1722,87.74894037176114
1723,87.8819923250505
1724,88.00315238704344
1725,88.12237743905598
1726,88.23952703902307
1727,88.35738400145034
1728,88.47327199176159
1729,88.60790484624998
1730,88.74240428958224
1731,88.87674012486177
1732,89.01291098442148
1733,89.14901792744755
1734,89.28508790523577
1735,89.42112569949035
1736,89.5571157473059
1737,89.69302374858405
1738,89.83040456443665
1739,89.96776898699663
1740,90.10513184311999
1741,90.24249231502719
1742,90.37983552214419
1743,90.51815686812625
1744,90.65650526703503
1745,90.79489300381506
1746,90.93332093482657
1747,91.07178028148094
1748,91.21025423614196
1749,91.34938433831907
1750,91.48854866198344
1751,91.62775155618046
1752,91.76699107607122
1753,91.90626027047288
1754,92.04587408700081
1755,92.18552429266734
1756,92.3252127104089
1757,92.4649374256755
1758,92.60469389737827
1759,92.74447595025772
1760,92.8843976609399
1761,93.02434036722492
1762,93.16430230536434
1763,93.30428041998387
1764,93.44427100717974
1765,93.58427147415689
1766,93.72427486129058
1767,93.86427717941133
1768,94.00427393679566
1769,94.14426047863479
1770,94.28420178512688
1771,94.42412147474701
1772,94.5640137922997
1773,94.70387279104546
1774,94.84369231832369
1775,94.98346588332296
1776,95.12319071652294
1777,95.26286160232429
1778,95.40247209066345
1779,95.54201486845699
1780,95.68148126840524
1781,95.82095052673756
1782,95.96034180935378
1783,96.09964893749031
1784,96.23886383085083
1785,96.37797572438555
1786,96.5171679375956
1787,96.65626350248324
1788,96.79525718084722
1789,96.93414055300791
1790,97.0729010302524
1791,97.21183100104452
1792,97.35065258732662
1793,97.48936175277869
1794,97.62794994077703
1795,97.76640297719531
1796,97.90511456768014
1797,98.04371278371657
1798,98.18219474018338
1799,98.32055181411948
1800,98.45876851829729
1801,98.597323590876
1802,98.735765928106
1803,98.87409365785058
1804,99.01229819748895
1805,99.15036315641626
1806,99.28883081617698
1807,99.4271908897407
1808,99.56544241746677
1809,99.70357705803131
1810,99.8415780606994
1811,99.97941892699936
1812,100.11779459285204
1813,100.25604835986555
1814,100.39417628578279
1815,100.53216586134631
1816,100.67061672446695
1817,100.80897257929925
1818,100.947238002962
1819,101.08540932048663
1820,101.22347375558326
1821,101.36201872204688
1822,101.50049721020078
1823,101.63891224266051
1824,101.77725876374843
1825,101.91552312339557
1826,102.05425419577988
1827,102.19293816657367
1828,102.33157659960719
1829,102.470163845524
1830,102.60868670433092
1831,102.74763720095356
1832,102.8865537506655
1833,103.0254375720901
1834,103.16428372912658
1835,103.3030808993107
1836,103.44207299887422
1837,103.57892153777684
1838,103.7136822556099
1839,103.84638102797425
1840,103.97703843538791
1841,104.10602729638369
1842,104.23304639326643
1843,104.35812902673229
1844,104.48130057547793
1845,104.60258205812417
1846,104.7222600516742
1847,104.84011233715624
1848,104.9561693524574
1849,105.07045547674971
1850,105.18314961888802
1851,105.29413015640088
1852,105.40342492905668
1853,105.51105755240317
1854,105.61704941374957
1855,105.7215086997365
1856,105.82437409134533
1857,105.92566873526371
1858,105.82560073585597
1859,105.75590272540731
1860,105.686813185823
1861,105.61859017995056
1862,105.51858700577634
1863,105.41858897125445
1864,105.31859418973508
1865,105.21859544287881
1866,105.11859508997803
1867,105.01859096146669
1868,104.91858072633312
1869,104.81854989153314
1870,104.7185072468608
1871,104.61844974402017
1872,104.51837412116947
1873,104.41827684681996
1874,104.31815940443285
1875,104.21801575094769
1876,104.11784237718263
1877,104.017635298119
1878,103.9173897768043
1879,103.81714881184632
1880,103.71686868538775
1881,103.61654612365326
1882,103.5161768218551
1883,103.41575496872755
1884,103.31538290341356
1885,103.21496321695476
1886,103.11449350727943
1887,103.01396963480354
1888,102.91338511822552
1889,102.81290658358098
1890,102.71237860619762
1891,102.61180020234609
1892,102.51116796651247
1893,102.41047544367338
1894,102.30994344189533
1895,102.209367896044
1896,102.1087495947596
1897,102.0080864034405
1898,101.90760792230283
1899,101.80710527104104
1900,101.70658338755715
1901,101.60604421092695
1902,101.50548651585765
1903,101.40516861482915
1904,101.30485349151272
1905,101.20454832890773
1906,101.10425705748446
1907,101.00398062734078
1908,100.90388335117716
1909,100.80380958807791
1910,100.70376353357513
1911,100.60374479234744
1912,100.50374911031805
1913,100.40357124770904
1914,100.30336913464251
1915,100.20311868269673
1916,100.10278517490785
1917,100.00232393482115
1918,99.90022678364957
1919,99.79774313993576
1920,99.69472222165041
1921,99.59097610055835
1922,99.48627718002783
1923,99.37494854377657
1924,99.26168042666312
1925,99.14584886796916
1926,99.02670213303624
1927,98.9033455705582
1928,98.76126242798179
1929,98.61223640972857
1930,98.45438668899912
1931,98.28553229681832
1932,98.08264096809897
1933,97.86395877443398
1934,97.62596093390556
1935,97.36479930059382
1936,97.04107731353376
1937,96.6882103588463
1938,96.30123545728937
1939,95.87523127758743
1940,95.40390779698399
1941,94.89202966793891
1942,94.33649905738152
1943,93.73507753699522
1944,93.086472723746
1945,92.3903780849973
1946,91.64746757829413
1947,90.85934971093721
1948,90.02848748959836
1949,89.15809173649433
1950,88.25199555701131
1951,87.31451753154816
1952,86.35032062708297
1953,85.36427300775149
1954,84.36131596576016
1955,83.34634316669124
1956,82.32409436018611
1957,81.29906568840039
1958,80.27543776228069
1959,79.25702179600124
1960,78.2472233152979
1961,77.24902230455648
1962,76.26496814414571
1963,75.29718732129625
1964,74.34740167521848
1965,73.41695485282777
1966,72.50684469085523
1967,71.61775938282521
1968,70.75011551106604
1969,69.90409629876231
1970,69.18724228172944
1971,68.48461994670836
1972,67.79981940842141
1973,67.13526629832235
1974,66.49238288084588
1975,65.87176030307916
1976,65.27332874293813
1977,64.75407966431604
1978,64.25103698422473
1979,63.76529435482056
1980,63.29714135971344
1981,62.8462648205705
1982,62.41192383229321
1983,61.993095437765376
1984,61.588591234392226
1985,61.19714734905824
1986,60.81749134170068
1987,60.479494021008385
1988,60.14824322266621
1989,59.82399806187828
1990,59.506747213448
1991,59.19628451774651
1992,58.892271321167826
1993,58.59428635756046
1994,58.30186454156744
1995,58.01452627419189
1996,57.73179887071928
1997,57.45323160278459
1998,57.178405666188276
1999,56.90694018791338
2000,56.638495195599205
2001,56.3727723033795
2002,56.10951372382298
2003,55.848500096065884
2004,55.768878102715234
2005,55.51220393222622
2006,55.257203754539916
2007,55.00376346956777
2008,54.75179912977578
2009,54.501251246461116
2010,54.2520797226253
2011,54.00425943004876
2012,53.757776422824335
2013,53.51262475973351
2014,53.26880389314916
2015,53.02631657218887
2016,52.785167202064656
2017,52.5453605993306
2018,52.30690108333529
2019,52.069791846963135
2020,51.8340345540662
2021,51.59962911628832
2022,51.36657360779372
2023,51.13486428235518
2024,50.90449566304349
2025,50.675460680184116
2026,50.44775083817438
2027,50.22135639610936
2028,49.99626655091857
2029,49.77246961487479
2030,49.55245770344354
2031,49.33685095954261
2032,49.12556884766333
2033,48.91853645580078
2034,48.71567740839947
2035,48.51691412197012
2036,48.32216806369695
2037,48.13136005042994
2038,47.94441056025169
2039,47.7612400373055
2040,47.581769176833035
2041,47.40591918231717
2042,47.23361199042026
2043,47.06477046222628
2044,47.01724991783504
2045,46.92310346696724
2046,46.83172819800054
2047,46.74251774459514
2048,46.65537577937766
2049,46.57020626905093
2050,46.486919664008106
2051,46.40543326008993
2052,46.32567119822535
2053,46.36581982783179
2054,46.37592621999629
2055,46.38665258153214
2056,46.39759924283002
2057,46.40868602974441
2058,46.41983660481832
2059,46.43098285225926
2060,46.44206523762552
2061,46.45303267639642
2062,46.43769757813888
2063,46.43324693877321
2064,46.42867954136397
2065,46.42408942673801
2066,46.41946294852653
2067,46.41479110289038
2068,46.4100674399458
2069,46.40528733820202
2070,46.40044743404023
2071,46.39554518781643
2072,46.36771800318009
2073,46.35050730629691
2074,46.33291730172848
2075,46.31520912514888
2076,46.29747873043612
2077,46.2797850785206
2078,46.262158902739245
2079,46.24461061699237
2080,46.227136484441324
2081,46.20972335451697
2082,46.19235223299002
2083,46.1550051112481
2084,46.12825488101804
2085,46.10097732041721
2086,46.07352698342001
2087,46.04605531487927
2088,46.01865075393756
2089,45.99135478891977
2090,45.964175581038454
2091,45.93709850798201
2092,45.91009418337452
2093,45.883124436599964
2094,45.84004301696563
2095,45.80737226316736
2096,45.773896621359846
2097,45.74009283683243
2098,45.706188241736804
2099,45.672314613122126
2100,45.638533044059535
2101,45.60485450474015
2102,45.57125570932455
2103,45.53769114126056
2104,45.50410198965111
2105,45.47042264234823
2106,45.43658527416933
2107,45.40252297051381
2108,45.35814734530795
2109,45.32361380416375
2110,45.28771027519143
2111,45.25109987809294
2112,45.21413246548406
2113,45.17701569877187
2114,45.139851844306236
2115,45.1026678084817
2116,45.06543831634743
2117,45.02810346552569
2118,44.99058177047686
2119,44.952779656271254
2120,44.914598196690015
2121,44.87593773998362
2122,44.83670093509195
2123,44.796794562855546
2124,44.75839689603977
2125,44.72876142563004
2126,44.696936265219726
2127,44.663907028423644
2128,44.63023043391801
2129,44.59623625851719
2130,44.56208742853372
2131,44.52782799397295
2132,44.49341960333446
2133,44.45876864425664
2134,44.42374604839935
2135,44.38820145564699
2136,44.35197310218941
2137,44.31489449678426
2138,44.27679869997599
2139,44.28936688396181
2140,44.32141837565643
2141,44.35022519435486
2142,44.37820734431744
2143,44.408364747853646
2144,44.439652094969176
2145,44.47215181342542
2146,44.50546433788205
2147,44.5390017844724
2148,44.57216661830876
2149,44.5949361491047
2150,44.61712709495342
2151,44.63794094182568
2152,44.65684101670503
2153,44.67345203915095
2154,44.687548013708884
2155,44.6990266855363
2156,44.707879595357056
2157,44.707710967118075
2158,44.7057843814241
2159,44.7018744619385
2160,44.69590888131149
2161,44.68786953128543
2162,44.67777518431233
2163,44.665666520970994
2164,44.651594278972645
2165,44.63561024495483
2166,44.617760695164996
2167,44.59808184483002
2168,44.58212032586214
2169,44.60078988560079
2170,44.60237938190579
2171,44.60238616534101
2172,44.60076150329885
2173,44.597570761687095
2174,44.59284276504332
2175,44.58657823721393
2176,44.57875537807118
2177,44.56933433288146
2178,44.558260672158035
2179,44.54546801885987
2180,44.54784961688473
2181,44.54734530007079
2182,44.54475184422405
2183,44.54048925068742
2184,44.53483483921531
2185,44.527954315380576
2186,44.5726746013294
2187,44.593894041182196
2188,44.613735222709806
2189,44.63190395303116
2190,44.64830965943195
2191,44.66284354894378
2192,44.67538615797363
2193,44.710022635514626
2194,44.74081504929458
2195,44.76889845613463
2196,44.79486526381524
2197,44.81910429205788
2198,44.84184754723212
2199,44.86321053023274
2200,44.94096311745357
2201,44.99544948350748
2202,45.0481761796046
2203,45.09881253224676
2204,45.14722929496008
2205,45.193282375213656
2206,45.2637621015271
2207,45.32981909252479
2208,45.39270608485672
2209,45.45307350526916
2210,45.51134667311427
2211,45.567778250534616
2212,45.65365231719049
2213,45.73863947038198
2214,45.82267142158683
2215,45.90563100468104
2216,45.98736673259834
2217,46.06770306974241
2218,46.17194343092304
2219,46.273464036381924
2220,46.37309350812584
2221,46.47139427235559
2222,46.568529213900995
2223,46.66507670374156
2224,46.76092405486396
2225,46.85606393953484
2226,46.950427190242856
2227,47.04390042911067
2228,47.13633874333706
2229,47.227574557448484
2230,47.34025692847916
2231,47.450684072622856
2232,47.5595817611124
2233,47.66744362353853
2234,47.77457997616866
2235,47.881161185116895
2236,47.987253370392295
2237,48.092846360308116
2238,48.19787477988865
2239,48.302233483600986
2240,48.42294981648467
2241,48.54226398812293
2242,48.66070700943165
2243,48.77862938492059
2244,48.89624151912099
2245,49.01364888350255
2246,49.13088042254658
2247,49.24791034355016
2248,49.3646741808149
2249,49.481080244761
2250,49.60908676434758
2251,49.73624619362653
2252,49.8629181425228
2253,49.98933766521498
2254,50.115643294909155
2255,50.24190167197185
2256,50.3681274762596
2257,50.49429865847933
2258,50.620367564913956
2259,50.746268746229674
2260,50.87972335119376
2261,51.0127236584633
2262,51.145496842922434
2263,51.278189839401314
2264,51.41088758064766
2265,51.54362925410372
2266,51.67642151276497
2267,51.80924853078598
2268,51.9420792627536
2269,52.07487243694285
2270,52.21198252407157
2271,52.34890801554697
2272,52.48577374599313
2273,52.62265833495414
2274,52.75960514933875
2275,52.89663217315456
2276,53.033740015335184
2277,53.170917935363136
2278,53.30814809667269
2279,53.447241669578176
2280,53.58632104277463
2281,53.725434756770476
2282,53.864609196628805
2283,54.003854954952196
2284,54.14317229896152
2285,54.28255539852551
2286,54.421995325187666
2287,54.561482004147415
2288,54.70137926523107
2289,54.84129631871568
2290,54.9812387402019
2291,55.121205599563226
2292,55.26119206293029
2293,55.401191509082544
2294,55.54119704444333
2295,55.6812024514656
2296,55.82120267541607
2297,55.96096987833876
2298,56.10072569125027
2299,56.24045905925973
2300,56.38015913924926
2301,56.41838313715293
2302,56.557987749798876
2303,56.697532864258584
2304,56.837012384376024
2305,56.976421329108256
2306,57.115521031940574
2307,57.25455100587677
2308,57.39349919623047
2309,57.53235478797328
2310,57.54718820655227
2311,57.67018007806614
2312,57.79013677334043
2313,57.90820631076038
2314,58.024479558320714
2315,58.138907249938576
2316,58.25151244630937
2317,58.36231652475567
2318,58.47133963689825
2319,58.426961354824584
2320,58.445197584402756
2321,58.46231056395164
2322,58.4789436616632
2323,58.495630855187514
2324,58.51183650106985
2325,58.52758218336281
2326,58.542879417024984
2327,58.45886708003859
2328,58.41637789524924
2329,58.373845343199925
2330,58.331676182907685
2331,58.28984773556205
2332,58.249351997595326
2333,58.20916575876355
2334,58.16931677575585
2335,58.12981394661414
2336,58.0261347459901
2337,57.94702261838904
2338,57.86857703221053
2339,57.791017086655316
2340,57.7155363160934
2341,57.64088405592269
2342,57.56709064321404
2343,57.49416267701197
2344,57.42209766000832
2345,57.323353957795916
2346,57.23713050490809
2347,57.15183083888142
2348,57.06754294359923
2349,56.985581002316344
2350,56.904556921926336
2351,56.82450262756391
2352,56.745424304627655
2353,56.64207852429177
2354,56.54861409296591
2355,56.45623832514394
2356,56.36501469415367
2357,56.274912630395235
2358,56.18719623137093
2359,56.10052317845634
2360,56.01492308000951
2361,55.930400505185894
2362,55.827503738457295
2363,55.72819972988326
2364,55.63015587249134
2365,55.5333701228945
2366,55.43781318409281
2367,55.34458257528946
2368,55.25250168928935
2369,55.16159315842264
2370,55.07185760571143
2371,54.96946219705263
2372,54.86702613761048
2373,54.76454734495853
2374,54.662297929026074
2375,54.56138858547818
2376,54.46268986475339
2377,54.365243084029245
2378,54.26906193767111
2379,54.174142270608286
2380,54.07219957396202
2381,53.97022715100333
2382,53.86822326181643
2383,53.766183025589854
2384,53.66409912501232
2385,53.56266237883462
2386,53.46116632463417
2387,53.35962758030771
2388,53.25911506435225
2389,53.159941929956126
2390,53.058319482595444
2391,52.95667053107012
2392,52.85499122508505
2393,52.753275885881514
2394,52.65151740936547
2395,52.55027416734721
2396,52.44897368481013
2397,52.34762920533645
2398,52.246249301110744
2399,52.14483867164065
2400,52.04339889102909
2401,51.94192905524967
2402,51.84042631321088
2403,51.73888628394857
2404,51.637738974190285
2405,51.53654373997259
2406,51.43531103162537
2407,51.33404746436339
2408,51.23275651050525
2409,51.131439128286715
2410,51.03009429741124
2411,50.92871945439763
2412,50.82731083328027
2413,50.72586372282245
2414,50.6248078978447
2415,50.523701327028746
2416,50.422555128778654
2417,50.321376689235606
2418,50.220170307426656
2419,50.11893779668125
2420,50.01767900638017
2421,49.916392252657296
2422,49.81507466048822
2423,49.71372242624327
2424,49.612806351995616
2425,49.51184105005885
2426,49.41084009809283
2427,49.30981272291562
2428,49.208764601422544
2429,49.10769860558026
2430,49.006615443723355
2431,48.90551418466915
2432,48.80502950475464
2433,48.7058949946425
2434,48.608572649176345
2435,48.51252533200434
2436,48.41775526006664
2437,48.324254349659256
2438,48.23201086244892
2439,48.31683194748661
2440,48.32825342290102
2441,48.34017933473754
2442,48.35186071967962
2443,48.36330557773911
2444,48.374927942136146
2445,48.38629267085165
2446,48.397420418807386
2447,48.40832268194503
2448,48.419007564070064
2449,48.42948063051163
2450,48.41030772585867
2451,48.40342402692826
2452,48.39645429353255
2453,48.38952182358251
2454,48.38262271364068
2455,48.376038364578825
2456,48.369467760816875
2457,48.36292251606854
2458,48.35640793839841
2459,48.34992701244219
2460,48.3131713710722
2461,48.28931561024481
2462,48.265615591770185
2463,48.242195969201475
2464,48.21905051594578
2465,48.19631101124708
2466,48.173828384253184
2467,48.15160453403507
2468,48.12963823370227
2469,48.107927151020284
2470,48.05523476016237
2471,48.016047985808214
2472,47.97723112089625
2473,47.938909909554816
2474,47.90107550851278
2475,47.86376362374973
2476,47.82692134187648
2477,47.790543630657815
2478,47.75462453210386
2479,47.719157829887806
2480,47.68413717842027
2481,47.61733733072095
2482,47.56464610432339
2483,47.512510948185174
2484,47.461059387719075
2485,47.410280239472954
2486,47.36017033727791
2487,47.310713330087694
2488,47.26190020354959
2489,47.213721931503564
2490,47.16616957430026
2491,47.08592052312853
2492,47.020419861899285
2493,46.95565235957005
2494,46.89174778895501
2495,46.82869251963104
2496,46.766474554048436
2497,46.705079102525005
2498,46.64449774931262
2499,46.58471883939886
2500,46.52573094216279
2501,46.467522807967335
2502,46.37551965323121
2503,46.298944860095396
2504,46.22325553543168
2505,46.148584550351316
2506,46.074916024117016
2507,46.0022160161698
2508,45.930492231607886
2509,45.85972984845027
2510,45.78991462348968
2511,45.72103264030497
2512,45.65307029808735
2513,45.55304209493694
2514,45.466086947850656
2515,45.38018860445234
2516,45.295452147715025
2517,45.211859903011444
2518,45.129352808855444
2519,45.047961948666234
2520,44.96766933258426
2521,44.888458101531086
2522,44.81031195147747
2523,44.733215079854034
2524,44.633118734874934
2525,44.5360826108409
2526,44.44034572363903
2527,44.34590702234403
2528,44.252747921054144
2529,44.16081329396028
2530,44.07012654925918
2531,43.98066810087816
2532,43.892419460773645
2533,43.80536270225016
2534,43.719480387805454
2535,43.634755502523966
2536,43.55117139714689
2537,43.46871174029885
2538,43.38736047920545
2539,43.307101808018025
2540,43.22792014270992
2541,43.14981114311947
2542,43.072749273050206
2543,42.99672008365247
2544,42.921709128883144
2545,42.84770208327196
2546,42.77468474675822
2547,42.83989521414005
2548,42.847810680187884
2549,42.856124175917905
2550,42.86425225843293
2551,42.872202942688574
2552,42.880041877785516
2553,42.887703526746236
2554,42.89519317101113
2555,42.90251462984574
2556,42.9096711485096
2557,42.9166655182083
2558,43.05637174335389
2559,43.19607081740087
2560,43.33576216611736
2561,43.47544502517109
2562,43.615118490676956
2563,43.75478155244507
2564,43.894539348143105
2565,44.034280673774745
2566,44.17400887142246
2567,44.31372615614567
2568,44.45343386000464
2569,44.59313263523827
2570,44.732822616277346
2571,44.87250354488902
2572,45.01217486427469
2573,45.151835787917065
2574,45.291485348267294
2575,45.43125021366019
2576,45.57099744843254
2577,45.71073114928527
2578,45.85045407612641
2579,45.99016793004948
2580,46.12987359229588
2581,46.26957131843852
2582,46.409260890092355
2583,46.548941729796844
2584,46.688612985504044
2585,46.82827359065395
2586,46.96805802144835
2587,47.10782587072996
2588,47.24758136855561
2589,47.38732737187836
2590,47.52706564179454
2591,47.66679708759119
2592,47.806521967617904
2593,47.94624004717483
2594,48.08595071823149
2595,48.2256530872728
2596,48.365346037423926
2597,48.5051608198758
2598,48.64496112171454
2599,48.784750946534544
2600,48.924533001629776
2601,49.064308951305506
2602,49.20407964553927
2603,49.34384531071232
2604,49.48360570039755
2605,49.62336020969545
2606,49.763107958696374
2607,49.902960364046464
2608,50.042802184894306
2609,50.18263673523346
2610,50.322466220731826
2611,50.46229196082858
2612,50.60211458878118
2613,50.74193421770931
2614,50.88175057083108
2615,51.02156307911772
2616,51.16137095152023
2617,51.30126309850465
2618,51.44114782498567
2619,51.58102768916348
2620,51.720904384060944
2621,51.86077890960925
2622,52.00065172975279
2623,52.14052290363609
2624,52.28039218855037
2625,52.4202591167679
2626,52.560185978553584
2627,52.70010869956289
2628,52.840029046414344
2629,52.97994815363341
2630,53.119866658207066
2631,53.259784820074486
2632,53.3997026210706
2633,53.5396198412241
2634,53.67953611457264
2635,53.8194509679472
2636,53.95940787224762
2637,54.0993621736835
2638,54.2393150538473
2639,54.37926728146324
2640,54.51921929591986
2641,54.65917128506215
2642,54.79912325059137
2643,54.93907505920037
2644,55.0790264802026
2645,55.21900337439883
2646,55.3589792608484
2647,55.498954842564935
2648,55.63893055651333
2649,55.778906633446134
2650,55.91888315230372
2651,56.0588600849395
2652,56.198837330222425
2653,56.338814738363325
2654,56.47880539719006
2655,56.618795861283324
2656,56.75878646374067
2657,56.89877739790256
2658,57.03876875246174
2659,57.17876054283371
2660,57.31875273644107
2661,57.458745271492965
2662,57.59873806989281
2663,57.73873591947271
2664,57.87873385696133
2665,58.01873199060974
2666,58.15873036970063
2667,58.2987290022832
2668,58.438727870722154
2669,58.578726943874884
2670,58.718726185737125
2671,58.858725914567714
2672,58.998725717850526
2673,59.138725578135386
2674,59.27872546252155
2675,59.41872533090407
2676,59.55872514242712
2677,59.69872485985653
2678,59.838724452018596
2679,59.97872389466561
2680,60.11872193757377
2681,60.25871979611272
2682,60.39871741142184
2683,60.538714728203274
2684,60.67871169569683
2685,60.8187082679558
2686,60.95870440342427
2687,61.098700063909405
2688,61.23869459587265
2689,61.37868863549058
2690,61.51868212942642
2691,61.65867502687647
2692,61.79866727810578
2693,61.93865883272443
2694,62.07864963774163
2695,62.21863963541843
2696,62.35862987642065
2697,62.49861931594868
2698,62.63860793865568
2699,62.77859571963867
2700,62.918582622497496
2701,63.05856859753047
2702,63.198553579932444
2703,63.33853748785359
2704,63.478523544293786
2705,63.61850855698646
2706,63.75849255822827
2707,63.89847555338155
2708,64.03845751988622
2709,64.1784384066531
2710,64.31841813342444
2711,64.45839658976342
2712,64.59837920943517
2713,64.73836061551758
2714,64.8783408861021
2715,65.01832005448632
2716,65.15829810965884
2717,65.2982749973048
2718,65.43825062060529
2719,65.57822484028965
2720,65.71820507314388
2721,65.85818399185696
2722,65.99816171399883
2723,66.1381382964341
2724,66.27811373726011
2725,66.41808797836266
2726,66.55806090754811
2727,66.69804054737541
2728,66.8380190055448
2729,66.9779964290289
2730,67.1179728931037
2731,67.25794840594574
2732,67.39792291367912
2733,67.53789630466235
2734,67.67786841221003
2735,67.81784826813612
2736,67.95782695642966
2737,68.09780462175372
2738,68.23778133502994
2739,68.37775709779248
2740,68.5177318469612
2741,68.6577054587418
2742,68.79768656036154
2743,68.93766668110834
2744,69.07764597784518
2745,69.2176245307889
2746,69.35760234949815
2747,69.49757937918538
2748,69.6375555059825
2749,69.77753861599314
2750,69.9175209618916
2751,70.05750268166912
2752,70.19748384215467
2753,70.33746444559756
2754,70.47744443625025
2755,70.61742370572577
2756,70.7574092263321
2757,70.897394142337
2758,71.03737856972967
2759,71.17736256229013
2760,71.31734611764294
2761,71.4573291831909
2762,71.5973116608649
2763,71.73729956361049
2764,71.87728698168732
2765,72.01727401244362
2766,72.15726070009637
2767,72.29724704091618
2768,72.43723298829322
2769,72.57721845675552
2770,72.71720852632447
2771,72.85719821088483
2772,72.99718759111438
2773,73.13717670297541
2774,73.27716554204193
2775,73.4171540677237
2776,73.5571422065821
2777,73.69713417597814
2778,73.83712584360858
2779,73.97711727472014
2780,74.11710849751758
2781,74.25709950669496
2782,74.39709026686907
2783,74.53708071522824
2784,74.67707431562808
2785,74.81706768095059
2786,74.95706086324022
2787,75.09705388423689
2788,75.23704673818769
2789,75.37703939457005
2790,75.51703437527125
2791,75.65702922737219
2792,75.79702399393928
2793,75.9370186927171
2794,76.0770133191761
2795,76.21700784939242
2796,76.35700224228987
2797,76.49699851932516
2798,76.63699469907971
2799,76.77699080682534
2800,76.91698685008812
2801,77.05698282060409
2802,77.19697869607377
2803,77.33697444139719
2804,77.47697167953858
2805,77.61696882586627
2806,77.75696590134167
2807,77.89696291333004
2808,78.03695985679013
2809,78.17695671539016
2810,78.31695464150314
2811,78.4569525193782
2812,78.59695036798388
2813,78.73694819495078
2814,78.87694599786253
2815,79.01694376549318
2816,79.15694229644308
2817,79.2969408149102
2818,79.43693933261477
2819,79.57693785306752
2820,79.7169363727696
2821,79.85693488229555
2822,79.99693336710229
2823,80.13693242776499
2824,80.27693147647851
2825,80.41693051953902
2826,80.5569295581742
2827,80.69692858919112
2828,80.83692760553937
2829,80.97692700193134
2830,81.11692639498453
2831,81.25692579041066
2832,81.39692519016504
2833,81.53692459299086
2834,81.67692399492643
2835,81.81692364080426
2836,81.95692329239293
2837,82.09692295322051
2838,82.23692262430299
2839,82.37692230461835
2840,82.51692199154226
2841,82.65692182126891
2842,82.79692165982127
2843,82.93692150876811
2844,83.07692136823816
2845,83.21692123728361
2846,83.35692111420562
2847,83.49692105947382
2848,83.63692101205017
2849,83.77692097221471
2850,83.91692093954977
2851,84.05692091318629
2852,84.19692089201988
2853,84.33692088730362
2854,84.47692088554327
2855,84.61692088605744
2856,84.7569208878843
2857,84.89692088992632
2858,85.0369208910703
2859,85.17692087562749
2860,85.31692085589074
2861,85.45692083019433
2862,85.59692079674359
2863,85.73692075366424
2864,85.87692069902403
2865,86.01692061707861
2866,86.15692051985648
2867,86.29692040483376
2868,86.43692026931566
2869,86.5769201103692
2870,86.71691992471625
2871,86.8569197560037
2872,86.99691956050972
2873,87.13691933708856
2874,87.27691908425008
2875,87.4169187999444
2876,87.5569186130051
2877,87.69691840268496
2878,87.83691817299682
2879,87.94164667299282
2880,88.08164641269548
2881,88.22164613894458
2882,88.36164602264954
2883,88.50164590542391
2884,88.64164579479055
2885,88.68195328079933
2886,88.76259269783895
2887,88.84154846349061
2888,88.91926519606453
2889,88.99575625215006
2890,89.07103911561194
2891,89.06006516409836
2892,89.08402334932468
2893,89.1071643976234
2894,89.12985820021578
2895,89.15210749782212
2896,89.10043554587008
2897,89.07952160714832
2898,89.05847616844483
2899,89.03760910015002
2900,89.01691583631163
2901,88.99639388528072
2902,88.9190662632123
2903,88.86608781817661
2904,88.81350141924976
2905,88.76153942051357
2906,88.71019211812118
2907,88.64227143907316
2908,88.58223940198191
2909,88.52286435591631
2910,88.464207728168
2911,88.40625976093729
2912,88.34900998476878
2913,88.27510500481586
2914,88.20923877721386
2915,88.14410924460616
2916,88.07977977792986
2917,88.01623689396104
2918,87.9534687126136
2919,87.87395155632576
2920,87.80261826950402
2921,87.73210068959656
2922,87.66245507326477
2923,87.59366735220203
2924,87.50803830688928
2925,87.43074708939471
2926,87.35434418021396
2927,87.27890784280939
2928,87.20440662234805
2929,87.13082595232224
2930,87.04028545716243
2931,86.95821840980848
2932,86.87709781703423
2933,86.79702191603732
2934,86.7179384245935
2935,86.63983162311878
2936,86.54463396024387
2937,86.4580411375112
2938,86.37244589246713
2939,86.28797862340085
2940,86.20455455444723
2941,86.1221570321959
2942,86.02252491402344
2943,85.93162528158265
2944,85.84186923422824
2945,85.7532239950326
2946,85.66567180314057
2947,85.56502312093417
2948,85.46887766941441
2949,85.37388332990892
2950,85.28020805538964
2951,85.18768503898151
2952,85.09629685979174
2953,84.99541873179597
2954,84.8990013068275
2955,84.80372114287692
2956,84.70981723314965
2957,84.61705282702675
2958,84.52541145512875
2959,84.43487217428202
2960,84.34541147108168
2961,84.25700281118083
2962,84.16993763013372
2963,84.0838986310226
2964,83.99887236585336
2965,83.91859503312733
2966,83.83769378506265
2967,83.75772076069994
2968,83.67904613086813
2969,83.60126394273088
2970,83.52436448966425
2971,83.45173978459002
2972,83.37851092608751
2973,83.30608457430296
2974,83.23492970603127
2975,83.16454842250478
2976,83.09493475216956
2977,83.02920035268882
2978,82.96286920878362
2979,82.89722935960069
2980,82.83284516041154
2981,82.76912918611742
2982,82.70607907398882
2983,82.6464810689818
2984,82.5863261642355
2985,82.52676498068806
2986,82.46844947491323
2987,82.41070989189743
2988,82.3535472962809
2989,82.2993295421021
2990,82.24464715164983
2991,82.19047448553091
2992,82.13753860321056
2993,82.08509952795265
2994,82.03316146612778
2995,81.98783680192489
2996,81.94038592298308
2997,81.89335740383919
2998,81.8475191691404
2999,81.8020777913012
3000,81.75704064880833
3001,81.73158353846857
3002,81.69836378537656
3003,81.6654225487802
3004,81.63351097712098
3005,81.601802592144
3006,81.57030882283908
3007,81.53902445908015
3008,81.53109463746607
3009,81.51351085033694
3010,81.49597937255119
3011,81.47938661036747
3012,81.46275899123856
3013,81.44611177756617
3014,81.45377694558117
3015,81.45107895771483
3016,81.44822773124488
3017,81.44610567650602
3018,81.443751142024
3019,81.44118650191554
3020,81.46414823799388
3021,81.47597497605403
3022,81.48746971252014
3023,81.49948490849415
3024,81.5110885289579
3025,81.5223057018431
3026,81.56036874920429
3027,81.58649239685957
3028,81.61211042052442
3029,81.63802532476177
3030,81.6633507655442
3031,81.68811286563597
3032,81.74124935153836
3033,81.78155078160876
3034,81.8211702535856
3035,81.86084700118188
3036,81.89975322863408
3037,81.93791618342956
3038,82.02650712891202
3039,82.09265316899379
3040,82.15785774197259
3041,82.2227039370403
3042,82.28643454352913
3043,82.34908052172317
3044,82.48701091421272
3045,82.60550801270446
3046,82.72229729326794
3047,82.83793960806157
3048,82.95175737987594
3049,83.063790345216
3050,83.20196510111799
3051,83.34006997779007
3052,83.47809136965341
3053,83.61667101109306
3054,83.75519091221139
3055,83.89365741549014
3056,84.03207062447792
3057,84.17042457630235
3058,84.30870735237256
3059,84.44748872788857
3060,84.5862209323133
3061,84.72490985920447
3062,84.86355584558707
3063,85.00215384125622
3064,85.1406935248726
3065,85.27967237374833
3066,85.41861289264766
3067,85.55752040443878
3068,85.69639536438196
3069,85.83523353565438
3070,85.97402611740716
3071,86.11319785231012
3072,86.25234167793627
3073,86.39146227117199
3074,86.53056014782226
3075,86.66963184640532
3076,86.80867006976689
3077,86.94802675753336
3078,87.08736513844359
3079,87.22668922290462
3080,87.3659995735711
3081,87.505293497762
3082,87.64456520400987
3083,87.78409444358341
3084,87.92361392556442
3085,88.06312698453647
3086,88.20263421208021
3087,88.34213365850768
3088,88.48181047335466
3089,88.62148874223702
3090,88.7611714424896
3091,88.90085936274883
3092,89.04055140474517
3093,89.18024486745797
3094,89.32006477912775
3095,89.45989028152796
3096,89.59972255208095
3097,89.73956147634132
3098,89.87940589759464
3099,90.0193213632727
3100,90.15924386751524
3101,90.2991739684264
3102,90.4391114209392
3103,90.57905540345502
3104,90.71900472218115
3105,90.85898552948986
3106,90.9989708370911
3107,91.1389603933313
3108,91.2789536353966
3109,91.41894982927133
3110,91.55894934675803
3111,91.698949838473
3112,91.83895049176537
3113,91.97895035002941
3114,92.11894839737506
3115,92.25894362384196
3116,92.39892527804803
3117,92.53890145500965
3118,92.67887077855538
3119,92.81883179246512
3120,92.95878295170384
3121,93.09871927136028
3122,93.23864329573681
3123,93.37855325040215
3124,93.51844718061982
3125,93.65832286558663
3126,93.79817769751429
3127,93.9380285484827
3128,94.07785724702228
3129,94.2176615883403
3130,94.3574388458208
3131,94.49718556136061
3132,94.63694837226356
3133,94.77668130377485
3134,94.91638226149506
3135,95.05604828346098
3136,95.19567525142229
3137,95.33534397766611
3138,95.47497678644444
3139,95.61457192436069
3140,95.75412635264423
3141,95.89363540328581
3142,96.0332147361886
3143,96.1727543109002
3144,96.3122527565531
3145,96.45170698263625
3146,96.5911118074575
3147,96.73045950311285
3148,96.86992899483278
3149,97.00934980616941
3150,97.1487196922855
3151,97.28803397788454
3152,97.42728503383255
3153,97.56668487062186
3154,97.70603341247826
3155,97.81456948180278
3156,97.95380899617726
3157,98.09298485576772
3158,98.23233443991309
3159,98.37121815506605
3160,98.27047678600746
3161,98.24779369487095
3162,98.22447980544999
3163,98.20158510179681
3164,98.1788563113683
3165,98.15629417118839
3166,98.0554946335618
3167,97.95464111917956
3168,97.85399071215396
3169,97.75330335175168
3170,97.65257990028387
3171,97.55181796967307
3172,97.45101164542855
3173,97.3504094353638
3174,97.2497787283105
3175,97.14912059013949
3176,97.04843304038855
3177,96.94771089327755
3178,96.84718485326403
3179,96.7466384157187
3180,96.64607292369675
3181,96.54548700932952
3182,96.44487653703213
3183,96.34423448391392
3184,96.24379861403185
3185,96.14334441348619
3186,96.04287286364325
3187,95.94238260564842
3188,95.84186985767535
3189,95.74153130471451
3190,95.64118298496332
3191,95.54082743407723
3192,95.44046510576072
3193,95.3400944164793
3194,95.2398625548661
3195,95.13963208828591
3196,95.03940556448354
3197,94.93918377496672
3198,94.83896595483945
3199,94.73884470261777
3200,94.6387321923918
3201,94.53862976878095
3202,94.43853751353946
3203,94.33845454004565
3204,94.23842059199089
3205,94.13839543559618
3206,94.03837873763281
3207,93.9383694323368
3208,93.83836600871538
3209,93.73836677464534
3210,93.6383686644272
3211,93.53837068347485
3212,93.4383711408429
3213,93.33836828935054
3214,93.23836043571755
3215,93.13836050881213
3216,93.03835474871352
3217,92.9383433102779
3218,92.83832672289726
3219,92.73830572952876
3220,92.63828194889868
3221,92.5382555327309
3222,92.43822886264104
3223,92.33820262855706
3224,92.23817544066125
3225,92.13814373991985
3226,92.03770453611202
3227,91.93721019101415
3228,91.83663196268778
3229,91.73593053271412
3230,91.63505594959378
3231,91.53252453611704
3232,91.42959361644606
3233,91.326117858663
3234,91.22192406187011
3235,91.11681121501216
3236,91.01054989694995
3237,90.8993823881619
3238,90.78640588374472
3239,90.67116408120813
3240,90.55314072759344
3241,90.4317537589552
3242,90.30098782492583
3243,90.16564101854476
3244,90.02477908420697
3245,89.87737179037198
3246,89.72228063209768
3247,89.55431425411784
3248,89.37710383306475
3249,89.18926346464805
3250,88.98931883606227
3251,88.77569183103968
3252,88.5466768559708
3253,88.3062097631999
3254,88.04952767567124
3255,87.77528136026754
3256,87.4820875111322
3257,87.16850617387102
3258,86.8330153344337
3259,86.47398409443608
3260,86.11774042595282
3261,85.73954692108481
3262,85.33915340525587
3263,84.91629804116378
3264,84.47067795795441
3265,84.00192691091327
3266,83.50960042841304
3267,82.99316852617379
3268,82.51060877408368
3269,82.007720831338
3270,81.48618283320317
3271,80.9475017648023
3272,80.39298591131639
3273,79.82373347694079
3274,79.24063445195924
3275,78.64438282134985
3276,78.03549641972852
3277,77.41434206245198
3278,76.78116395219911
3279,76.13611372323709
3280,75.4792808094851
3281,74.81072209202478
3282,74.13048999505422
3283,73.43865836396202
3284,72.84819491710975
3285,72.24599724779411
3286,71.63598969703641
3287,71.02146206549219
3288,70.40507938653185
3289,69.78891990279374
3290,69.17453185132347
3291,68.56300108360206
3292,67.95502314262019
3293,67.35097500281427
3294,66.75098311529551
3295,66.15498561033401
3296,65.56278746082569
3297,64.9741081121075
3298,64.38862156754574
3299,63.80598923045828
3300,63.22588598757276
3301,62.648020118611996
3302,62.07214766316158
3303,61.49808189239437
3304,60.92569853338996
3305,60.35493738473084
3306,59.78580094622332
3307,59.218350662900264
3308,58.65270135293886
3309,58.08901434999181
3310,57.52748984268354
3311,56.968358838624425
3312,56.41187511906052
3313,55.858307485615505
3314,55.30793253517753
3315,54.76102813548319
3316,54.21786771470607
3317,53.67871542525483
3318,53.14382219634584
3319,52.61342265247582
3320,52.08773284586756
3321,51.56694873001367
3322,51.05124528794683
3323,50.54077622190585
3324,50.03567410958101
3325,49.536050934983116
3326,49.04199890808814
3327,48.5535914957364
3328,48.07088459591193
3329,47.59391779773197
3330,47.122715679633735
3331,46.65728910789564
3332,46.19763650645579
3333,45.743745076790816
3334,45.36977490466639
3335,44.99421357832798
3336,44.619838811601326
3337,44.24850017336996
3338,43.88133673527287
3339,43.51896111855407
3340,43.16160912691843
3341,42.80925763809135
3342,42.461715004191404
3343,42.11868862979944
3344,41.779834176822234
3345,41.444790325154514
3346,41.19118840291034
3347,40.933547118190695
3348,40.67459431810476
3349,40.4160828085367
3350,40.15905846379148
3351,39.90407050260064
3352,39.65133061216797
3353,39.40083010524121
3354,39.15242420848614
3355,38.97520205966037
3356,38.793414967481354
3357,38.60958649038155
3358,38.42530070861822
3359,38.241486995831195
3360,38.058632277090915
3361,37.8769336148548
3362,37.696405065082715
3363,37.51695096817168
3364,37.386995140370445
3365,37.25338225456324
3366,37.11796375938955
3367,36.98188631120036
3368,36.84582060703822
3369,36.710125312636606
3370,36.57496023964827
3371,36.440362521236445
3372,36.34821119208826
3373,36.241071309973485
3374,36.16218534185787
3375,36.08194143101046
3376,36.001696104536556
3377,35.92207052424475
3378,35.84341853843586
3379,35.76592261899204
3380,35.68965963556026
3381,35.61464331057497
3382,35.54085113505833
3383,35.46824117625821
3384,35.40632718117536
3385,35.34441225919219
3386,35.282979219597145
3387,35.2222336403612
3388,35.16228274981157
3389,35.10317462374972
3390,35.044923419350425
3391,35.04299219777301
3392,35.018355486479585
3393,34.9943148950172
3394,34.97061911468665
3395,34.94725571398254
3396,34.92531275396462
3397,34.90364348283565
3398,34.8822747402968
3399,34.861201300891906
3400,34.84040999646159
3401,34.81988614410647
3402,34.79961660490175
3403,34.77959079794994
3404,34.75980067835004
3405,34.74024028758011
3406,34.72090520286945
3407,34.70179203717681
3408,34.68289804354844
3409,34.73916418006644
3410,34.76341583560543
3411,34.78774178651931
3412,34.811750086590024
3413,34.835400680212985
3414,34.85866650008202
3415,34.88153237963488
3416,34.9039914951685
3417,34.92604267161794
3418,34.94768838558554
3419,34.96893333080409
3420,34.98978341958394
3421,35.01024511067724
3422,35.02893430202314
3423,35.04746581470642
3424,35.06575184525813
3425,35.08374619405007
3426,35.212284486095136
3427,35.29342030195151
3428,35.37375918407886
3429,35.45283574654056
3430,35.530665750031844
3431,35.607262096445886
3432,35.682638846233935
3433,35.75681056185446
3434,35.82979189836577
3435,35.90159733184479
3436,35.97219144029788
3437,36.04166477554485
3438,36.11002588645907
3439,36.17728543136431
3440,36.24345478582681
3441,36.30854567423877
3442,36.44418727156054
3443,36.5797157789901
3444,36.71512585836363
3445,36.85041113576691
3446,36.98556448894363
3447,37.120578218304544
3448,37.255444136702266
3449,37.3901536024424
3450,37.52608467103929
3451,37.66173927234627
3452,37.79717315450593
3453,37.93242271091101
3454,38.06751023856018
3455,38.20244786626867
3456,38.337069064438595
3457,38.4717162418002
3458,38.60442058529211
3459,38.73504581390007
3460,38.86361469588098
3461,38.99014672243403
3462,39.11466010338378
3463,39.23956050757647
3464,39.36225511612922
3465,39.4828969394447
3466,39.60157797796794
3467,39.718366377856775
3468,39.83331274271364
3469,39.91734378565996
3470,40.0119569750052
3471,40.10493598738633
3472,40.196420774667715
3473,40.28642277762608
3474,40.37495255125311
3475,40.46201907178261
3476,40.550504042323155
3477,40.63729420380595
3478,40.722556200122085
3479,40.80638546592167
3480,40.888849937012345
3481,40.96999730456373
3482,41.01986418559142
3483,41.081202537623874
3484,41.14141730268561
3485,41.20064489065004
3486,41.25888922645242
3487,41.31615340112416
3488,41.37512369821696
3489,41.432895190435026
3490,41.48961509141382
3491,41.54536482238799
3492,41.60020065488093
3493,41.65416050810698
3494,41.676325962084846
3495,41.71079030646299
3496,41.744554339271225
3497,41.77775302366501
3498,41.81038541289314
3499,41.84245031594784
3500,41.87608766909345
3501,41.90898132713944
3502,41.941244052024174
3503,41.972936296278284
3504,42.004098669741936
3505,42.03475748513315
3506,42.03296760548443
3507,42.04426620250458
3508,42.055221109984764
3509,42.065967844891404
3510,42.07650248971843
3511,42.08682155591162
3512,42.09834850970659
3513,42.10954014030862
3514,42.120468333801625
3515,42.131169835691416
3516,42.14166815588219
3517,42.15197750289591
3518,42.129039394479264
3519,42.119959133221734
3520,42.11083582174054
3521,42.10180677382217
3522,42.092865996000334
3523,42.08400856957909
3524,42.075938758346815
3525,42.06788945456349
3526,42.05989282512531
3527,42.051963058873454
3528,42.04410765351517
3529,42.03632968690142
3530,41.99435183922535
3531,41.96699968335539
3532,41.93985941302395
3533,41.91307094440928
3534,41.88662640383314
3535,41.86051950255794
3536,41.834870383954545
3537,41.809542734968126
3538,41.78453636863248
3539,41.7598472239207
3540,41.73546990392237
3541,41.711398503092276
3542,41.65370337310145
3543,41.61070167811276
3544,41.56812516388027
3545,41.526109886075396
3546,41.48464611147068
3547,41.44350776332558
3548,41.40293167992752
3549,41.36289750669071
3550,41.32338972142877
3551,41.28439480250931
3552,41.245901057065275
3553,41.20789836863228
3554,41.139747003949836
3555,41.08507143683171
3556,41.03098597433252
3557,40.97761123683991
3558,40.92493622632424
3559,40.87260932114173
3560,40.821003911819226
3561,40.770091221612354
3562,40.71985078865277
3563,40.6702654398606
3564,40.62132062527095
3565,40.57300381568402
3566,40.49761551174119
3567,40.43458681042824
3568,40.37226711562944
3569,40.31076279446261
3570,40.250061237042964
3571,40.190151255188745
3572,40.13073261062147
3573,40.07212208749146
3574,40.01429189751028
3575,39.957221719756916
3576,39.90089420121644
3577,39.845294258086646
3578,39.76547409400476
3579,39.69693955699524
3580,39.629195860597754
3581,39.562335901820006
3582,39.49634552767542
3583,39.43121193315043
3584,39.366819850616416
3585,39.303281162238335
3586,39.24057686346632
3587,39.17869110881185
3588,39.11760938035606
3589,39.057318140527485
3590,38.99780455507277
3591,38.91668124857056
3592,38.84580868204792
3593,38.775767722211064
3594,38.706639830440245
3595,38.63841016135774
3596,38.57106492851901
3597,38.504745257587565
3598,38.43927753173401
3599,38.374656247027296
3600,38.31087258332121
3601,38.2479165536209
3602,38.185777308522525
3603,38.12444338833268
3604,38.04615386948661
3605,37.97617963148302
3606,37.907045948028276
3607,37.83881431274091
3608,37.771469722835796
3609,37.70499798239881
3610,37.6398103004935
3611,37.575429647235914
3612,37.51186614220449
3613,37.44911931960528
3614,37.38718471936182
3615,37.326055001507605
3616,37.2657208246655
3617,37.20617149633145
3618,37.14739544691693
3619,37.08938056949859
3620,37.032114458559874
3621,36.9755845736361
3622,36.91977834775515
3623,36.865322319391936
3624,36.81149795623889
3625,36.758330383441155
3626,36.705827932536074
3627,36.653992493218524
3628,36.602821383576476
3629,36.55230878576152
3630,36.51344621392775
3631,36.47055589209045
3632,36.428252382577185
3633,36.38647931809385
3634,36.34522749482476
3635,36.30448714699221
3636,36.26424853560938
3637,36.225307189298974
3638,36.186756792578784
3639,36.14863622287734
3640,36.11096243249505
3641,36.073743875796715
3642,36.036983036855396
3643,36.000678334043585
3644,35.99730362236924
3645,35.98058818753696
3646,35.964180276628106
3647,35.94793692790541
3648,35.93185478194981
3649,35.9159288873038
3650,35.90015426725365
3651,35.88540921226386
3652,35.870701328968856
3653,35.85607962909923
3654,35.84156854410164
3655,35.82718291812439
3656,35.8129308975363
3657,35.798816080466345
3658,35.82140626084269
3659,35.828610570617435
3660,35.835801013786934
3661,35.84282201038258
3662,35.84967510754773
3663,35.856359997798805
3664,35.86287627616749
3665,35.87011613640637
3666,35.877080373019844
3667,35.88382319998966
3668,35.89037379121196
3669,35.89675151427577
3670,35.90296888818489
3671,35.909033773365465
3672,35.95577010480368
3673,35.9850344329994
3674,36.013990500726045
3675,36.04246904966841
3676,36.07047620152555
3677,36.098015965864576
3678,36.125092186122934
3679,36.15256365106823
3680,36.1794790530306
3681,36.20589409838507
3682,36.23184061455689
3683,36.25734105801363
3684,36.28241131180957
3685,36.307062761524854
3686,36.37719588192251
3687,36.427444842008335
3688,36.47710985161393
3689,36.52600421020733
3690,36.57413840835827
3691,36.621520541384776
3692,36.66815847433812
3693,36.714835750164745
3694,36.76069698461164
3695,36.805796287787736
3696,36.85016643593263
3697,36.89383182423395
3698,36.936810912006464
3699,36.97911805332521
3700,37.06506399669887
3701,37.131555568672184
3702,37.19722652045399
3703,37.26190018953443
3704,37.32559021269346
3705,37.388307856632295
3706,37.450064100639615
3707,37.5115507209901
3708,37.57202537735968
3709,37.631538662441635
3710,37.69012289150992
3711,37.74780319623754
3712,37.804599547535005
3713,37.8269162128012
3714,37.86264618383613
3715,37.89766957917932
3716,37.9321370178992
3717,37.96605348748759
3718,37.999424928200156
3719,38.03225691081242
3720,38.065113666815016
3721,38.09738473634707
3722,38.12910757713097
3723,38.16030496626982
3724,38.19099395300409
3725,38.221187452650234
3726,38.21603109930104
3727,38.22519579422068
3728,38.23402968470056
3729,38.24268335218231
3730,38.2511565432339
3731,38.259450162153314
3732,38.26756486516458
3733,38.2759548849723
3734,38.28412196003018
3735,38.292092575559074
3736,38.29988149548342
3737,38.307498953534825
3738,38.31495190972648
3739,38.32224502533396
3740,38.29314367049442
3741,38.27926898373697
3742,38.265386376464036
3743,38.25164727218484
3744,38.238046677975106
3745,38.224581059068804
3746,38.21161397223059
3747,38.198738703155854
3748,38.18597270468948
3749,38.173324049646126
3750,38.160797220654835
3751,38.14839411154435
3752,38.13611480761515
3753,38.08617368932175
3754,38.05239123414364
3755,38.0188787227411
3756,37.98579034488195
3757,37.95311731267891
3758,37.920852447616454
3759,37.889286606754055
3760,37.858085551155575
3761,37.82725933368018
3762,37.79681044166789
3763,37.76673849965435
3764,37.73704108254901
3765,37.70771434889604
3766,37.641486337419494
3767,37.59143726872064
3768,37.5418926095848
3769,37.49300123285208
3770,37.444751349277006
3771,37.39713282463289
3772,37.35038745231386
3773,37.304228515315415
3774,37.25866070396715
3775,37.21368230776522
3776,37.16928922002304
3777,37.12547563922202
3778,37.082234612157045
3779,37.00785821083353
3780,36.94749406233264
3781,36.88780553010737
3782,36.82891578546209
3783,36.77081138836428
3784,36.713480356499375
3785,36.65691079784599
3786,36.60135614327195
3787,36.54651180939402
3788,36.492381895439635
3789,36.4389636066654
3790,36.38625155787369
3791,36.334238552031614
3792,36.28291617612374
3793,36.219982608610785
3794,36.16293860489345
3795,36.10660583769236
3796,36.051025342246554
3797,35.99618517604771
3798,35.94207399965776
3799,35.88868057137809
3800,35.83629948543089
3801,35.784579324025884
3802,35.73352766330159
3803,35.683143821069024
3804,35.63342397051914
3805,35.584362106560455
3806,35.53595077194613
3807,35.4881815743391
3808,35.441045549700426
3809,35.394533413890784
3810,35.34863573378921
3811,35.303343041025244
3812,35.258645905208326
3813,35.21453497890147
3814,35.171351821384924
3815,35.128693709398284
3816,35.08657332212931
3817,35.0449934887582
3818,35.003953236729686
3819,34.96344898126616
3820,34.92347540326742
3821,34.93087564096062
3822,34.918906725419355
3823,34.90725899445559
3824,34.89573002446972
3825,34.88431916670314
3826,34.873023666655804
3827,34.86184079207223
3828,34.851152454481195
3829,34.840522703944785
3830,34.82997315490177
3831,34.81951429323315
3832,34.80915224079989
3833,34.79889011737107
3834,34.788729032404085
3835,34.85366016827736
3836,34.88685952074142
3837,34.91985558735252
3838,34.95233486764704
3839,34.98430678151278
3840,35.0157772772662
3841,35.04675221134396
3842,35.07723735065586
3843,35.10766181986476
3844,35.13755510902403
3845,35.16694936503708
3846,35.19586441739963
3847,35.22431519937387
3848,35.252313237002376
3849,35.2798677331951
3850,35.406823861320945
3851,35.49097301814638
3852,35.57429759847251
3853,35.65638822820854
3854,35.73726535798954
3855,35.81694471139376
3856,35.895441771597675
3857,35.97320021357584
3858,36.049756246281206
3859,36.12515107554069
3860,36.19941363574063
3861,36.272567934269844
3862,36.34463448687122
3863,36.40504340329788
3864,36.46889321234244
3865,36.53174743516151
3866,36.593664409665635
3867,36.6546562575045
3868,36.71473513828955
3869,36.77391288432759
3870,36.83220107062114
3871,36.890016813412906
3872,36.94692057149913
3873,37.002947581261054
3874,37.05812182866231
3875,37.11246281949868
3876,37.16598686517337
3877,37.18462052038562
3878,37.21693252188054
3879,37.248602395535215
3880,37.279782420551264
3881,37.31047749235189
3882,37.3406936767235
3883,37.37043680013779
3884,37.40002816573756
3885,37.42912360315308
3886,37.457747118562324
3887,37.48591415179609
3888,37.51363677442201
3889,37.54092465970339
3890,37.56778581408726
3891,37.55875631713584
3892,37.56436877548746
3893,37.56971523968333
3894,37.574948201215484
3895,37.580067091952
3896,37.58507278626244
3897,37.590184008956065
3898,37.59516034418465
3899,37.60001526986598
3900,37.604756458627605
3901,37.609389331345014
3902,37.61391770795022
3903,37.61834430211575
3904,37.58567664924314
3905,37.56861307051754
3906,37.55160058563056
3907,37.53479372761521
3908,37.51818751790764
3909,37.50177857859808
3910,37.485563528605844
3911,37.46967887705544
3912,37.45396688298204
3913,37.43843243915568
3914,37.42307681016821
3915,37.407899885340235
3916,37.392900580940115
3917,37.33939055541425
3918,37.30247489651066
3919,37.265885548290804
3920,37.22978049840339
3921,37.19415096665791
3922,37.15898988356112
3923,37.12429021232765
3924,37.09010887299823
3925,37.05636923292449
3926,37.023068185290064
3927,36.99020108406287
3928,36.95776275112721
3929,36.9257476494374
3930,36.894150016170535
3931,36.822367814582265
3932,36.76822249086784
3933,36.71463961469402
3934,36.66178180791808
3935,36.6096368341228
3936,36.558194352197155
3937,36.507444127356486
3938,36.45737294386485
3939,36.40797684306632
3940,36.359245572014196
3941,36.31116923553273
3942,36.26373817834673
3943,36.216942948426826
3944,36.170774269058114
3945,36.08241790893831
3946,36.01283897515981
3947,35.944031364359475
3948,35.87616410400236
3949,35.809221916797036
3950,35.74319157192806
3951,35.67799326501024
3952,35.61369309921655
3953,35.55027380267785
3954,35.48772035496983
3955,35.4260187586238
3956,35.365155785488255
3957,35.30511878390921
3958,35.2458955387455
3959,35.14524010163268
3960,35.061385344449164
3961,34.97852572038868
3962,34.89680513854794
3963,34.816205849585856
3964,34.73671196071027
3965,34.65824408597325
3966,34.58086341474668
3967,34.50455005550251
3968,34.42928642522281
3969,34.35505601208837
3970,34.2818431047821
3971,34.209632591930884
3972,34.13840981983372
3973,34.03759079007098
3974,33.94430096031477
3975,33.85223577534035
3976,33.76144081255217
3977,33.67189746731014
3978,33.58358803272588
3979,33.49649501978148
3980,33.41063115234061
3981,33.32594874149898
3982,33.242432461345224
3983,33.1600665023526
3984,33.078835013158105
3985,32.998722174146415
3986,32.91971225224568
3987,32.841789639301716
3988,32.76493887846406
3989,32.68914468186792
3990,32.614391942044335
3991,32.540665738846215
3992,32.46795134319434
3993,32.39623421858789
3994,32.32550002105804
3995,32.2559084772593
3996,32.187246908155096
3997,32.119513362913665
3998,32.052700529935635
3999,31.986799054891264
4000,31.92179827546978
4001,31.857686734589457
4002,31.79445252477981
4003,31.77850226046587
4004,31.743701001126034
4005,31.709553707956566
4006,31.675855423173292
4007,31.64260130796655
4008,31.609784573399754
4009,31.577398551880357
4010,31.545436684642958
4011,31.51421337445211
4012,31.483350509314715
4013,31.452864903002222
4014,31.42276254683937
4015,31.393045117106993
4016,31.363711491509807
4017,31.334758777236463
4018,31.306182984822712
4019,31.392782057539502
4020,31.431016627052212
4021,31.469151246469448
4022,31.50670368896143
4023,31.543686338669396
4024,31.58010642075326
4025,31.61597111846866
4026,31.65128754156557
4027,31.68649046720718
4028,31.72109199775669
4029,31.755129796540107
4030,31.788626855296037
4031,31.821600221257157
4032,31.85406303246307
4033,31.88602588504397
4034,31.91749772406877
4035,32.05683179671467
4036,32.19615337138642
4037,32.33546222249988
4038,32.47475757948669
4039,32.614038380364946
4040,32.75330341956682
4041,32.89091169395988
4042,33.02651835634751
4043,33.16064469127372
4044,33.292758393156525
4045,33.422919148085036
4046,33.55117064073046
4047,33.677550002127546
4048,33.802089899929335
4049,33.92481996903471
4050,34.064284314247224
4051,34.20273289051645
4052,34.339166487947594
4053,34.473623601652946
4054,34.60613150666383
4055,34.73671703161836
4056,34.86540652845627
4057,34.992679922337594
4058,35.11805287309915
4059,35.24157912150847
4060,35.36329862170717
4061,35.48324572187356
4062,35.601450877071095
4063,35.71794185947729
4064,35.80137913893232
4065,35.89646599440434
4066,35.9900385821832
4067,36.08225005993864
4068,36.17311790299988
4069,36.262660561677826
4070,36.35089613953409
4071,36.438168637163045
4072,36.52413356012755
4073,36.60882752125714
4074,36.69227769637982
4075,36.774507473160575
4076,36.855537605976366
4077,36.93538704483515
4078,36.981614760774974
4079,37.04047349614941
4080,37.09833235048387
4081,37.15534181896239
4082,37.21151220116606
4083,37.266854983195316
4084,37.321381445316845
4085,37.375269171495155
4086,37.42834638161419
4087,37.480633245522014
4088,37.532145186329515
4089,37.58289573771872
4090,37.632897142613416
4091,37.68216077820166
4092,37.730697436315566
4093,37.77851750359326
4094,37.82563107509568
4095,37.87204802501405
4096,37.917778050234304
4097,37.962830696926865
4098,38.00725720213117
4099,38.051021966457604
4100,38.094136271827246
4101,38.13661009292508
4102,38.17845285585313
4103,38.21967362249738
4104,38.260281211685
4105,38.400280174396684
4106,38.500107763766266
4107,38.59887746720432
4108,38.69621297768928
4109,38.79213855754057
4110,38.886674124287964
4111,38.97982857793352
4112,39.071633920033435
4113,39.162108536818835
4114,39.25127079207882
4115,39.33913889027165
4116,39.42573087551942
4117,39.51106462331444
4118,39.565082054283984
4119,39.63064211783494
4120,39.69511688180358
4121,39.758648243876536
4122,39.82124830305982
4123,39.88293029442842
4124,39.94369935125612
4125,40.00357721278403
4126,40.062576083086036
4127,40.12070818293923
4128,40.17798563101541
4129,40.23442042796415
4130,40.25909253552748
4131,40.29607465122509
4132,40.33237317332572
4133,40.368127902911105
4134,40.40334522102213
4135,40.438032753905894
4136,40.47221390777253
4137,40.50587880265309
4138,40.53903560647065
4139,40.57169198538634
4140,40.603855345997346
4141,40.63553287753647
4142,40.66673158656551
4143,40.665575156788385
4144,40.67748628683643
4145,40.68906643689514
4146,40.700454409468584
4147,40.71165154170105
4148,40.722660519644656
4149,40.73350647827802
4150,40.74416784141199
4151,40.75464834221889
4152,40.76495108504436
4153,40.77507890933097
4154,40.78503446763203
4155,40.761881720215385
4156,40.752542446098936
4157,40.743170147673645
4158,40.733903849985694
4159,40.7247406308565
4160,40.71567902949501
4161,40.706714882987775
4162,40.69785043697173
4163,40.68908401777083
4164,40.68041397735396
4165,40.671838694890575
4166,40.663356607381445
4167,40.62085091416696
4168,40.59291576480639
4169,40.565206180738926
4170,40.537862457577
4171,40.510877960957764
4172,40.48424764304494
4173,40.45793448880006
4174,40.43196961163404
4175,40.40634628069416
4176,40.38105858182277
4177,40.35610096307328
4178,40.3314681858052
4179,40.3071552750658
4180,40.283157473505895
4181,40.259470200200994
4182,40.2360890154906
4183,40.213009592236794
4184,40.190227693260205
4185,40.16769912420155
4186,40.14546474644413
4187,40.123518176308416
4188,40.10185407770524
4189,40.080467555795316
4190,40.05935406861054
4191,40.03850935013374
4192,40.09297165622089
4193,40.11584300234015
4194,40.138670807786355
4195,40.16113992381296
4196,40.18325857341218
4197,40.2050316273493
4198,40.22644371964604
4199,40.24752285157
4200,40.26827249194542
4201,40.28869657077886
4202,40.30879915433034
4203,40.32858439216524
4204,40.46841502261586
4205,40.56168841977419
4206,40.654057056791636
4207,40.74507673501097
4208,40.83477089442425
4209,40.92315794866835
4210,41.010278142420646
4211,41.09612644063979
4212,41.180721689286344
4213,41.26408198939844
4214,41.346225002238945
4215,41.42716799147553
4216,41.56694240695504
4217,41.70670984398688
4218,41.84646992748097
4219,41.98622219240967
4220,42.12596610038526
4221,42.26570105003477
4222,42.405498883114625
4223,42.545283390902036
4224,42.68505698822387
4225,42.82482127565335
4226,42.964577219042596
4227,43.104325296652085
4228,43.24406561543878
4229,43.38379800047256
4230,43.52352206204505
4231,43.66323724476727
4232,43.802942862342256
4233,43.94263812101145
4234,44.08243665388564
4235,44.22221871818949
4236,44.36198818561
4237,44.501747686226736
4238,44.64149887458991
4239,44.781242655834674
4240,44.92097936786638
4241,45.06070892284162
4242,45.20043091392172
4243,45.34014469372762
4244,45.47984943031896
4245,45.61966964583026
4246,45.75947475741805
4247,45.89926888735399
4248,46.039054825155475
4249,46.17883431325748
4250,46.3186082934227
4251,46.45837710628579
4252,46.59814064616004
4253,46.73789847727281
4254,46.87764991856973
4255,47.017394103718225
4256,47.15724767924596
4257,47.2970888852686
4258,47.436921446786044
4259,47.57674788031992
4260,47.716569747825716
4261,47.856387880436
4262,47.99620256157254
4263,48.13601366951573
4264,48.27582078428042
4265,48.41562326513947
4266,48.55551294900854
4267,48.69539431020015
4268,48.835270189136764
4269,48.975142470303304
4270,49.11501228846855
4271,49.254880209719296
4272,49.394746378768815
4273,49.534610632700634
4274,49.67447258528653
4275,49.814331687274496
4276,49.95418726787581
4277,50.0941103314126
4278,50.234027332275424
4279,50.37394037211979
4280,50.51385086050096
4281,50.65375965420574
4282,50.74443627549051
4283,50.88434260516931
4284,51.02424768925555
4285,51.16415123394845
4286,51.304097841585325
4287,51.444041462643774
4288,51.58398338131411
4289,51.72392441476776
4290,51.86386501774276
4291,51.89408799355768
4292,51.970594552484485
4293,52.04549991688284
4294,52.11930597289029
4295,52.192023151341374
4296,52.26369558262766
4297,52.33430822149579
4298,52.40387717988439
4299,52.47241775455195
4300,52.53994481575209
4301,52.49865870126972
4302,52.50214943153254
4303,52.50510095594252
4304,52.50797435512226
4305,52.51076597655099
4306,52.51349693157777
4307,52.516147451656536
4308,52.518719467798626
4309,52.52121447518797
4310,52.42119147169719
4311,52.358259521975
4312,52.295818177082545
4313,52.234226669097346
4314,52.17346919368685
4315,52.11354714754074
4316,52.05443505637446
4317,51.99612199807711
4318,51.93859691763127
4319,51.88184881022805
4320,51.78183889674565
4321,51.68204134823171
4322,51.58363278157908
4323,51.48658152646294
4324,51.39086844491774
4325,51.29648150353448
4326,51.203394739934126
4327,51.11159003724253
4328,51.02104936832158
4329,50.93175489778463
4330,50.83175373161277
4331,50.73175278926066
4332,50.63175203535648
4333,50.53175143288937
4334,50.43174940556855
4335,50.33174756217138
4336,50.231745810602234
4337,50.13174403195579
4338,50.03174209948097
4339,49.93173989423698
4340,49.8317373153499
4341,49.731734284929026
4342,49.63173074870439
4343,49.53172667374181
4344,49.431709178014216
4345,49.33169173471035
4346,49.23167383972789
4347,49.13165506220999
4348,49.03163504524265
4349,48.93161350487293
4350,48.83159022549202
4351,48.73156505173756
4352,48.63153787798447
4353,48.53150863670188
4354,48.431477286793054
4355,48.33141676776488
4356,48.23135565351591
4357,48.13129287030012
4358,48.03122754913124
4359,47.931159000202356
4360,47.831086688527606
4361,47.73101020888803
4362,47.630929260194826
4363,47.530843620193814
4364,47.43075312155174
4365,47.33061730463826
4366,47.23047921894776
4367,47.13033717264426
4368,47.030189831840886
4369,46.93003616262129
4370,46.82987537734586
4371,46.72970688397399
4372,46.62953023875967
4373,46.52934510315207
4374,46.42915120561663
4375,46.32894830873543
4376,46.22867533720978
4377,46.128397996429584
4378,46.02811362955389
4379,45.9278201603437
4380,45.82751598581227
4381,45.7271998803752
4382,45.62687090960869
4383,45.52652835338493
4384,45.426171638586
4385,45.325800281432365
4386,45.2254138390853
4387,45.124924261112994
4388,45.02442715763886
4389,44.92391853458931
4390,44.823395307969164
4391,44.722855121580274
4392,44.62229618774225
4393,44.52171714807324
4394,44.421116953136156
4395,44.320494760124895
4396,44.219849847524934
4397,44.11918154527525
4398,44.018370931209375
4399,43.917548525043834
4400,43.8167087462336
4401,43.71584734439688
4402,43.61496111434904
4403,43.51404765216866
4404,43.413105147376335
4405,43.31213220806961
4406,43.21112771619396
4407,43.11009070991564
4408,43.009020289760144
4409,42.90791554499596
4410,42.806627682782775
4411,42.70532236585302
4412,42.603992251140774
4413,42.502631794817106
4414,42.401236842539944
4415,42.29980428601744
4416,42.19833177739877
4417,42.09681749482651
4418,41.99525995300876
4419,41.89365785276101
4420,41.79200996354685
4421,41.690146109180304
4422,41.58825856527547
4423,41.48633858453673
4424,41.38437968811527
4425,41.28237711684146
4426,41.18032738123097
4427,41.07822789639366
4428,40.97607669002966
4429,40.87387217269587
4430,40.77161296024344
4431,40.669297739085806
4432,40.56692516584858
4433,40.46432319556071
4434,40.3616910028854
4435,40.25901905796278
4436,40.156300381394075
4437,40.05352989212143
4438,39.95070388469917
4439,39.847819615312524
4440,39.74487497867006
4441,39.641868259901834
4442,39.53879794737439
4443,39.43566259407437
4444,39.332460716937604
4445,39.229190725167875
4446,39.12576457226318
4447,39.02229548316774
4448,38.91877673872009
4449,38.815203424758884
4450,38.71157192013344
4451,38.607879499311
4452,38.504124028205624
4453,38.40030373490077
4454,38.296417039660255
4455,38.19246243111037
4456,38.088438377737155
4457,37.98434326586101
4458,37.880175357011545
4459,37.77607118974523
4460,37.67190160198233
4461,37.56766945749429
4462,37.463376584668396
4463,37.359023980422954
4464,37.25461197893464
4465,37.15014038861051
4466,37.045608601337065
4467,36.94101567812324
4468,36.83636041503588
4469,36.73164139294646
4470,36.62685701415997
4471,36.522005528535715
4472,36.4175271901123
4473,36.31295665057549
4474,36.20831113740586
4475,36.10360225835506
4476,35.998837514988374
4477,35.894021451629776
4478,35.789156514736355
4479,35.6842436867769
4480,35.57928294722548
4481,35.47427360275925
4482,35.36921451970844
4483,35.26410428433092
4484,35.15894131045445
4485,35.05372390925275
4486,34.9492275704789
4487,34.84460734341982
4488,34.739898202735596
4489,34.635123471402665
4490,34.53029824224186
4491,34.42543188053587
4492,34.32052982999524
4493,34.21559489963065
4494,34.11062816895996
4495,34.00562961576706
4496,33.90059854431936
4497,33.79553387163997
4498,33.690434314008975
4499,33.58529850429253
4500,33.48012506208906
4501,33.37598097073266
4502,33.27168064203816
4503,33.167277375001575
4504,33.06280613761141
4505,32.958289345161965
4506,32.85374093034467
4507,32.74916917859217
4508,32.64457868244125
4509,32.53997167364799
4510,32.435348919702534
4511,32.330710318088045
4512,32.226055282808424
4513,32.12138298970897
4514,32.01669252706061
4515,31.911982983599415
4516,31.808452875867754
4517,31.70474751383427
4518,31.600932903396917
4519,31.497051502141833
4520,31.39313015023288
4521,31.289185439370094
4522,31.18522731916334
4523,31.081261500049436
4524,30.977291039783644
4525,30.873317379570928
4526,30.76934101177401
4527,30.66536190299307
4528,30.56137975630173
4529,30.4573941689948
4530,30.35340472347328
4531,30.24941103616253
4532,30.147874595872963
4533,30.047564096029106
4534,29.94854867806211
4535,29.85085571987561
4536,29.754494848431214
4537,29.65946442098115
4538,29.56575579563003
4539,29.473356069175992
4540,29.382249820983997
4541,29.301017801278554
4542,29.217393992142707
4543,29.13497610084181
4544,29.053710381081547
4545,28.973580241589023
4546,28.894568898681367
4547,28.816659808315944
4548,28.739836685592458
4549,28.6640835118481
4550,28.590532781449554
4551,28.51779736742213
4552,28.445958657849577
4553,28.375051185521823
4554,28.305090441373526
4555,28.236080233234887
4556,28.168017312997687
4557,28.100894219829378
4558,28.04227757224089
4559,27.981362160474195
4560,27.921322174628454
4561,27.86211360900578
4562,27.803724972946544
4563,27.746144439914772
4564,27.68936026747691
4565,27.6333608402886
4566,27.57813469398394
4567,27.523670526088715
4568,27.4709442103992
4569,27.418750488356334
4570,27.36716876730878
4571,27.316234036983236
4572,27.265963191316846
4573,27.21636233477266
4574,27.16743119916909
4575,27.119165768271014
4576,27.071559839784786
4577,27.02877346449109
4578,26.98486127513428
4579,26.941567395093767
4580,26.89886578005052
4581,26.856748287655176
4582,26.815206601718618
4583,26.774232460850225
4584,26.733817681979232
4585,26.69395417463157
4586,26.655432288981068
4587,26.61726839371676
4588,26.579532666920446
4589,26.542256395277686
4590,26.505455034520264
4591,26.46913482119994
4592,26.433296647526824
4593,26.397938302929894
4594,26.363055776861362
4595,26.3203214799894
4596,26.281586358040904
4597,26.24334436851423
4598,26.205623979256178
4599,26.16841771794972
4600,26.131718467698175
4601,26.09551912973582
4602,26.05981264820615
4603,26.024592024662542
4604,25.98985032816221
4605,25.95558070226606
4606,25.92242875078711
4607,25.889583020402842
4608,25.85710451736111
4609,25.825020079064668
4610,25.793342689584144
4611,25.76207744902244
4612,25.7312249731259
4613,25.700783311159743
4614,25.670749036189928
4615,25.630623524076682
4616,25.5953526081166
4617,25.560517785253595
4618,25.526157492312436
4619,25.492264871863668
4620,25.458833515459634
4621,25.425857024390837
4622,25.393329032793453
4623,25.361243221197167
4624,25.32959332652318
4625,25.298863020260498
4626,25.268436745780797
4627,25.23836208072578
4628,25.20865917820664
4629,25.17933713080008
4630,25.150398873590813
4631,25.12184390569587
4632,25.09366979079021
4633,25.065872993026357
4634,25.03844934861032
4635,24.999396768904766
4636,24.96580268251836
4637,24.932616564369095
4638,24.89988340634704
4639,24.867596487745033
4640,24.835749640949466
4641,24.804336730677633
4642,24.773351668651923
4643,24.74278842146067
4644,24.71264101690391
4645,24.683260986808087
4646,24.65419407700079
4647,24.62547586846875
4648,24.59712053419916
4649,24.569133683729742
4650,24.541516272387472
4651,24.514266713399238
4652,24.48738201459078
4653,24.46085839837326
4654,24.43469164569281
4655,24.395996367629497
4656,24.363118635376146
4657,24.33063649951408
4658,24.298598802574325
4659,24.266998880706655
4660,24.23583067188095
4661,24.205088152467372
4662,24.174765350089686
4663,24.14485635001532
4664,24.115355300476267
4665,24.086256416796797
4666,24.057813801932543
4667,24.029693011196546
4668,24.001920296389272
4669,23.974505196487296
4670,23.947450642949285
4671,23.920756071827636
4672,23.894419056137618
4673,23.8684361614537
4674,23.84280340208554
4675,23.817516489775453
4676,23.779491966263336
4677,23.747358284586046
4678,23.71561015941492
4679,23.684297367661397
4680,23.65341333589965
4681,23.62295210941998
4682,23.5929077776373
4683,23.563274485363845
4684,23.53404643794919
4685,23.505217905634154
4686,23.476987805256396
4687,23.449089280238738
4688,23.4215433598708
4689,23.39435691580871
4690,23.367531298090608
4691,23.34106501545568
4692,23.31495509944198
4693,23.289197800530488
4694,23.263788951053733
4695,23.238724159806022
4696,23.21399892020408
4697,23.18960867296937
4698,23.158842734306923
4699,23.131250464009277
4700,23.104006815603142
4701,23.077135149192355
4702,23.050629964076155
4703,23.024486109226206
4704,22.99869848797241
4705,22.973262063164533
4706,22.948171859211723
4707,22.92342296373926
4708,22.899207705447584
4709,22.87526690633696
4710,22.85162307351472
4711,22.82828392817509
4712,22.80525151007881
4713,22.782525010657285
4714,22.760102167681673
4715,22.737979956810232
4716,22.716154943841833
4717,22.694623470721353
4718,22.673381758294557
4719,22.652425966068726
4720,22.63175222884133
4721,22.61135668024641
4722,22.59123546848475
4723,22.57138476712472
4724,22.551800782642506
4725,22.532479759721735
4726,22.51341798496969
4727,22.49461178949297
4728,22.476057550641542
4729,22.45775169314202
4730,22.439899227697925
4731,22.422225297546298
4732,22.40475682240782
4733,22.38750395486182
4734,22.370470492133524
4735,22.35365711029188
4736,22.337062910495174
4737,22.320686166920435
4738,22.304524700542043
4739,22.288576074283938
4740,22.272837700582357
4741,22.257306904341778
4742,22.249087151949638
4743,22.238051691048447
4744,22.227186664100426
4745,22.21645979964385
4746,22.20586947412315
4747,22.195413766112093
4748,22.18509077633357
4749,22.17489862745494
4750,22.164835465732015
4751,22.154899461891446
4752,22.145317605798173
4753,22.135788731099307
4754,22.126345581318127
4755,22.117001595759938
4756,22.10776297093141
4757,22.09863239286854
4758,22.089610784577474
4759,22.080698136748737
4760,22.071893917661384
4761,22.063197285779506
4762,22.054607206945622
4763,22.04612252340084
4764,22.047197633757804
4765,22.04436003454759
4766,22.04158551045749
4767,22.038833433446523
4768,22.03610392947668
4769,22.03339669913743
4770,22.030711442527565
4771,22.028047858570183
4772,22.025405647091567
4773,22.02278451006368
4774,22.020184152409353
4775,22.017860954138197
4776,22.015477997749166
4777,22.013074312211295
4778,22.010666779784245
4779,22.00826401578154
4780,22.00587065004187
4781,22.003489310910275
4782,22.00112156068157
4783,21.998768354585863
4784,21.996430278264558
4785,21.99410767881034
4786,21.99180074224579
4787,21.999049240014966
4788,22.002262210897335
4789,22.005452046827887
4790,22.008579006394054
4791,22.011644443205146
4792,22.01464926146312
4793,22.017594345472975
4794,22.020480559711572
4795,22.02330875158093
4796,22.026079753223105
4797,22.028794382814493
4798,22.031735486493698
4799,22.034534105851368
4800,22.037234182418352
4801,22.03985531790957
4802,22.04240802723303
4803,22.044898438186497
4804,22.04733046792134
4805,22.049706849058133
4806,22.052029633336105
4807,22.05430045237614
4808,22.0565206617054
4809,22.067848698927136
4810,22.075239517258137
4811,22.082545608871005
4812,22.08972977655556
4813,22.0967942395057
4814,22.103740759946646
4815,22.1105710590373
4816,22.117286819616684
4817,22.1238896908583
4818,22.130381291539333
4819,22.136763212455712
4820,22.14333286922617
4821,22.149704770908222
4822,22.15592518457125
4823,22.162015211064322
4824,22.16798651736887
4825,22.173846187034027
4826,22.179598980273983
4827,22.185248405396344
4828,22.190797247012334
4829,22.196247840264952
4830,22.201602222414273
4831,22.20686222249477
4832,22.220360355153932
4833,22.230229557986
4834,22.239975225653797
4835,22.249564151307684
4836,22.258998982985762
4837,22.268281948305525
4838,22.277415231864783
4839,22.286400977024304
4840,22.295241289619486
4841,22.30393824056555
4842,22.312493867805262
4843,22.3212205742322
4844,22.329715633615372
4845,22.338027020550886
4846,22.346176970730998
4847,22.35417800831707
4848,22.362037893276483
4849,22.369761951738056
4850,22.37735419122875
4851,22.38481785456002
4852,22.39215570866766
4853,22.399370204449525
4854,22.413575910460086
4855,22.424642271511722
4856,22.435562606637202
4857,22.44630921435905
4858,22.45688497340901
4859,22.467292380004203
4860,22.47753387431489
4861,22.48761184508824
4862,22.4975286351021
4863,22.507286545094853
4864,22.516887836716485
4865,22.526645559807307
4866,22.53615813282662
4867,22.545472791290113
4868,22.554611727819758
4869,22.563587615389263
4870,22.57240840601282
4871,22.58107961969354
4872,22.589605451823253
4873,22.597989327862173
4874,22.606234194088525
4875,22.614342678711907
4876,22.627871059010495
4877,22.638909272729087
4878,22.649795299939377
4879,22.66050808600419
4880,22.67105043596643
4881,22.68142484031266
4882,22.69163373223382
4883,22.70167949293826
4884,22.711564457173097
4885,22.72129091724576
4886,22.730861126059203
4887,22.740277299461983
4888,22.749854130642788
4889,22.75918942997062
4890,22.768329521572397
4891,22.77729635335661
4892,22.786102536282304
4893,22.794755997374224
4894,22.80326223006304
4895,22.81162539597012
4896,22.819848881972412
4897,22.82793559391641
4898,22.83961845910542
4899,22.849585455122753
4900,22.859407679044786
4901,22.869071713392124
4902,22.878580122022502
4903,22.887935223367794
4904,22.89713927019049
4905,22.906194458197163
4906,22.915102933459597
4907,22.923866797882823
4908,22.93248811332706
4909,22.940968904769036
4910,22.949611289637993
4911,22.95803026333474
4912,22.966269302435276
4913,22.97434912535238
4914,22.982281675155708
4915,22.9900744482645
4916,22.99773261376335
4917,23.00526006201013
4918,23.012659939230662
4919,23.01993493087691
4920,23.028411076349286
4921,23.036204820519128
4922,23.043874874433314
4923,23.051417641557197
4924,23.058835139898072
4925,23.06612925561126
4926,23.073301814952757
4927,23.080354593336455
4928,23.087289322437734
4929,23.094107695501897
4930,23.10081137136965
4931,23.10740197756781
4932,23.114164019429406
4933,23.120735356995034
4934,23.127155999793704
4935,23.133445009085253
4936,23.139613326234443
4937,23.145667744868177
4938,23.151612875672484
4939,23.15745212706123
4940,23.16318820857544
4941,23.168823398879372
4942,23.171842197163784
4943,23.17583290984884
4944,23.17973842001013
4945,23.1835707446378
4946,23.187330970096333
4947,23.191020232222407
4948,23.19463961633402
4949,23.198190167127738
4950,23.20167289540495
4951,23.20508878323838
4952,23.20843878793535
4953,23.211981179020217
4954,23.215386589273997
4955,23.218690534191254
4956,23.221909747112132
4957,23.225053658382272
4958,23.228127951631066
4959,23.231136334315355
4960,23.234081426171
4961,23.23696521713221
4962,23.239789311713594
4963,23.242555065198015
4964,23.240706987828965
4965,23.240737717326667
4966,23.240731843432535
4967,23.24070920685535
4968,23.240669958630253
4969,23.240614414422208
4970,23.24054285955098
4971,23.240455556700624
4972,23.24035275053135
4973,23.24023467135519
4974,23.240101538004822
4975,23.240233668235025
4976,23.240271844039658
4977,23.240253811672954
4978,23.240196978233275
4979,23.240110841732328
4980,23.2400008408833
4981,23.239870275652375
4982,23.239721272603315
4983,23.239555283048965
4984,23.23937334905902
4985,23.239176251678316
4986,23.23439647131492
4987,23.23154236963551
4988,23.228693149658564
4989,23.22586812554627
4990,23.223066877439173
4991,23.22028915636572
4992,23.217534689327127
4993,23.214803187391073
4994,23.212094350553613
4995,23.209407871572967
4996,23.207092785434835
4997,23.204700074258735
4998,23.202276457286573
4999,23.199843144954315
5000,23.197411451732602
5001,23.194987627700417
5002,23.19257526226624
5003,23.190176489767865
5004,23.187792610533347
5005,23.185424422106024
5006,23.18307240366837
5007,23.18073682393095
5008,23.178417807591135
5009,23.176115378316787
5010,23.17382948773624
5011,23.171560035648866
5012,23.16930688446469
5013,23.167069869700534
5014,23.164848807700203
5015,23.16264350135767
5016,23.160453744382426
5017,23.15871491300379
5018,23.156866887833843
5019,23.154968403912946
5020,23.153046122579127
5021,23.15111430855098
5022,23.149180906193617
5023,23.14725054728653
5024,23.145326053819588
5025,23.143409209950864
5026,23.141501172962293
5027,23.13960270192008
5028,23.13771429149832
5029,23.1603202809923
5030,23.172540790361417
5031,23.184672696967475
5032,23.196614323996453
5033,23.208369460455287
5034,23.219940754001815
5035,23.23133080952642
5036,23.24254218631028
5037,23.25357740250769
5038,23.264438937663687
5039,23.27565022732102
5040,23.286545980080184
5041,23.29719818462505
5042,23.30764092207532
5043,23.31789363197647
5044,23.327968258029763
5045,23.337872789693247
5046,23.34761303610418
5047,23.357193540056223
5048,23.366618065962182
5049,23.37588987198081
5050,23.447488428133404
5051,23.492413476935877
5052,23.53694102183878
5053,23.580813909616495
5054,23.624044101334157
5055,23.666640642324182
5056,23.708612456068593
5057,23.74996833124906
5058,23.79071692946033
5059,23.830866789119167
5060,23.87100083137652
5061,23.910399261663898
5062,23.949142594807466
5063,23.987272347850983
5064,24.0248148165107
5065,24.061788300339884
5066,24.09820676989303
5067,24.134081746331315
5068,24.16942329014352
5069,24.204240537609035
5070,24.238542002903547
5071,24.365232103832295
5072,24.45198298567496
5073,24.537866094873245
5074,24.622502876042027
5075,24.705914859066404
5076,24.788119200209948
5077,24.869132830751884
5078,24.948972435429887
5079,25.02765446271829
5080,25.105195129932948
5081,25.182225093509505
5082,25.257997660629524
5083,25.33259675089514
5084,25.40607031681221
5085,25.478451981733723
5086,25.549767435290146
5087,25.620037860636877
5088,25.689281781614042
5089,25.757516078797707
5090,25.824756560710938
5091,25.9641658207261
5092,26.103558928069333
5093,26.242937074266813
5094,26.38230058567105
5095,26.521649345478895
5096,26.660983011582037
5097,26.80030112781695
5098,26.939603179515053
5099,27.078888620026277
5100,27.21709095314213
5101,27.353181757850273
5102,27.48724928295727
5103,27.61934911441754
5104,27.74952494681441
5105,27.87781339169108
5106,28.004246761610748
5107,28.12885466945388
5108,28.251664961076447
5109,28.39115113554478
5110,28.530622932492818
5111,28.6700806846249
5112,28.809524426032873
5113,28.94895400246424
5114,29.08836913670435
5115,29.227769467298753
5116,29.36715457131842
5117,29.506523977490772
5118,29.646418836250486
5119,29.786216831999006
5120,29.92595288655843
5121,30.06564817890461
5122,30.20531555502987
5123,30.344962760091942
5124,30.4845943974142
5125,30.624213127734482
5126,30.763820408242584
5127,30.903416949791193
5128,31.04300300014155
5129,31.18257851920764
5130,31.322143286985874
5131,31.461696969426534
5132,31.60123915799714
5133,31.740769392788998
5134,31.88028717533677
5135,32.02021020185021
5136,32.16006902908798
5137,32.29988664682984
5138,32.43967747117803
5139,32.5794504428807
5140,32.71921100844513
5141,32.85896238786282
5142,32.99870638676923
5143,33.13844391705389
5144,33.27817533029687
5145,33.417900630643494
5146,33.55761960980974
5147,33.69733193170959
5148,33.83703718448644
5149,33.97673491148982
5150,34.116689591994685
5151,34.25660895840184
5152,34.39650595815508
5153,34.53638884848672
5154,34.67626278698031
5155,34.81613090542056
5156,34.95599502312908
5157,35.09585611630864
5158,35.23571462499152
5159,35.37557065280893
5160,35.51542409626322
5161,35.65527472765574
5162,35.79512224752924
5163,35.9349663170474
5164,36.07494623642305
5165,36.21491017677501
5166,36.35486433153422
5167,36.49481266754065
5168,36.63475764746792
5169,36.774700740843485
5170,36.914642772568115
5171,37.054584155246
5172,37.19452504178831
5173,37.33446542462139
5174,37.47440519962134
5175,37.614344206901166
5176,37.75428225643803
5177,37.89421914376434
5178,38.034213876745085
5179,38.174203027649725
5180,38.31418899259069
5181,38.45417328981486
5182,38.594156837668656
5183,38.73414016052389
5184,38.874123531872165
5185,39.014107069663176
5186,39.15409079796566
5187,39.29407468597382
5188,39.43405867224681
5189,39.574042679523004
5190,39.71402662359459
5191,39.85402607798304
5192,39.994024504923956
5193,40.13402246788165
5194,40.274020299591136
5195,40.414018178976775
5196,40.55401618949296
5197,40.694014359236384
5198,40.834012686613534
5199,40.974011155771656
5200,41.11400974530899
5201,41.25400843283912
5202,41.394007197143274
5203,41.53400692814617
5204,41.67400669856661
5205,41.81400652171491
5206,41.95400639145535
5207,42.09400629197029
5208,42.234006204698105
5209,42.3740061124538
5210,42.51400600138621
5211,42.65400586151241
5212,42.79400568644163
5213,42.93400547272147
5214,43.07400521907872
5215,43.21400466382955
5216,43.35400408821551
5217,43.49400348239778
5218,43.63400283917511
5219,43.77400215345513
5220,43.9140014217547
5221,44.05400064174835
5222,44.19399981187733
5223,44.33399893102367
5224,44.473997998247356
5225,44.613997012579816
5226,44.75399675547484
5227,44.89399641755887
5228,45.0339960300983
5229,45.173995614925005
5230,45.31399518637408
5231,45.453994753185775
5232,45.593994320111754
5233,45.733993889161326
5234,45.87399346051483
5235,46.013993033165036
5236,46.15399260535215
5237,46.29399252960311
5238,46.433992455608966
5239,46.57399239446859
5240,46.7139923491821
5241,46.853992317336335
5242,46.9939922936527
5243,47.133992271921315
5244,47.273992246249044
5245,47.41399221172622
5246,47.553992164671
5247,47.693992102604064
5248,47.833990848307444
5249,47.973989646284565
5250,48.11398844719338
5251,48.2539872068163
5252,48.393985886567
5253,48.533984453991685
5254,48.67398288284069
5255,48.81398115265499
5256,48.95397924797321
5257,49.09397715730968
5258,49.233972815513326
5259,49.373968377327714
5260,49.51396375375644
5261,49.65395887045055
5262,49.79395366588395
5263,49.9339480895375
5264,50.07394209995761
5265,50.21393566270965
5266,50.35392874830266
5267,50.49392133016489
5268,50.6339122403472
5269,50.77390270681381
5270,50.91389266131077
5271,51.053882044363256
5272,51.19387080293258
5273,51.333858888177296
5274,51.473846253321504
5275,51.6138328516352
5276,51.75381863452274
5277,51.89380354970276
5278,52.03378939936586
5279,52.173774367577536
5280,52.313758472646576
5281,52.4537417175136
5282,52.593724089894636
5283,52.73370556260021
5284,52.87368609385919
5285,53.01366562752304
5286,53.1536440930583
5287,53.29362713301431
5288,53.4336090166784
5289,53.57358988468538
5290,53.713569828728986
5291,53.853548896652256
5292,53.99352709778474
5293,54.13350440786416
5294,54.27348077318936
5295,54.41345611384543
5296,54.55343032595293
5297,54.69341326210389
5298,54.8333949251406
5299,54.97337558423886
5300,55.11335542375375
5301,55.11170771943806
5302,55.21177812805557
5303,55.30935456228607
5304,55.4055155353459
5305,55.500270455728206
5306,55.59365080528307
5307,55.68566438851331
5308,55.77633104732577
5309,55.865670110453735
5310,55.76565512532374
5311,55.70507156705424
5312,55.64492107824441
5313,55.58558773191801
5314,55.527055975776086
5315,55.46932415566787
5316,55.4123711047643
5317,55.35618621433829
5318,55.30075881602474
5319,55.2007525652744
5320,55.100746592142244
5321,55.000740898556806
5322,54.900735459362195
5323,54.80073023321884
5324,54.70072923710997
5325,54.600728327374256
5326,54.500727606486116
5327,54.40072710781648
5328,54.300726817522225
5329,54.200726694690566
5330,54.10072668725949
5331,54.00072674309149
5332,53.90072681662716
5333,53.80072307760365
5334,53.70071937365645
5335,53.60071553453528
5336,53.50071138329618
5337,53.40070675004464
5338,53.300701483064344
5339,53.20069545565981
5340,53.10068856865089
5341,53.00068074928084
5342,52.90066364768587
5343,52.80064581698092
5344,52.70062691722271
5345,52.6006066594342
5346,52.50058480444823
5347,52.40056115960229
5348,52.3005355731849
5349,52.200507927133934
5350,52.10047812869662
5351,52.00044610173725
5352,51.900412798919895
5353,51.80037743586812
5354,51.700340010820675
5355,51.600300519029965
5356,51.50025894754827
5357,51.40021527113164
5358,51.30016944908728
5359,51.20012142286389
5360,51.10007111418005
5361,51.00001842349483
5362,50.89998537068211
5363,50.79994957340825
5364,50.6999117739661
5365,50.59987251313333
5366,50.4998321574465
5367,50.39979092959763
5368,50.29974893737345
5369,50.19970619889523
5370,50.09966266338511
5371,49.99964905676237
5372,49.89963389528256
5373,49.7996182328833
5374,49.69960275094168
5375,49.59958784212887
5376,49.49957369197889
5377,49.399560347519284
5378,49.2995477697926
5379,49.19953587113991
5380,49.09952453991311
5381,48.99951365573329
5382,48.899508200496584
5383,48.79950342856251
5384,48.699499413934994
5385,48.59949597662584
5386,48.49949278110807
5387,48.399489431102985
5388,48.29948554153788
5389,48.19948078343071
5390,48.0994749049572
5391,47.999467734820904
5392,47.89938623123864
5393,47.799307480179394
5394,47.69922854410382
5395,47.59914683664532
5396,47.49906016308424
5397,47.39896675042131
5398,47.298865246524194
5399,47.198754687896056
5400,47.09863444435917
5401,46.99850415112355
5402,46.89817104009367
5403,46.79783945135767
5404,46.69750169889524
5405,46.59715160100151
5406,46.49678431921232
5407,46.39639620048933
5408,46.29598460448376
5409,46.195547718476774
5410,46.095084370280716
5411,45.99459385001667
5412,45.894075749125726
5413,45.79320713652546
5414,45.69233367379847
5415,45.591442247199886
5416,45.49052266818378
5417,45.3895671909901
5418,45.28857007789946
5419,45.18752719517022
5420,45.08643563997661
5421,44.98529340415049
5422,44.88409908007748
5423,44.78285161129335
5424,44.68117339778577
5425,44.579473766348976
5426,44.477736556505484
5427,44.37594946955157
5428,44.27410330568021
5429,44.172191297070825
5430,44.07020852377944
5431,43.968151408344006
5432,43.86601728683993
5433,43.763804052807714
5434,43.66150986833428
5435,43.558825142368455
5436,43.45609402497399
5437,43.353301835507175
5438,43.25043751326016
5439,43.147492791547336
5440,43.04446149820745
5441,42.9413389691006
5442,42.83812156363856
5443,42.734806271501235
5444,42.63139039917341
5445,42.527871324593725
5446,42.42412804135218
5447,42.32030965129931
5448,42.21640778272565
5449,42.11241602793927
5450,42.008329394424756
5451,41.9041438593397
5452,41.79985601321142
5453,41.695462779396976
5454,41.59096119664655
5455,41.48634825309262
5456,41.381620761158736
5457,41.276775264164485
5458,41.17199268286213
5459,41.06710255726346
5460,40.96210760735512
5461,40.85700928517179
5462,40.751807942646906
5463,40.646502986154495
5464,40.54109301313869
5465,40.435575928885484
5466,40.329949043243246
5467,40.22420914818506
5468,40.11835257771748
5469,40.01237525192272
5470,39.90627270698121
5471,39.80063242470288
5472,39.69484617628083
5473,39.58893300985506
5474,39.48290575760527
5475,39.376772445045795
5476,39.27053743683815
5477,39.16420234810779
5478,39.05776675541812
5479,38.95122874135672
5480,38.84458530382581
5481,38.73783265716552
5482,38.63096644803977
5483,38.52490876652919
5484,38.41868173328626
5485,38.312319740694505
5486,38.2058460576716
5487,38.09927564260246
5488,37.992617351606114
5489,37.88587563751617
5490,37.77905183440333
5491,37.67214511279299
5492,37.565153177924394
5493,37.45807277046324
5494,37.350900017355976
5495,37.243630670468555
5496,37.136260262323496
5497,37.030132265382505
5498,36.9237969950494
5499,36.81730999203697
5500,36.71070873649243
5501,36.604017563918
5502,36.497251408957716
5503,36.390418603570104
5504,36.28352293523238
5505,36.176565138142465
5506,36.06954395676423
5507,35.96245689101921
5508,35.855300707343225
5509,35.74807177965233
5510,35.64076630839762
5511,35.534994529331165
5512,35.42899377730647
5513,35.32283616039631
5514,35.21656975832055
5515,35.11022562632553
5516,35.003822954783196
5517,34.897372809185235
5518,34.79088080339719
5519,34.68434898465344
5520,34.57777714353163
5521,34.471163709107685
5522,34.3645063480906
5523,34.257802355161644
5524,34.15104889800359
5525,34.04591564485793
5526,33.94054976495214
5527,33.83503223646243
5528,33.72941629782347
5529,33.62373604916634
5530,33.51801257843118
5531,33.41225826820457
5532,33.30647978819182
5533,33.20068014975662
5534,33.094860097830875
5535,32.98901903903773
5536,32.883155648354794
5537,32.7772682554238
5538,32.67135508180128
5539,32.56541437901846
5540,32.45944450200364
5541,32.35512905966484
5542,32.25057251412578
5543,32.145864734173195
5544,32.04106384166298
5545,31.93620670457817
5546,31.831316125719216
5547,31.7264057230862
5548,31.621483213863904
5549,31.516552602885323
5550,31.411615624558742
5551,31.306672679779712
5552,31.201723434049274
5553,31.096767190567228
5554,30.991803115688995
5555,30.88683036900212
5556,30.78184817299396
5557,30.678359217928076
5558,30.57464430482168
5559,30.470792423951522
5560,30.366859899500497
5561,30.262881920132443
5562,30.158880108881934
5563,30.054867467806233
5564,29.950851588712833
5565,29.846836722866595
5566,29.742825103136035
5567,29.6388177790409
5568,29.53481513658573
5569,29.430817215847366
5570,29.326823900173878
5571,29.222835024965303
5572,29.118850436940377
5573,29.014870023601127
5574,28.912146528201767
5575,28.809220083531912
5576,28.706174787607686
5577,28.60306242271272
5578,28.499914696836324
5579,28.39808617076974
5580,28.29768816072299
5581,28.19870574777064
5582,28.09554484306122
5583,27.993677654660914
5584,27.89325677363243
5585,27.79426043924114
5586,27.696668655193612
5587,27.600461510377446
5588,27.505619262966743
5589,27.412122380350443
5590,27.31995156302804
5591,27.22908775834415
5592,27.140523574611745
5593,27.053011343900465
5594,26.96662683628756
5595,26.881399468951
5596,26.797339791765
5597,26.714447203854796
5598,26.632714596133535
5599,26.55213109436925
5600,26.472683680789284
5601,26.38279744644791
5602,26.298928069136316
5603,26.21619817096168
5604,26.134640674289244
5605,26.054238708257696
5606,25.974976017929052
5607,25.896836485490873
5608,25.819804157818606
5609,25.74386326176212
5610,25.668998214549454
5611,25.59604514401759
5612,25.523932800463246
5613,25.452736303236183
5614,25.382485151480626
5615,25.313190396619092
5616,25.244852700790428
5617,25.17746689546709
5618,25.11102453419348
5619,25.04551533196731
5620,24.98092798372779
5621,24.917109670693055
5622,24.854249095609102
5623,24.79227472716143
5624,24.73117489671805
5625,24.67093737582671
5626,24.61155002870265
5627,24.553000830800105
5628,24.495277885121304
5629,24.438369432909422
5630,24.38299713356043
5631,24.32822391085937
5632,24.274125527878063
5633,24.220732363923734
5634,24.168056721101003
5635,24.116101174730687
5636,24.06486303111675
5637,24.0143367009464
5638,23.964514981163155
5639,23.9153897602409
5640,23.866952415623167
5641,23.81919404438073
5642,23.772105601674664
5643,23.72567798690003
5644,23.679902099166
5645,23.634768874130113
5646,23.590269309045627
5647,23.546394480072042
5648,23.5031355543337
5649,23.46048379831262
5650,23.418430583627035
5651,23.377641139560343
5652,23.33724324807504
5653,23.297317235642783
5654,23.257895845631985
5655,23.218993282482657
5656,23.18061420219684
5657,23.142758253485948
5658,23.105422382596856
5659,23.068602030120406
5660,23.03229177143677
5661,22.996485672804237
5662,22.961177498457896
5663,22.94653592308411
5664,22.923811312610486
5665,22.90148288048022
5666,22.879460238894627
5667,22.85773998474352
5668,22.83631784913805
5669,22.815189609480075
5670,22.79435109017032
5671,22.773798167555984
5672,22.753526772306156
5673,22.734167327217538
5674,22.71489426834106
5675,22.69579322907005
5676,22.676900593400777
5677,22.658233957134783
5678,22.639801542344895
5679,22.621606755018032
5680,22.60365041689899
5681,22.585931892620962
5682,22.5684496825049
5683,22.551201750459573
5684,22.53418571597039
5685,22.544281043885306
5686,22.543187116098583
5687,22.542207519234672
5688,22.541227657082935
5689,22.540248774285235
5690,22.539270894448418
5691,22.538294029326774
5692,22.53731817705467
5693,22.536343327766588
5694,22.53536946670302
5695,22.53499802947697
5696,22.534448022776775
5697,22.533806344177567
5698,22.53311156411545
5699,22.53238398952418
5700,22.53163491504331
5701,22.530871024947324
5702,22.530096519272067
5703,22.529314177100357
5704,22.528525912978406
5705,22.52773308470226
5706,22.526936674345293
5707,22.558458183723047
5708,22.57625283085225
5709,22.593914330000004
5710,22.6113087048924
5711,22.62844120949719
5712,22.645315585596936
5713,22.66193551311205
5714,22.678304606485707
5715,22.69442642089223
5716,22.710304455914194
5717,22.725942158001764
5718,22.74192645113204
5719,22.757506343988236
5720,22.7727676398783
5721,22.78775041380028
5722,22.802477379044184
5723,22.816962593099717
5724,22.831215634896793
5725,22.845243639438348
5726,22.859052323122135
5727,22.872646523398675
5728,22.886030498231907
5729,22.937207138693747
5730,22.972046361024653
5731,23.006532122984577
5732,23.040509753114872
5733,23.073988203996826
5734,23.106974600704227
5735,23.139475948784117
5736,23.171499132580777
5737,23.20305092460338
5738,23.234137991502006
5739,23.264766898294575
5740,23.295441214081052
5741,23.32553078224833
5742,23.355108325768978
5743,23.384210292085807
5744,23.412859107126824
5745,23.441070000400135
5746,23.468854380634102
5747,23.496221524971514
5748,23.52317944949732
5749,23.549735374633634
5750,23.619621353805943
5751,23.670553343749944
5752,23.72092535742316
5753,23.770561568384263
5754,23.819474385167332
5755,23.867674082345783
5756,23.915170767101387
5757,23.961974378186238
5758,24.008094697221132
5759,24.053541355878487
5760,24.09832384095157
5761,24.142788709459367
5762,24.186519097175584
5763,24.229565654045405
5764,24.271956828006637
5765,24.31371224477666
5766,24.35484679456429
5767,24.395372748628745
5768,24.435300861693623
5769,24.47464095937992
5770,24.513402260048576
5771,24.501846192058725
5772,24.51084976911378
5773,24.519501365409592
5774,24.52801563394475
5775,24.53639269131763
5776,24.544634746543338
5777,24.552743900455752
5778,24.56072217465839
5779,24.568571520230005
5780,24.576293826554227
5781,24.584025317459798
5782,24.59159956739704
5783,24.59903400643349
5784,24.606337838021563
5785,24.613516954674722
5786,24.620575437026037
5787,24.627516356193272
5788,24.63434220267333
5789,24.641055119407962
5790,24.64765703109294
5791,24.654149717815653
5792,24.60614411439783
5793,24.58112544710661
5794,24.556222647822086
5795,24.531663149601084
5796,24.507439976079723
5797,24.483548574479975
5798,24.459984397116813
5799,24.43674292436972
5800,24.413819667934316
5801,24.391210175775573
5802,24.368842122863448
5803,24.34679895516863
5804,24.32506765086277
5805,24.30363974046968
5806,24.282508637541643
5807,24.261668804001914
5808,24.241115303847664
5809,24.220843565101223
5810,24.200849250771196
5811,24.181128187340743
5812,24.101206569567015
5813,24.047225286753125
5814,23.993750608621674
5815,23.941029936699962
5816,23.88905015814725
5817,23.837800949571623
5818,23.787272080444723
5819,23.737453433948144
5820,23.688335007334743
5821,23.639906914939715
5822,23.592016861212525
5823,23.544839769053127
5824,23.498347043068893
5825,23.452520283857968
5826,23.40734524820275
5827,23.362809945867284
5828,23.31890365521442
5829,23.275616413923803
5830,23.23293875012187
5831,23.190861536292502
5832,23.14937590680046
5833,23.073855247509133
5834,23.013608661231913
5835,22.954068799088923
5836,22.8953713075983
5837,22.837502773099466
5838,22.780451469926238
5839,22.724205814758186
5840,22.66875437690903
5841,22.614085876767323
5842,22.560189185686315
5843,22.507053326071325
5844,22.454573163745962
5845,22.40286223947434
5846,22.35189589372019
5847,22.3016573372056
5848,22.252132917294055
5849,22.203310622780748
5850,22.155179358104462
5851,22.10772858765399
5852,22.06094815568393
5853,22.01482819083041
5854,21.969359052376614
5855,21.924531297872914
5856,21.880335662220322
5857,21.836763043277877
5858,21.79380449142257
5859,21.751451201649648
5860,21.709694507388765
5861,21.668525875524125
5862,21.627936902282823
5863,21.587919309761546
5864,21.548464942929094
5865,21.5095657669875
5866,21.47121386500592
5867,21.43341948717012
5868,21.396151197858387
5869,21.359404254115862
5870,21.323172386392308
5871,21.2874488344134
5872,21.252226663713387
5873,21.21749890703226
5874,21.183258628180003
5875,21.149498951783052
5876,21.11621307767811
5877,21.083394288147456
5878,21.051035951638045
5879,21.037081230076314
5880,21.01595123589329
5881,20.99518944849759
5882,20.97471501039716
5883,20.954524548997327
5884,20.934613977162453
5885,20.91497928422344
5886,20.89561652489813
5887,20.876521816683276
5888,20.85769133756525
5889,20.83912132409555
5890,20.820974879781154
5891,20.8030240659045
5892,20.785294747426434
5893,20.767795502170728
5894,20.750528823209688
5895,20.733494491830328
5896,20.71669101663879
5897,20.700116265711745
5898,20.683767761011985
5899,20.667642826738252
5900,20.651738671179285
5901,20.63605243600339
5902,20.620581228105344
5903,20.63860694122485
5904,20.64270670980416
5905,20.646877760986126
5906,20.650978909770004
5907,20.655012533637965
5908,20.65897955382948
5909,20.66288090250056
5910,20.666717504935942
5911,20.670490278021
5912,20.674200129200536
5913,20.67784795582631
5914,20.681767296643766
5915,20.685511277567056
5916,20.689140608995938
5917,20.69268035793691
5918,20.69614319870289
5919,20.699536311604646
5920,20.702864267138697
5921,20.706130274271718
5922,20.709336757097
5923,20.71248564527935
5924,20.715578535385955
5925,20.718616789144157
5926,20.721601597793903
5927,20.76100683020047
5928,20.784872235711795
5929,20.808539278229784
5930,20.831857252085815
5931,20.854832675877425
5932,20.87747040164233
5933,20.899775228208146
5934,20.921751885671902
5935,20.943405036647686
5936,20.964739277389036
5937,20.985759138894903
5938,21.00695640168027
5939,21.027685035077283
5940,21.04803359248306
5941,21.068040821438636
5942,21.087727961833828
5943,21.10710835404508
5944,21.12619152503863
5945,21.144984984378357
5946,21.163495063127353
5947,21.18172733827396
5948,21.19968686805956
5949,21.217378334572
5950,21.234806136683357
5951,21.31175752731761
5952,21.363068040326773
5953,21.413884867939743
5954,21.463963406267336
5955,21.51331666610988
5956,21.561954883557505
5957,21.60988817252763
5958,21.657126502496435
5959,21.70367970167959
5960,21.7495574592757
5961,21.79476932745447
5962,21.839938741617654
5963,21.884270266085977
5964,21.927869077099878
5965,21.970784954406124
5966,22.013047554953925
5967,22.054677022910198
5968,22.095688738007325
5969,22.136095498856697
5970,22.175908577465187
5971,22.215138261603542
5972,22.253794155120726
5973,22.291885357422757
5974,22.431279936497457
5975,22.52838324039709
5976,22.624498504635206
5977,22.719226607519026
5978,22.81259136047291
5979,22.90461194174903
5980,22.995307278952016
5981,23.084696023922337
5982,23.172796562701475
5983,23.259627021043528
5984,23.345889838894823
5985,23.430731020313143
5986,23.514258662000127
5987,23.596530598913688
5988,23.677585540349302
5989,23.7574524393946
5990,23.836155043631248
5991,23.913714148114085
5992,23.990148750769904
5993,24.065476669973993
5994,24.139714890999578
5995,24.27915889690412
5996,24.418586361467145
5997,24.557998905042165
5998,24.697397095127386
5999,24.83678098685838
6000,24.97615038402638
6001,25.11550496505837
6002,25.254844343385326
6003,25.393087999859794
6004,25.529335696838587
6005,25.664335411916866
6006,25.79724297529389
6007,25.928160691480166
6008,26.05715111409615
6009,26.184261038546644
6010,26.309528421432287
6011,26.4329861017132
6012,26.554663822024725
6013,26.674589352348587
6014,26.792789129051453
6015,26.87148113151602
6016,26.964546777467582
6017,27.056113163674702
6018,27.146360905863723
6019,27.235307276984756
6020,27.32297085108058
6021,27.409369852676384
6022,27.494522191371136
6023,27.5784454765571
6024,27.661778394574398
6025,27.743796818199037
6026,27.824572222404182
6027,27.90414802755777
6028,27.982556493215004
6029,28.05982325448594
6030,28.135969950603446
6031,28.21101574916212
6032,28.284978243398285
6033,28.318133515780346
6034,28.36710651657109
6035,28.41520342693117
6036,28.462604134335244
6037,28.509316981883213
6038,28.555351832623437
6039,28.60071833912485
6040,28.645425979189124
6041,28.68948406830849
6042,28.733282074059797
6043,28.77638582575221
6044,28.81883333029347
6045,28.86064735857365
6046,28.901844853832284
6047,28.942439287648924
6048,28.982442029718282
6049,29.0218631463249
6050,29.01870466128012
6051,29.032812632634105
6052,29.046533540806703
6053,29.060049786588383
6054,29.073362587522645
6055,29.086474902798695
6056,29.09938959942324
6057,29.112109485032477
6058,29.124637316339168
6059,29.137043047331428
6060,29.149261328279735
6061,29.16129669101071
6062,29.173151725792984
6063,29.184828698747573
6064,29.19632983516979
6065,29.207657396842635
6066,29.218813686338674
6067,29.185106856337608
6068,29.170203872620085
6069,29.15531559504611
6070,29.14062982197519
6071,29.126141773835997
6072,29.111848672676633
6073,29.09774776366017
6074,29.083836332887163
6075,29.070111705666413
6076,29.05634635850837
6077,29.04281832161412
6078,29.02950252697177
6079,29.01638388735085
6080,29.003451910604422
6081,28.990699146633165
6082,28.97812010389363
6083,28.965710535382595
6084,28.953466978541485
6085,28.89342259468247
6086,28.85389719795923
6087,28.81472196433168
6088,28.77609363826063
6089,28.738002405604725
6090,28.700440687245354
6091,28.66340100189617
6092,28.626875977380855
6093,28.59045067730334
6094,28.554617663527118
6095,28.519331709230517
6096,28.48456549056079
6097,28.450299490030904
6098,28.4165191692872
6099,28.38321311869337
6100,28.350371889924258
6101,28.317987267254434
6102,28.24164183508415
6103,28.184589523941135
6104,28.128151215483477
6105,28.072504924430707
6106,28.0176374980181
6107,27.963537926229293
6108,27.910195351532362
6109,27.85759907322926
6110,27.805378211610062
6111,27.753964988270322
6112,27.70331472377214
6113,27.65339938758352
6114,27.604198088837375
6115,27.555694372080758
6116,27.50787452284921
6117,27.460726534582722
6118,27.414239481695237
6119,27.36840314029891
6120,27.323207759120926
6121,27.27864392115686
6122,27.23470245998499
6123,27.19137440893753
6124,27.148650969988967
6125,27.10652349446219
6126,27.064983470812585
6127,27.024022516650938
6128,26.983511004592167
6129,26.943591602811992
6130,26.90424399328581
6131,26.865453999459092
6132,26.827210080433712
6133,26.78950230780247
6134,26.752321750898478
6135,26.715660114008852
6136,26.679509521851507
6137,26.64386239224626
6138,26.62280197485325
6139,26.596248869391392
6140,26.57012083293492
6141,26.544352422803183
6142,26.518939021421275
6143,26.49387548089659
6144,26.469156743597775
6145,26.444777832982624
6146,26.4207338507446
6147,26.397170805597096
6148,26.373899345775126
6149,26.35092982522689
6150,26.32826512454896
6151,26.30590510881768
6152,26.28384791839691
6153,26.26209071809232
6154,26.240630126504527
6155,26.21946246336744
6156,26.198583892813406
6157,26.320821722384395
6158,26.382707481848662
6159,26.444295044235744
6160,26.50498736566382
6161,26.56480282889042
6162,26.623753386426966
6163,26.68185090754113
6164,26.739107126325663
6165,26.795533644396144
6166,26.851438173529218
6167,26.90647156700806
6168,26.960673904471978
6169,27.01407064300853
6170,27.066681219349665
6171,27.11852149911417
6172,27.169605198855812
6173,27.219944705389338
6174,27.269551552423117
6175,27.408997182309232
6176,27.548429660544134
6177,27.687849653518633
6178,27.827257138564928
6179,27.966651743098435
6180,28.1060329246892
6181,28.2454000641735
6182,28.384752511475142
6183,28.524089605990238
6184,28.66375540791819
6185,28.803347827452438
6186,28.942186640823834
6187,29.07899808189994
6188,29.213832579814845
6189,29.34672305456602
6190,29.47769998717992
6191,29.60679214054424
6192,29.734027082642992
6193,29.82551984186207
6194,29.929603140455253
6195,30.032043816494706
6196,30.133007688454086
6197,30.23251403999719
6198,30.330583290874184
6199,30.427235511626222
6200,30.52249044943292
6201,30.61670743285487
6202,30.709508834842232
6203,30.800939599918607
6204,30.891031923179398
6205,30.979812675460057
6206,31.06730523191749
6207,31.153530663825332
6208,31.238508497624448
6209,31.28683228369224
6210,31.348981735435235
6211,31.41007934297797
6212,31.470288965694373
6213,31.529621487782766
6214,31.5880890950515
6215,31.64570373418833
6216,31.70247714498841
6217,31.758709282819026
6218,31.814078189294356
6219,31.86861586217504
6220,31.922344300278393
6221,31.975281371416944
6222,32.02744218325266
6223,32.07884000899295
6224,32.1294868937764
6225,32.14220036358668
6226,32.16997244819629
6227,32.19717513661485
6228,32.22397283736529
6229,32.25036948151293
6230,32.27637049246934
6231,32.3019811625054
6232,32.32720668212363
6233,32.35227537448204
6234,32.37693581590284
6235,32.40120852022175
6236,32.42510661569964
6237,32.44864021412652
6238,32.47181739846684
6239,32.49464490377134
6240,32.47799284630786
6241,32.477614160013154
6242,32.477058965106195
6243,32.476494386730664
6244,32.47591875315877
6245,32.47533203070539
6246,32.474734121292606
6247,32.47412489700015
6248,32.47365037340138
6249,32.47314323833199
6250,32.47261338666768
6251,32.47206601485957
6252,32.47150442907263
6253,32.47093067015836
6254,32.47034594860487
6255,32.469750936160445
6256,32.42786145933675
6257,32.40348622796503
6258,32.379267018688076
6259,32.35537520524646
6260,32.331804245724115
6261,32.308549440554835
6262,32.28560611415871
6263,32.26296963732265
6264,32.24072892200024
6265,32.2187733327826
6266,32.19710473903292
6267,32.17572210874851
6268,32.15462328061921
6269,32.133805354766956
6270,32.113264965069476
6271,32.049280704101896
6272,32.0041235986121
6273,31.959408419967946
6274,31.915312837219037
6275,31.871826167214905
6276,31.82893972616097
6277,31.786644903070872
6278,31.744933183336702
6279,31.703865604029556
6280,31.663355366643824
6281,31.623398970745924
6282,31.583990815582904
6283,31.5451245243198
6284,31.506793239032284
6285,31.468989824279415
6286,31.431707002263405
6287,31.363531342762595
6288,31.30919287806474
6289,31.255479394647093
6290,31.202514133320484
6291,31.15028510079522
6292,31.098781808652774
6293,31.047993884096712
6294,30.997911083502785
6295,30.948600609687443
6296,30.899964210315083
6297,30.851997486128734
6298,30.804693587992652
6299,30.758044758099413
6300,30.71204268750853
6301,30.666678758109708
6302,30.62194420060841
6303,30.577830196774165
6304,30.534327944823968
6305,30.49142870055771
6306,30.44912380264748
6307,30.40740468765165
6308,30.366262898428413
6309,30.325690088358485
6310,30.2856780229458
6311,30.24621857980922
6312,30.207411102322116
6313,30.169123250564923
6314,30.131355273126545
6315,30.094103696786505
6316,30.05736360038621
6317,30.021129167690336
6318,29.985394052919204
6319,29.950151614956827
6320,29.92598102210535
6321,29.897795824791196
6322,29.870040211438674
6323,29.84266341478994
6324,29.815660341137825
6325,29.789025494721503
6326,29.762753454364972
6327,29.736838872637104
6328,29.71141636278088
6329,29.686316882180776
6330,29.661546261059293
6331,29.637105156817988
6332,29.612992158330957
6333,29.589204565908787
6334,29.565738898096093
6335,29.542591211914452
6336,29.519757304337798
6337,29.512971716966216
6338,29.499810079798902
6339,29.486885679910905
6340,29.47412875281805
6341,29.461537382385337
6342,29.44910898794899
6343,29.436841028303867
6344,29.424730998135622
6345,29.41295782787338
6346,29.40130530613634
6347,29.389785635472567
6348,29.378404035543124
6349,29.367162891382257
6350,29.356062815364265
6351,29.345103329279258
6352,29.334283291471024
6353,29.32360116362018
6354,29.330924857451848
6355,29.33079713846419
6356,29.330729692792552
6357,29.33064629478208
6358,29.330547705433922
6359,29.330433886209633
6360,29.330304800160082
6361,29.330160409191468
6362,29.330221571073984
6363,29.330227284701664
6364,29.33019548441664
6365,29.33013545339663
6366,29.330052938415182
6367,29.32995146792677
6368,29.329833194340072
6369,29.329699419559745
6370,29.32955092239185
6371,29.349365972249135
6372,29.360686465259146
6373,29.371912604922773
6374,29.382961475743773
6375,29.393836194236698
6376,29.404538948066534
6377,29.415071893082132
6378,29.425437151278018
6379,29.435892481260268
6380,29.44613798945176
6381,29.456196444940225
6382,29.466080607237735
6383,29.475799130572454
6384,29.485358081013274
6385,29.494761906693483
6386,29.504014043945034
6387,29.51311729557935
6388,29.544154137437122
6389,29.56567372110947
6390,29.586962005884914
6391,29.607929147986976
6392,29.628580360392007
6393,29.64891980262233
6394,29.668951573031297
6395,29.688679707207093
6396,29.70839290183532
6397,29.727759630816283
6398,29.746806526239773
6399,29.765549230859058
6400,29.78399887392459
6401,29.80216371707922
6402,29.820050213170116
6403,29.83766367137704
6404,29.85500867461956
6405,29.896296679888444
6406,29.92704828817579
6407,29.957445483865953
6408,29.987391177599616
6409,30.01689247352178
6410,30.045955300559406
6411,30.074585500618408
6412,30.102788827120268
6413,30.13087919432651
6414,30.158500544008255
6415,30.18568246584274
6416,30.212442949152614
6417,30.238795218158415
6418,30.26474943801977
6419,30.29031382363285
6420,30.315495342488845
6421,30.366691318057434
6422,30.4063134585081
6423,30.44546358343243
6424,30.484037121257582
6425,30.522043036582684
6426,30.55948897306457
6427,30.59638244985923
6428,30.632730866277818
6429,30.668856294054965
6430,30.704398434952285
6431,30.739388303954307
6432,30.77384541970204
6433,30.807784576690757
6434,30.84121749855874
6435,30.874153926766535
6436,30.90660231850757
6437,30.967247074692054
6438,31.015245617841863
6439,31.062662099897317
6440,31.109383827598123
6441,31.155421468960682
6442,31.200784247420568
6443,31.245481240351875
6444,31.28952138331432
6445,31.333232787003176
6446,31.376253647618405
6447,31.41861601732479
6448,31.460340703801073
6449,31.501443896147126
6450,31.54193873726992
6451,31.581836376098778
6452,31.621146651356003
6453,31.6910025982763
6454,31.747076999542873
6455,31.802464198362113
6456,31.857042612869186
6457,31.910824545219956
6458,31.963820723151713
6459,32.0160417076068
6460,32.06749789642101
6461,32.11852270415587
6462,32.1687539385524
6463,32.21822447688205
6464,32.266956275619144
6465,32.31496681220678
6466,32.36227056212572
6467,32.408880005766946
6468,32.45480629284007
6469,32.53384802601637
6470,32.59788418943325
6471,32.66113047848003
6472,32.72345545508636
6473,32.784873022867046
6474,32.8453953714291
6475,32.905034502657436
6476,32.96380223371347
6477,33.022038647652636
6478,33.07937989761441
6479,33.13585968245626
6480,33.19150108745664
6481,33.24632285648368
6482,33.30034077352713
6483,33.35356862382979
6484,33.44280634977904
6485,33.51566274029242
6486,33.58761604871476
6487,33.65852388344293
6488,33.72840201606713
6489,33.79726429998606
6490,33.86512434944202
6491,33.931995554209855
6492,33.99821425947762
6493,34.06342708358944
6494,34.127668054366445
6495,34.19096118360921
6496,34.25332639391002
6497,34.31478077113552
6498,34.37533945374999
6499,34.47526492912753
6500,34.55723717745645
6501,34.63819095725752
6502,34.71797082958265
6503,34.79659440888099
6504,34.87407721337122
6505,34.950434497172274
6506,35.02598902542827
6507,35.10040926610055
6508,35.173729339061765
6509,35.245974168651884
6510,35.31716492513965
6511,35.387320128660896
6512,35.45645644866721
6513,35.57485156222743
6514,35.670923187820186
6515,35.76581778676063
6516,35.85933990929529
6517,35.95151028125034
6518,36.04234705677489
6519,36.13186809205531
6520,36.220388648269484
6521,36.307593894634415
6522,36.39351916404791
6523,36.47819122430878
6524,36.561633340186305
6525,36.64386625323406
6526,36.72490890739649
6527,36.86433828106376
6528,36.98749634070566
6529,37.10902804880497
6530,37.22880927525496
6531,37.34686525248062
6532,37.46321923195572
6533,37.57789407753898
6534,37.69120415553612
6535,37.802849319883315
6536,37.912868704579694
6537,38.02129335903474
6538,38.1281510042047
6539,38.233466902760924
6540,38.33726452002373
6541,38.47673267722244
6542,38.616188969109054
6543,38.75563275932806
6544,38.895063062074016
6545,39.034478661005444
6546,39.17387818614105
6547,39.31353443031384
6548,39.45315286296497
6549,39.59274430299209
6550,39.73231595643642
6551,39.87187238523596
6552,40.0114162519643
6553,40.15094887407621
6554,40.2904706272613
6555,40.42998123398651
6556,40.56947996673192
6557,40.70896578870562
6558,40.84843744905961
6559,40.98789354507305
6560,41.127592637398365
6561,41.26725837164255
6562,41.40690047973752
6563,41.546525513186275
6564,41.68613764171412
6565,41.825739292276104
6566,41.96533163807965
6567,42.10491496176461
6568,42.24448891918607
6569,42.3840527274079
6570,42.52360529608276
6571,42.6633597569636
6572,42.80308959129817
6573,42.94280245432312
6574,43.08250345893326
6575,43.22219580542079
6576,43.36188129201564
6577,43.50156070857837
6578,43.6412341300615
6579,43.78090112981696
6580,43.920560931394164
6581,44.060212514273545
6582,44.199854685539066
6583,44.33966637339369
6584,44.479458701352996
6585,44.619237824592695
6586,44.75900789863491
6587,44.89877154345131
6588,45.0385302352768
6589,45.17828461693672
6590,45.318034733389354
6591,45.45778020499724
6592,45.597520351748344
6593,45.73725428010402
6594,45.87711729311146
6595,46.01696734541556
6596,46.15680891146893
6597,46.296644984172076
6598,46.436477415953085
6599,46.57630721025833
6600,46.71613475375702
6601,46.855959992747614
6602,46.99578256250664
6603,47.135601879371336
6604,47.275417204425665
6605,47.41532585429993
6606,47.55522615792232
6607,47.695121210946056
6608,47.8350130790091
6609,47.97490302880809
6610,48.11479173013879
6611,48.25467941892838
6612,48.39456602183734
6613,48.53445124765053
6614,48.674334652013314
6615,48.81427833764901
6616,48.95421764173147
6617,49.094154474953086
6618,49.23409008222179
6619,49.37402519753664
6620,49.51396017847584
6621,49.65389511381101
6622,49.79382990482141
6623,49.933764324024054
6624,50.073698055939865
6625,50.21366784906566
6626,50.35363551174054
6627,50.49360212971557
6628,50.633568400491804
6629,50.77353472458598
6630,50.913501285527836
6631,51.053468114040676
6632,51.193435136380394
6633,51.333402208923914
6634,51.47336914178748
6635,51.61335549784532
6636,51.753340994198894
6637,51.893326190676234
6638,52.033311439275955
6639,52.17329693430785
6640,52.31328275679235
6641,52.45326891012173
6642,52.593255346736406
6643,52.73324198691595
6644,52.87322873127196
6645,53.01322400936595
6646,53.153219082317555
6647,53.2932141777271
6648,53.43320943087677
6649,53.57320490872467
6650,53.713200631045964
6651,53.85319658721419
6652,53.99319274849614
6653,54.1331890764255
6654,54.27318785526172
6655,54.41318668253
6656,54.55318560654991
6657,54.69318464783205
6658,54.83318380840983
6659,54.96628662294534
6660,55.10561389923874
6661,55.242851556951045
6662,55.378112692748516
6663,55.51142470966003
6664,55.64281496488159
6665,55.77231069547818
6666,55.89993874838335
6667,56.025725589787186
6668,56.12919455397603
6669,56.239576520461846
6670,56.348276554768645
6671,56.45540474573561
6672,56.56098232764916
6673,56.66503146770122
6674,56.767573823317235
6675,56.868630747983616
6676,56.968223293104444
6677,57.045582758630715
6678,57.13034314622229
6679,57.21378379285156
6680,57.296010862121335
6681,57.377039377748886
6682,57.456887671205514
6683,57.53557241063062
6684,57.613110043622584
6685,57.668429237691306
6686,57.73158414673493
6687,57.79372437204582
6688,57.85495297790393
6689,57.91528196141932
6690,57.97471950093273
6691,58.03328290398882
6692,58.0909843203732
6693,58.147835790646994
6694,58.18245275655625
6695,58.22532511336354
6696,58.26746840174807
6697,58.308982847211674
6698,58.349867351579384
6699,58.3901400729009
6700,58.42980914998803
6701,58.46888274327147
6702,58.50736893247258
6703,58.52355852654891
6704,58.54839448839195
6705,58.57275374871629
6706,58.596734159873414
6707,58.62032910111968
6708,58.64355532113978
6709,58.66641728004037
6710,58.688919545433194
6711,58.68901554384188
6712,58.698120473610565
6713,58.706967503001074
6714,58.715652529788095
6715,58.72417384822526
6716,58.732536993683226
6717,58.740743591535825
6718,58.74879529116976
6719,58.7566937081002
6720,58.76444040590305
6721,58.77203687712174
6722,58.779484523493124
6723,58.78678463524224
6724,58.79395839715306
6725,58.80098855834143
6726,58.80787723736746
6727,58.814626173093316
6728,58.88938107415766
6729,58.93507547676049
6730,58.98036127129993
6731,59.024956501031156
6732,59.068922614219495
6733,59.11221940700236
6734,59.154857491581865
6735,59.19684642449368
6736,59.238195247955574
6737,59.37788315790116
6738,59.51755534635169
6739,59.657210389238706
6740,59.79684646717271
6741,59.93655444456189
6742,60.07624321837451
6743,60.21591423356531
6744,60.35556821056231
6745,60.495205181873295
6746,60.63482453428247
6747,60.77442504647624
6748,60.91400491538813
6749,61.05368765695553
6750,61.19335004252154
6751,61.33299458145412
6752,61.47262275091159
6753,61.612235073427
6754,61.751831203725374
6755,61.89141000819753
6756,62.03096962683117
6757,62.170656540740836
6758,62.31032479494971
6759,62.4499775917605
6760,62.58961688489046
6761,62.729243500482255
6762,62.868857267421
6763,63.00845713552076
6764,63.148041269099906
6765,63.287761724097216
6766,63.4274671047679
6767,63.567160816046254
6768,63.70684494903744
6769,63.84652043181712
6770,63.98618718760622
6771,64.12584427658865
6772,64.2654900081035
6773,64.40526518481333
6774,64.5450297230273
6775,64.68478679769984
6776,64.82453835198211
6777,64.9642852586964
6778,65.10402748664548
6779,65.24376424830062
6780,65.38349411615604
6781,65.52333409091969
6782,65.66316785847674
6783,65.80299806420085
6784,65.94282631198125
6785,66.08265331948034
6786,66.22247907582843
6787,66.3623029806024
6788,66.50220379723703
6789,66.6421033041257
6790,66.78200337760619
6791,66.92190507597599
6792,67.06180879997648
6793,67.2017144463357
6794,67.3416215383379
6795,67.48152932622865
6796,67.62148571222684
6797,67.76144259309048
6798,67.90140094165123
6799,68.04136126261812
6800,68.18132369943685
6801,68.3212881348958
6802,68.46125427561323
6803,68.60124165565435
6804,68.74123037361754
6805,68.88122077545646
6806,69.02121294162845
6807,69.1612067693648
6808,69.30120204687896
6809,69.441198513352
6810,69.58119721126765
6811,69.72119637901143
6812,69.86119581090317
6813,70.0011952143975
6814,70.14119425703686
6815,70.2811926042548
6816,70.42118994589606
6817,70.56117916668494
6818,70.70116662002228
6819,70.8411518104103
6820,70.98113424376622
6821,71.12111343983017
6822,71.26108893722866
6823,71.40106029098497
6824,71.54102194292993
6825,71.68097887184165
6826,71.82093049267205
6827,71.96087621581177
6828,72.10081543371119
6829,72.24074750231216
6830,72.38067171718463
6831,72.5205924877821
6832,72.66050515518036
6833,72.80040918739863
6834,72.94030396616998
6835,73.08018875563873
6836,73.22006266750681
6837,73.3599246212351
6838,73.49979590332613
6839,73.63965547004611
6840,73.7795029583374
6841,73.91933777693406
6842,74.05915906254683
6843,74.1989656337134
6844,74.33875593836905
6845,74.47857350634015
6846,74.61837573582325
6847,74.75816252337339
6848,74.89793334798053
6849,75.03768721848144
6850,75.17742261947438
6851,75.31713744802941
6852,75.45690129161511
6853,75.59664638580236
6854,75.73637294748093
6855,75.87608055226886
6856,76.01576807559321
6857,76.15543363260389
6858,76.29516173495628
6859,76.43487067561206
6860,76.57456120166114
6861,76.71423322810341
6862,76.85388579937388
6863,76.9935170521443
6864,77.13312416311344
6865,77.27281669995985
6866,77.41248829730324
6867,77.55213971341517
6868,77.69177070693179
6869,77.8313799943231
6870,77.97096520419356
6871,78.11064318617947
6872,78.25030117889588
6873,78.38994043678629
6874,78.5295610763085
6875,78.66916205784123
6876,78.80874116720182
6877,78.94829497356028
6878,79.08796053592313
6879,79.22760513478434
6880,79.3672298887918
6881,79.50683468896726
6882,79.64641816744762
6883,79.78597766057945
6884,79.92564858670637
6885,80.06530071933436
6886,80.20493565422017
6887,80.3445536737585
6888,80.48415374365743
6889,80.6237335078195
6890,80.76342242963283
6891,80.9030960870485
6892,81.04275603606392
6893,81.18240253352481
6894,81.32203456333883
6895,81.46164985694125
6896,81.60136862436647
6897,81.74107512623965
6898,81.88077071126604
6899,82.02045552765367
6900,82.16012856234774
6901,82.299787671221
6902,82.43954182086001
6903,82.57928597991548
6904,82.71902132562069
6905,82.85874796312588
6906,82.99846496651045
6907,83.13817041032351
6908,83.27796093015112
6909,83.41774340287579
6910,83.55751888574899
6911,83.69728749378169
6912,83.83704843963123
6913,83.97680006509906
6914,84.1166261095586
6915,84.25644595987632
6916,84.39626056358435
6917,84.53607005285456
6918,84.67587378380384
6919,84.81567036865154
6920,84.95553044933082
6921,85.0953861012792
6922,85.23523814877674
6923,85.37508672687112
6924,85.51493132061306
6925,85.6547707981161
6926,85.79466283924687
6927,85.93455204069981
6928,86.07443909085765
6929,86.21432411420201
6930,86.35420671014813
6931,86.49408598652346
6932,86.63400713298033
6933,86.77392677892054
6934,86.91384547386187
6935,87.05376332488935
6936,87.19368003433843
6937,87.33359493297216
6938,87.47354150010463
6939,87.61348761647417
6940,87.75343369572724
6941,87.89337982270946
6942,88.03332578919009
6943,88.17329200249405
6944,88.31325894760565
6945,88.45322693735032
6946,88.59319603878845
6947,88.73316611679087
6948,88.87313687462797
6949,89.0131204954771
6950,89.15310505741381
6951,89.29309064063027
6952,89.43307719955997
6953,89.573064594613
6954,89.71305261958479
6955,89.85304711848043
6956,89.99304226294855
6957,90.13303806278924
6958,90.27303447140102
6959,90.41303140515758
6960,90.55303039994284
6961,90.69302978666171
6962,90.83302951857085
6963,90.97302952069019
6964,91.1130297037351
6965,91.25302997600538
6966,91.39302972782683
6967,91.53302932391065
6968,91.67302865879074
6969,91.81302762097508
6970,91.95302609716636
6971,92.09302326720203
6972,92.2330197085752
6973,92.37301528318277
6974,92.51300984631844
6975,92.6530032435476
6976,92.79299530494059
6977,92.9329864449029
6978,93.07297609795457
6979,93.21296410593087
6980,93.35295028361537
6981,93.4929344057289
6982,93.63291901525223
6983,93.77290156701618
6984,93.91288191329774
6985,94.05285985469504
6986,94.19283512122412
6987,94.33281273807258
6988,94.47278785699751
6989,94.61276035615437
6990,94.75273003208808
6991,94.89269657698608
6992,95.03265955126399
6993,95.17262812772513
6994,95.31259351708692
6995,95.45255555560273
6996,95.59251394657767
6997,95.73246822792929
6998,95.87243028334869
6999,96.01238884498505
7000,96.15234380751633
7001,96.29229489927451
7002,96.4322416477251
7003,96.5721982292942
7004,96.71215127619783
7005,96.85210072523351
7006,96.99204631538653
7007,97.1319875541294
7008,97.27194038394438
7009,97.41182180285503
7010,97.54962813120311
7011,97.68540888508618
7012,97.81919207383208
7013,97.951023215579
7014,98.08091363257988
7015,98.20889097859187
7016,98.33498211436881
7017,98.45921326108878
7018,98.58162873132676
7019,98.70223719464592
7020,98.82106442024971
7021,98.93813539800276
7022,99.05347450082427
7023,99.16712454437378
7024,99.27909210011525
7025,99.38940118232692
7026,99.49807504707904
7027,99.60513635899483
7028,99.71060716149778
7029,99.81453172426201
7030,99.91691121775673
7031,100.01776763869358
7032,100.11712220041812
7033,100.21499551906449
7034,100.31142996123766
7035,100.4064257189893
7036,100.50000339856838
7037,100.59218283992983
7038,100.68298330044394
7039,100.77244492262142
7040,100.86056733685204
7041,100.94736978354867
7042,101.0328707601141
7043,101.11710508982361
7044,101.20007553656052
7045,101.28180034112745
7046,101.36229708027057
7047,101.44158282590031
7048,101.51968974257561
7049,101.59662040094538
7050,101.67239163984534
7051,101.747019701901
7052,101.82052038323269
7053,101.8929232543475
7054,101.96423094573602
7055,102.03445907208848
7056,102.1036227186446
7057,102.17173657347138
7058,102.23882785909846
7059,102.30489932030237
7060,102.36996549387716
7061,102.40986588091774
7062,102.4590496213374
7063,102.50737776094225
7064,102.55495344535885
7065,102.60178640757945
7066,102.50175670992395
7067,102.40172504109597
7068,102.30170169472694
7069,102.20167702617755
7070,102.10165102005799
7071,102.0016235346303
7072,101.90159428776663
7073,101.80157264910369
7074,101.70154986395096
7075,101.60152592763448
7076,101.50150071692138
7077,101.40147397843538
7078,101.30145427153387
7079,101.20143359827274
7080,101.10141195493809
7081,101.00138922930759
7082,100.90136519141198
7083,100.80134819328137
7084,100.7013304361063
7085,100.60131195144955
7086,100.50129267378102
7087,100.40127243445934
7088,100.30125938649303
7089,100.20124595480554
7090,100.10123224664012
7091,100.00121828221337
7092,99.90120399484246
7093,99.8011962663167
7094,99.70118872806661
7095,99.60118154096462
7096,99.50117478274738
7097,99.40116845778032
7098,99.30116613654904
7099,99.20116440300929
7100,99.10116331887633
7101,99.00116285352904
7102,98.90116290360162
7103,98.80116138041691
7104,98.70115967085759
7105,98.60115741634928
7106,98.50115413243746
7107,98.40114922823554
7108,98.30113369508165
7109,98.2011144091926
7110,98.10109011210325
7111,98.00105933625953
7112,97.90102039687198
7113,97.80096273443792
7114,97.7008932657526
7115,97.60080945104069
7116,97.50070841148411
7117,97.40058684760642
7118,97.30046092515003
7119,97.20031175386578
7120,97.10013653295249
7121,96.99993205547386
7122,96.89969450450994
7123,96.79950124697334
7124,96.69927810829014
7125,96.5990249701071
7126,96.49874114106115
7127,96.39842504472612
7128,96.29821804323342
7129,96.19799063351414
7130,96.09774756399435
7131,95.99749234611103
7132,95.89722702813953
7133,95.7970977968704
7134,95.696972235177
7135,95.5968571107955
7136,95.49675669061915
7137,95.39667291652364
7138,95.29660578686376
7139,95.19657158807402
7140,95.09654683761788
7141,94.99652858268195
7142,94.89650995745602
7143,94.79648080404361
7144,94.69616273915574
7145,94.59577922486868
7146,94.49529918796127
7147,94.39468433892304
7148,94.29388968251938
7149,94.19229498829826
7150,94.09038524401083
7151,93.98807348693983
7152,93.88526077508945
7153,93.78183540856763
7154,93.67707791942208
7155,93.57148707886
7156,93.46490098363913
7157,93.3571394338039
7158,93.24799987056899
7159,93.13725097106432
7160,93.0248500888286
7161,92.91057198645126
7162,92.79415399781175
7163,92.67529623551644
7164,92.55364905925735
7165,92.43082630484183
7166,92.3049924022981
7167,92.17582463367373
7168,92.04294404968401
7169,91.90589677157926
7170,91.76413072980031
7171,91.62319045348319
7172,91.47747978893443
7173,91.32660315806918
7174,91.17006713436311
7175,91.007252381367
7176,90.83738069168459
7177,90.6722611413135
7178,90.50035446738504
7179,90.32125532669177
7180,90.13441245409996
7181,89.93909433366639
7182,89.73435143510841
7183,89.54009711745383
7184,89.33713987511027
7185,89.12517746318254
7186,88.90371266703607
7187,88.67201869850079
7188,88.42910452702023
7189,88.20366785674177
7190,87.96820992086901
7191,87.72265669702296
7192,87.46669155459442
7193,87.19972745314696
7194,86.92088316857884
7195,86.62896090372612
7196,86.36619321967788
7197,86.09190202165048
7198,85.80624973279441
7199,85.50910278146254
7200,85.20001210467052
7201,84.87820123120564
7202,84.542558660316
7203,84.24685690752642
7204,83.93914271016848
7205,83.61999423843474
7206,83.28963419356367
7207,82.94792241706298
7208,82.59435969626692
7209,82.22809817297022
7210,81.84795486998652
7211,81.52156615960578
7212,81.18292438025054
7213,80.83296804826763
7214,80.47222402054773
7215,80.10081261532096
7216,79.71846605875034
7217,79.32455450443638
7218,78.91811535823719
7219,78.57445375280352
7220,78.21959799903249
7221,77.85487217392362
7222,77.48111872672473
7223,77.09872056352502
7224,76.70763729673185
7225,76.30744844818146
7226,75.89739843094705
7227,75.47644004650286
7228,75.12753971653375
7229,74.76824209923035
7230,74.400076342737
7231,74.02405499785347
7232,73.64070791709824
7233,73.25012979367261
7234,72.85203346489712
7235,72.44580349776788
7236,72.03054671343061
7237,71.69109127216693
7238,71.34263057978993
7239,70.98689123476886
7240,70.62503308402722
7241,70.25769876428764
7242,69.88507569698177
7243,69.50696164090722
7244,69.12282789630167
7245,68.73187679135441
7246,68.4166668897098
7247,68.09418451006529
7248,67.76617882815408
7249,67.4338078942528
7250,67.09770418729734
7251,66.75804928432936
7252,66.41464841147148
7253,66.06699917991693
7254,65.71435163456775
7255,65.43400469146074
7256,65.14786700178672
7257,64.85761033535039
7258,64.56432422247074
7259,64.26859170667794
7260,63.97057068728081
7261,63.67007175287076
7262,63.36662733295641
7263,63.12555763771831
7264,62.88081975137217
7265,62.63389751243065
7266,62.38571758570699
7267,62.13673881238758
7268,61.887041227483344
7269,61.63640653221295
7270,61.38438605280603
7271,61.13035518340102
7272,60.93036679524431
7273,60.72737388598584
7274,60.52260164766514
7275,60.31682053751303
7276,60.11042185991532
7277,59.90349228510158
7278,59.69588033814009
7279,59.487251679947775
7280,59.32034125114305
7281,59.15173744944982
7282,58.98245263807367
7283,58.813107446772264
7284,58.64400604696434
7285,58.4752074047614
7286,58.30658656741017
7287,58.137883764131445
7288,57.9988463575877
7289,57.85910953174976
7290,57.71936693004225
7291,57.58002677246899
7292,57.44127461704992
7293,57.30313037683872
7294,57.165495581292696
7295,57.02818985238636
7296,56.973141931685774
7297,56.85422424541684
7298,56.7355675811833
7299,56.61740836553107
7300,56.49984550584869
7301,56.38288029110502
7302,56.26644851941478
7303,56.15044448787722
7304,56.043818229384165
7305,55.937304155308055
7306,55.83110024924569
7307,55.7253052871887
7308,55.61994764445962
7309,55.51500982598363
7310,55.41044740934008
7311,55.30620247458018
7312,55.202212318167575
7313,55.10127204052964
7314,55.00042915935386
7315,54.89973362173877
7316,54.79919867305704
7317,54.69881391119422
7318,54.5985561770479
7319,54.49839761099521
7320,54.398310950805616
7321,54.29790322086144
7322,54.19751516934906
7323,54.09711411314264
7324,53.99666281252111
7325,53.992398004887704
7326,53.94481855362942
7327,53.89822524404887
7328,53.852141009560825
7329,53.80655003191777
7330,53.76031629155011
7331,53.714609660128744
7332,53.66936607410886
7333,53.6245418411537
7334,53.7611981559473
7335,53.84835138579544
7336,53.93444906296325
7337,54.019002593069466
7338,54.102021731889536
7339,54.1832808756341
7340,54.26307582565532
7341,54.341401840521385
7342,54.41825879192633
7343,54.49364701957898
7344,54.62648179318089
7345,54.758873594496734
7346,54.8907953064465
7347,55.02221593940598
7348,55.15443924627963
7349,55.28615568829063
7350,55.41738324244259
7351,55.54812904818854
7352,55.67838959695008
7353,55.80815106378987
7354,55.93738964925975
7355,56.06607183735764
7356,56.19415450241164
7357,56.324524889795136
7358,56.45427091798395
7359,56.58345444514467
7360,56.71211330049573
7361,56.84026322135385
7362,56.96789998664511
7363,57.09500142080443
7364,57.2215290750765
7365,57.347429481498054
7366,57.476839350855876
7367,57.60558624286806
7368,57.73376488952457
7369,57.861435291636504
7370,57.98862633228554
7371,58.11533958237557
7372,58.24155279377866
7373,58.36722280491015
7374,58.49228773268058
7375,58.62167215210532
7376,58.75041425136978
7377,58.878627999897624
7378,59.00638604541432
7379,59.133724472982664
7380,59.26064775337511
7381,59.38713323783854
7382,59.51313485985585
7383,59.63858590164061
7384,59.768733506762146
7385,59.89830184740548
7386,60.027411860365945
7387,60.15614062594867
7388,60.284526679123715
7389,60.41257552569203
7390,60.540264627231
7391,60.66754746856551
7392,60.79912865086062
7393,60.93029306021735
7394,61.06115265696854
7395,61.19177689107109
7396,61.32219879492532
7397,61.45242102142983
7398,61.58242114147387
7399,61.71215587123819
7400,61.84556314852441
7401,61.97869105685084
7402,62.11162922754967
7403,62.244431732622324
7404,62.377122621961966
7405,62.50970128267344
7406,62.642147059872485
7407,62.77442288294253
7408,62.909633871934155
7409,63.04466407923646
7410,63.17958256529584
7411,63.3144305186806
7412,63.44922577995091
7413,63.58396720563177
7414,63.718638414535114
7415,63.853210708051805
7416,63.98998379708211
7417,64.12665231517599
7418,64.26326687445295
7419,64.3998573562155
7420,64.53643643746078
7421,64.67300299072569
7422,64.8095449958498
7423,64.94604179873414
7424,65.08406963235386
7425,65.2220497542981
7426,65.3600163671878
7427,65.49798927878706
7428,65.63597653020646
7429,65.77397691815229
7430,65.91198214475682
7431,66.04997847477722
7432,66.18893590133594
7433,66.32788268458827
7434,66.46683931516466
7435,66.365827083206
7436,66.26483515851761
7437,66.16386371688125
7438,66.06290892907127
7439,65.96244258527496
7440,65.86199157989905
7441,65.76156581661945
7442,65.66116981458131
7443,65.56080411629024
7444,65.46046656866922
7445,65.36015336984893
7446,65.25985984595184
7447,65.1597547627925
7448,65.0596621346091
7449,64.95958366449992
7450,64.85951922561334
7451,64.75946752786662
7452,64.65942667314616
7453,64.5593945712964
7454,64.45938719041145
7455,64.35938363905998
7456,64.25938280101376
7457,64.15938315983446
7458,64.05938308235227
7459,63.959381026798454
7460,63.85937567372939
7461,63.759365988871394
7462,63.65932586366494
7463,63.55927958692483
7464,63.45922580069141
7465,63.35916328096853
7466,63.25909096140995
7467,63.15900793253124
7468,63.05891342057151
7469,62.95880675109836
7470,62.8586757744166
7471,62.75853272106924
7472,62.65837672003709
7473,62.55820694251451
7474,62.45802256696512
7475,62.35782274073887
7476,62.25760653929846
7477,62.1573729235763
7478,62.057136850240596
7479,61.95688401414258
7480,61.8566139329776
7481,61.756325967108765
7482,61.65601928648197
7483,61.55569283964598
7484,61.45534532325795
7485,61.354975150275976
7486,61.25461998663875
7487,61.15424296320948
7488,61.05384372969271
7489,60.95342160404951
7490,60.8529755510293
7491,60.75250416324654
7492,60.65200564163197
7493,60.55147777238575
7494,60.45088820172554
7495,60.35027023850882
7496,60.249619944844596
7497,60.14893336759822
7498,60.04820648831425
7499,59.947435164430686
7500,59.846615060807565
7501,59.74574157057206
7502,59.64480972406408
7503,59.54332792330683
7504,59.44179081438861
7505,59.34017426689199
7506,59.238455868839836
7507,59.13661475255725
7508,59.03463143496784
7509,58.932487609815176
7510,58.8301658606447
7511,58.725716988462985
7512,58.62109910732927
7513,58.51622325712008
7514,58.411007344732575
7515,58.30537607256328
7516,58.19926085922117
7517,58.09259944434197
7518,57.98533505358756
7519,57.87241162911021
7520,57.758916887875195
7521,57.6446171378055
7522,57.52930078582074
7523,57.4127779751399
7524,57.29487970716342
7525,57.175455937448994
7526,57.054372541079786
7527,56.92492620744342
7528,56.79392568547798
7529,56.66103143385366
7530,56.52594754367388
7531,56.388417649160736
7532,56.248219689850266
7533,56.1051595384154
7534,55.95906374981677
7535,55.80737646114771
7536,55.65291039131637
7537,55.495465152552136
7538,55.334872806054534
7539,55.170989782069164
7540,55.0036889372656
7541,54.83285199351588
7542,54.65836253987211
7543,54.48009970661246
7544,54.29793255033717
7545,54.120180420888374
7546,53.938819686588864
7547,53.75404120449512
7548,53.565982427154765
7549,53.37472843298352
7550,53.18031463296474
7551,52.98273045191208
7552,52.78192345312157
7553,52.57780352192138
7554,52.37024684281308
7555,52.15909949738356
7556,51.96552056140843
7557,51.768154707114995
7558,51.56761278400615
7559,51.364337433926735
7560,51.15862543821945
7561,50.95065075064865
7562,50.74048637590846
7563,50.52812409092885
7564,50.31349157162347
7565,50.0964668446751
7566,49.87689019091618
7567,49.68405064999664
7568,49.48776960582652
7569,49.28894629260349
7570,49.088216616039276
7571,48.885999579862556
7572,48.68254092578552
7573,48.47795168319903
7574,48.27224081251378
7575,48.06534200015405
7576,47.85713511875347
7577,47.64746305513571
7578,47.43614464152282
7579,47.22298437675999
7580,47.04315392360891
7581,46.859867878805545
7582,46.67426964620035
7583,46.48716034993044
7584,46.29906717558421
7585,46.11030510165131
7586,45.921029386650346
7587,45.73127839388488
7588,45.541007489603565
7589,45.35011524089322
7590,45.15846324833191
7591,44.96589086105945
7592,44.7722258525979
7593,44.612386676322885
7594,44.449443347338836
7595,44.28458373168245
7596,44.11862229024937
7597,43.952084443451476
7598,43.78527918392995
7599,43.61835815932128
7600,43.45136192944544
7601,43.28425516784305
7602,43.11695285152314
7603,42.94933936137564
7604,42.7812821334697
7605,42.6126411855065
7606,42.47341720185635
7607,42.331586804080395
7608,42.18821495005315
7609,42.044019239331675
7610,41.899456092727945
7611,41.75479194573134
7612,41.6101590327638
7613,41.465597545709464
7614,41.321086660213375
7615,41.17656689088342
7616,41.03195589483984
7617,40.88715942131447
7618,40.74207871068458
7619,40.6196135918221
7620,40.49513162667051
7621,40.369482880181735
7622,40.46022840217336
7623,40.41702643546089
7624,40.375770592272566
7625,40.33515589905708
7626,40.29520234745019
7627,40.2558740417237
7628,40.21711026935733
7629,40.17883668854036
7630,40.14097280448325
7631,40.103436749826315
7632,40.08207368466949
7633,40.059405011947355
7634,40.036225460110835
7635,40.07416464385241
7636,40.08624606211534
7637,40.098347791396364
7638,40.11027909527095
7639,40.12206580543448
7640,40.13370094912392
7641,40.14515915242405
7642,40.15640445949913
7643,40.167395496381864
7644,40.18781305660383
7645,40.20700233759522
7646,40.22545368377281
7647,40.24341169118561
7648,40.25914986011656
7649,40.27543252565048
7650,40.291514539663474
7651,40.3074202173008
7652,40.32314786350554
7653,40.33868496330969
7654,40.354012768129266
7655,40.36910934840378
7656,40.383951538063634
7657,40.40408149222884
7658,40.42342495220107
7659,40.44226281456164
7660,40.45298467373744
7661,40.4667189392706
7662,40.48025810789624
7663,40.493661131225764
7664,40.506937775701594
7665,40.52008827113343
7666,40.5331069201028
7667,40.54598469534892
7668,40.558710909664995
7669,40.57384580981014
7670,40.58858655605549
7671,40.603060577500116
7672,40.61732974475744
7673,40.61937446898047
7674,40.62639041685816
7675,40.633318879841134
7676,40.64021389977522
7677,40.64707368763566
7678,40.653894828811374
7679,40.66067282658255
7680,40.66740276624875
7681,40.67497997961506
7682,40.68242600055105
7683,40.689783850511205
7684,40.697073190249704
7685,40.70430513980004
7686,40.69731891575882
7687,40.696296168992966
7688,40.69528124762159
7689,40.69433251601565
7690,40.693446884573106
7691,40.69262178260466
7692,40.69185468894811
7693,40.6912873419788
7694,40.69076517344318
7695,40.69029291895261
7696,40.689871187953614
7697,40.68949918887223
7698,40.620683531005206
7699,40.58098595228479
7700,40.541607788903335
7701,40.502831948259754
7702,40.464646470706796
7703,40.427042699543854
7704,40.39001221341083
7705,40.35345862941433
7706,40.31747348907746
7707,40.282043536650086
7708,40.24715760558267
7709,40.21280545333337
7710,40.17897767783655
7711,40.07888928160647
7712,39.98767846855931
7713,39.89772142372616
7714,39.80907638052297
7715,39.72172404746924
7716,39.635646292101924
7717,39.55074955574389
7718,39.46710161790345
7719,39.38468071511139
7720,39.30346722714454
7721,39.22344251058396
7722,39.14458871730958
7723,39.06688863849228
7724,38.96666579580715
7725,38.87168974114751
7726,38.77805734043988
7727,38.685788459926485
7728,38.59486345117617
7729,38.50526334070508
7730,38.41697703547507
7731,38.32997903794262
7732,38.24425142841877
7733,38.15977638922285
7734,38.076536286539934
7735,37.99451367575481
7736,37.91369130707409
7737,37.81340220768237
7738,37.71462994206229
7739,37.61729501574514
7740,37.52137755927704
7741,37.42685737165323
7742,37.33371452419279
7743,37.24200736240818
7744,37.151630423157215
7745,37.06256905975079
7746,36.97480683892308
7747,36.888326786367934
7748,36.80311160669608
7749,36.71914385411245
7750,36.618862956060596
7751,36.51857931649761
7752,36.41829288692107
7753,36.318534708367196
7754,36.22023992213712
7755,36.12337802435337
7756,36.02792859680674
7757,35.93399174185253
7758,35.84141278712171
7759,35.75017926686569
7760,35.66027563739016
7761,35.57168531388012
7762,35.48439106240173
7763,35.3983752918744
7764,35.298152303553366
7765,35.197928226116865
7766,35.09770305321791
7767,34.99747668741047
7768,34.89724898088846
7769,34.797455490382916
7770,34.69912841599885
7771,34.60238117285489
7772,34.5070294535999
7773,34.4130619828087
7774,34.320463490098
7775,34.229217313599975
7776,34.13930594120364
7777,34.05071139535146
7778,33.963415492954724
7779,33.86328809121237
7780,33.763160845046485
7781,33.663033694126774
7782,33.562906527622395
7783,33.46277921268074
7784,33.36265161175419
7785,33.262523592558516
7786,33.16340698620807
7787,33.06572901948696
7788,32.96947077826936
7789,32.874615799952856
7790,32.78114637205536
7791,32.689044128505586
7792,32.598290401332854
7793,32.508866442643104
7794,32.40883271245055
7795,32.30879939720254
7796,32.20876648315919
7797,32.10873392199145
7798,32.008701650347675
7799,31.908669601325016
7800,31.808637710847915
7801,31.708633057779668
7802,31.60862896158106
7803,31.508892567964562
7804,31.410626410693602
7805,31.313797162020062
7806,31.218384333976676
7807,31.12436765117469
7808,31.03172718310747
7809,30.931726180044983
7810,30.831725122423258
7811,30.731723988755192
7812,30.631722773032354
7813,30.531721478167718
7814,30.43172011162985
7815,30.331718682708196
7816,30.23171720090936
7817,30.13159812387729
7818,30.031503348112288
7819,29.93142392713376
7820,29.831353890708993
7821,29.731289369583568
7822,29.632524830640012
7823,29.5352073819256
7824,29.439313933978475
7825,29.344823815856376
7826,29.244764775752312
7827,29.144705566357665
7828,29.044646146615165
7829,28.944586520974017
7830,28.844526716408485
7831,28.744466769083065
7832,28.644406716973116
7833,28.544346596078253
7834,28.44409388098104
7835,28.343880174325236
7836,28.24369057269369
7837,28.14351575214259
7838,28.043349963747758
7839,27.943189708326564
7840,27.84303288315727
7841,27.743385074215876
7842,27.645205243870123
7843,27.545053079450092
7844,27.44539120234205
7845,27.347196980191086
7846,27.250439531832345
7847,27.155098544897502
7848,27.061153911048706
7849,26.968585816581808
7850,26.877374731769674
7851,26.78750140405704
7852,26.698806069596724
7853,26.61144508349516
7854,26.52538557669296
7855,26.440601974013056
7856,26.357071930042032
7857,26.274775125012905
7858,26.193692535976787
7859,26.11380600562801
7860,26.035097987380865
7861,25.957551394170675
7862,25.881149508068503
7863,25.805875925502562
7864,25.731714523343395
7865,25.658649437250755
7866,25.586665047266752
7867,25.515745967728595
7868,25.445877039788254
7869,25.377043325532266
7870,25.309230103105282
7871,25.24239535472143
7872,25.176559759921147
7873,25.11170601741066
7874,25.047818644371212
7875,24.98488302488069
7876,24.9228851154007
7877,24.861811278149936
7878,24.801648187340323
7879,24.74238277553694
7880,24.684002202180235
7881,24.626493834414553
7882,24.699061097360023
7883,24.717626564479
7884,24.736508685136815
7885,24.75515919594361
7886,24.77358672748268
7887,24.791794222244054
7888,24.809784653802282
7889,24.82756097030317
7890,24.84512609377594
7891,24.862542769888357
7892,24.879739011687565
7893,24.89672452663338
7894,24.913505417979167
7895,24.930086322006787
7896,24.946471054582506
7897,24.96266296012186
7898,24.97866509967904
7899,24.994480353960633
7900,25.010111480873444
7901,25.025561148486673
7902,25.16535864815576
7903,25.30515108490167
7904,25.444939088736465
7905,25.584722788955318
7906,25.724502085799106
7907,25.864276781849046
7908,26.00404664394043
7909,26.143811430831814
7910,26.28357090421914
7911,26.42344363371002
7912,26.563287300470414
7913,26.70311198030334
7914,26.84292335371751
7915,26.982724658152897
7916,27.122517748891664
7917,27.262303685624108
7918,27.402083061548424
7919,27.541856190552156
7920,27.681623215119775
7921,27.821384169398645
7922,27.96113901657426
7923,28.100887671325086
7924,28.24063001348128
7925,28.380365896409657
7926,28.520095152175397
7927,28.65981759468953
7928,28.79953302156469
7929,28.93939921540018
7930,29.079232515934073
7931,29.219043833198526
7932,29.358839720297755
7933,29.498624103745456
7934,29.638399312856052
7935,29.778166699095358
7936,29.91792701173868
7937,30.05768062701749
7938,30.19742768841264
7939,30.3371681926957
7940,30.476902042665348
7941,30.61662907934603
7942,30.75634910147314
7943,30.89606187707997
7944,31.035767150159174
7945,31.17546464423741
7946,31.31533094594589
7947,31.455165257027662
7948,31.59497792681772
7949,31.734775428508456
7950,31.87456175800263
7951,32.01433932655424
7952,32.15410953217351
7953,32.2938731260514
7954,32.43363044756978
7955,32.57338157473922
7956,32.71312642005654
7957,32.85286479107741
7958,32.992596428165186
7959,33.13232102748588
7960,33.27203825448192
7961,33.411916623354976
7962,33.55176774799979
7963,33.6916003901828
7964,33.83142016887872
7965,33.97123061011128
7966,34.11103385441209
7967,34.25083113039493
7968,34.39062307027226
7969,34.530409919139
7970,34.67019167303142
7971,34.8099681692812
7972,34.94973914493774
7973,35.08950427383784
7974,35.2292631894229
7975,35.3690154980698
7976,35.50891393531964
7977,35.64879034961872
7978,35.78865190928282
7979,35.928503296979216
7980,36.06834748235554
7981,36.2081862697532
7982,36.348020679170745
7983,36.487851207938945
7984,36.62767800877994
7985,36.76750100992347
7986,36.90731999531726
7987,37.04713465743988
7988,37.18694463133521
7989,37.32674951579233
7990,37.466673616644606
7991,37.60658174934726
7992,37.74647928430435
7993,37.886369766310004
7994,38.02625544980619
7995,38.166137695234156
7996,38.30601725309206
7997,38.44589446323961
7998,38.585769392667615
7999,38.72564192959005
8000,38.8655118469307
8001,39.00537884450528
8002,39.14524257641256
8003,39.285192549420834
8004,39.425132357307724
8005,39.56506561296924
8006,39.7049947083649
8007,39.84492115769134
8008,39.98484586082743
8009,40.1247692963678
8010,40.26469165885116
8011,40.404612954289505
8012,40.54453306561075
8013,40.68445179684289
8014,40.82436890244913
8015,40.96434065938336
8016,41.10430689524508
8017,41.24426975534128
8018,41.38423065141102
8019,41.52419046392462
8020,41.66414970145827
8021,41.80410861897208
8022,41.944067302209504
8023,42.08402572627512
8024,42.22398379544272
8025,42.36394136972305
8026,42.50389828225914
8027,42.64388591499798
8028,42.783870961940984
8029,42.92385456033529
8030,43.06383745094128
8031,43.203820085999475
8032,43.343802716987895
8033,43.48378546058281
8034,43.623768345712925
8035,43.76375134586152
8036,43.90373440057794
8037,44.04371742943312
8038,44.18370034084148
8039,44.323697084776605
8040,44.46369297701764
8041,44.60368849594991
8042,44.743683940667765
8043,44.88367948132698
8044,45.023675201324906
8045,45.163671129078594
8046,45.303667260264724
8047,45.44366357247799
8048,45.58366003437206
8049,45.72365661104036
8050,45.86365623565927
8051,46.00365584167772
8052,46.14365551118036
8053,46.28365527526694
8054,46.423655132613625
8055,46.56365506469398
8056,46.70365504651696
8057,46.84365505326989
8058,46.983655063806516
8059,47.12365506197852
8060,47.26365503665234
8061,47.40365293650352
8062,47.54365091785625
8063,47.68364889226088
8064,47.82364677966043
8065,47.963644510468235
8066,48.10364202693914
8067,48.24363928334829
8068,48.383636245085256
8069,48.52363288699156
8070,48.663629191293126
8071,48.803622692242406
8072,48.94361596954501
8073,49.08360891666314
8074,49.223601446137195
8075,49.36359348668663
8076,49.50358498030309
8077,49.64357587931017
8078,49.783566143459616
8079,49.92355573715021
8080,50.06354462683646
8081,50.20353251023625
8082,50.34351973629954
8083,50.48350626327758
8084,50.623492051486174
8085,50.763477061346265
8086,50.903461251618275
8087,51.04344457780331
8088,51.18342699067529
8089,51.323408434900614
8090,51.463388847696436
8091,51.60337132041858
8092,51.74335271563775
8093,51.883333087800494
8094,52.0233124643947
8095,52.16329084779397
8096,52.30326821721042
8097,52.44324453048095
8098,52.583219725516805
8099,52.72319372131489
8100,52.86316641846962
8101,53.003144628756196
8102,53.143121419616676
8103,53.283096946355506
8104,53.423071305896194
8105,53.5630445430374
8106,53.703016656776654
8107,53.842987606007355
8108,53.9829573142268
8109,54.122925673098095
8110,54.26290201906884
8111,54.402876869267565
8112,54.54285045182527
8113,54.68282291239158
8114,54.82279432467198
8115,54.96276470081997
8116,55.1027340006494
8117,55.24270213918085
8118,55.38266899236703
8119,55.522645442888546
8120,55.66262044868308
8121,55.80259427640117
8122,55.94256709706748
8123,56.08253899908394
8124,56.22251000101875
8125,56.36248006288926
8126,56.50244909534927
8127,56.642416966616395
8128,56.78239514536432
8129,56.922372018243216
8130,57.06234786543132
8131,57.20232286707708
8132,57.34229711728268
8133,57.48227063794265
8134,57.6222433909572
8135,57.76221528814051
8136,57.90218619863581
8137,58.04216728114705
8138,58.1821472654996
8139,58.32212642216915
8140,58.46210492490141
8141,58.60208286450826
8142,58.742060262622005
8143,58.88203708384426
8144,59.02201324555992
8145,59.161998029237296
8146,59.301982089662495
8147,59.44196565735176
8148,59.58194887597433
8149,59.72193181656785
8150,59.86191449118205
8151,60.00189686462365
8152,60.141878863749795
8153,60.281860384231265
8154,60.42184928407387
8155,60.561837640157734
8156,60.70182563375913
8157,60.84181337884628
8158,60.98180093256093
8159,61.12178830557316
8160,61.26177547112994
8161,61.40176237225302
8162,61.54175473489684
8163,61.68174681124251
8164,61.82173873989892
8165,61.96173060560153
8166,62.10172244875158
8167,62.24171427460128
8168,62.381706061134686
8169,62.52169776523963
8170,62.66169319526308
8171,62.801688519377436
8172,62.941683825012554
8173,63.08167916313847
8174,63.22167455553386
8175,63.36167000159616
8176,63.50166548406402
8177,63.64166097341058
8178,63.78165871326707
8179,63.92165643965451
8180,64.06165420180723
8181,64.20165202697487
8182,64.34164992532632
8183,64.48164789448572
8184,64.62164592329937
8185,64.76164399469079
8186,64.90164318567743
8187,65.04164240252841
8188,65.18164166720075
8189,65.32164099015345
8190,65.46164037338755
8191,65.60163981321048
8192,65.74163930249242
8193,65.8816391425556
8194,66.02163901505585
8195,66.16163892265816
8196,66.30163886305522
8197,66.44163883091014
8198,66.58163881948514
8199,66.72163882186489
8200,66.8616388317719
8201,67.00163876587091
8202,67.14163869199838
8203,67.28163860305509
8204,67.42163849138414
8205,67.56163834936959
8206,67.70163816985601
8207,67.84163794637635
8208,67.98163753436293
8209,68.12163706691923
8210,68.26163653406118
8211,68.40163592618178
8212,68.54163523404202
8213,68.68163444864918
8214,68.82163356102845
8215,68.96163256189709
8216,69.1016314612627
8217,69.24163024523482
8218,69.38162890571815
8219,69.52162743383315
8220,69.6616258194898
8221,69.80162405091404
8222,69.94162211411484
8223,70.08162030852402
8224,70.22161833877
8225,70.36161620164438
8226,70.501613891003
8227,70.64161139721278
8228,70.78160870660065
8229,70.92160580085454
8230,71.06160331574847
8231,71.20160062949537
8232,71.34159774541033
8233,71.48159466108237
8234,71.62159136786948
8235,71.76158785043451
8236,71.90158408621934
8237,72.04158104010497
8238,72.18157777090994
8239,72.3215742882104
8240,72.46157059302415
8241,72.60156667746895
8242,72.74156252448046
8243,72.88155810743172
8244,73.02155467689107
8245,73.16155101476733
8246,73.30154713588581
8247,73.4415430440621
8248,73.58153873195987
8249,73.72153418101318
8250,73.86152936120297
8251,74.00152574326327
8252,74.14152189686314
8253,74.28151784088566
8254,74.42151358133232
8255,74.56150911137243
8256,74.70150441145466
8257,74.84150090221335
8258,74.98149720985955
8259,75.1214933577419
8260,75.26148935529207
8261,75.4014851986242
8262,75.54148087118426
8263,75.68147634417844
8264,75.82147157657243
8265,75.96146651449408
8266,76.10146108988312
8267,76.24145521820904
8268,76.38144879501385
8269,76.52144169091785
8270,76.66143374452969
8271,76.80142475238593
8272,76.94141445453182
8273,77.08140251350606
8274,77.22138848304351
8275,77.36137176025282
8276,77.50135151033716
8277,77.64132654395209
8278,77.78129510926779
8279,77.92125452252142
8280,78.06120047409694
8281,78.2011256348766
8282,78.34101661751588
8283,78.48084663040461
8284,78.62055518052587
8285,78.75998091207728
8286,78.89857375283793
8287,79.0335354214023
8288,79.13344376200256
8289,79.2745719820826
